-- phpMyAdmin SQL Dump
-- version 3.5.8.1deb1
-- http://www.phpmyadmin.net
--
-- Host: localhost
-- Generation Time: Nov 12, 2013 at 11:08 AM
-- Server version: 5.5.32-0ubuntu0.13.04.1
-- PHP Version: 5.4.9-4ubuntu2.3

SET SQL_MODE="NO_AUTO_VALUE_ON_ZERO";
SET time_zone = "+00:00";


/*!40101 SET @OLD_CHARACTER_SET_CLIENT=@@CHARACTER_SET_CLIENT */;
/*!40101 SET @OLD_CHARACTER_SET_RESULTS=@@CHARACTER_SET_RESULTS */;
/*!40101 SET @OLD_COLLATION_CONNECTION=@@COLLATION_CONNECTION */;
/*!40101 SET NAMES utf8 */;

--
-- Database: `partisk`
--

-- --------------------------------------------------------

--
-- Table structure for table `answers`
--

CREATE TABLE IF NOT EXISTS `answers` (
  `id` int(11) NOT NULL AUTO_INCREMENT,
  `party_id` int(11) NOT NULL,
  `answer` varchar(20) CHARACTER SET latin1 NOT NULL,
  `question_id` int(11) NOT NULL,
  `source` text COLLATE utf8_swedish_ci NOT NULL,
  `date` timestamp NOT NULL DEFAULT CURRENT_TIMESTAMP ON UPDATE CURRENT_TIMESTAMP,
  `created_by` int(11) NOT NULL,
  `deleted` tinyint(1) NOT NULL DEFAULT '0',
  `updated_by` int(11) DEFAULT NULL,
  `created_date` timestamp NOT NULL DEFAULT '0000-00-00 00:00:00',
  `updated_date` timestamp NULL DEFAULT NULL,
  `description` text COLLATE utf8_swedish_ci,
  `approved` tinyint(1) NOT NULL DEFAULT '0',
  `approved_by` int(11) NOT NULL,
  `approved_date` timestamp NOT NULL DEFAULT '0000-00-00 00:00:00',
  PRIMARY KEY (`id`)
) ENGINE=InnoDB  DEFAULT CHARSET=utf8 COLLATE=utf8_swedish_ci AUTO_INCREMENT=212 ;

--
-- Dumping data for table `answers`
--

INSERT INTO `answers` (`id`, `party_id`, `answer`, `question_id`, `source`, `date`, `created_by`, `deleted`, `updated_by`, `created_date`, `updated_date`, `description`, `approved`, `approved_by`, `approved_date`) VALUES
(7, 4, 'ja', 14, 'http://politik.piratpartiet.se/patent-2/', '2013-09-14 22:00:00', 2, 0, NULL, '2013-10-21 12:35:49', NULL, NULL, 0, 0, '0000-00-00 00:00:00'),
(8, 4, 'ja', 15, 'http://politik.piratpartiet.se/fra/', '2013-09-14 22:00:00', 2, 0, NULL, '2013-10-21 12:35:49', NULL, NULL, 0, 0, '0000-00-00 00:00:00'),
(10, 2, 'nej', 17, 'http://www.moderat.se/eu/euron', '2013-09-14 22:00:00', 2, 0, NULL, '2013-10-21 12:35:49', NULL, NULL, 0, 0, '0000-00-00 00:00:00'),
(11, 3, 'ja', 17, 'http://www.folkpartiet.se/var-politik/var-politik-a-o/euro/', '2013-09-14 22:00:00', 2, 0, NULL, '2013-10-21 12:35:49', NULL, NULL, 0, 0, '0000-00-00 00:00:00'),
(12, 9, 'nej', 17, 'http://www.mp.se/politik/eu-och-euro', '2013-09-14 22:00:00', 2, 0, NULL, '2013-10-21 12:35:49', NULL, NULL, 0, 0, '0000-00-00 00:00:00'),
(13, 4, 'nej', 17, 'http://politik.piratpartiet.se/eu/', '2013-09-14 22:00:00', 2, 0, NULL, '2013-10-21 12:35:49', NULL, NULL, 0, 0, '0000-00-00 00:00:00'),
(14, 6, 'nej', 17, 'http://kristdemokraterna.se/VarPolitik/Korta-Svar-AO/Euron/', '2013-09-14 22:00:00', 2, 0, NULL, '2013-10-21 12:35:49', NULL, NULL, 0, 0, '0000-00-00 00:00:00'),
(15, 5, 'nej', 17, 'http://www.centerpartiet.se/Centerpolitik/Politikomraden/EU/Politik-A---O/EMU/', '2013-09-14 22:00:00', 2, 0, NULL, '2013-10-21 12:35:49', NULL, NULL, 0, 0, '0000-00-00 00:00:00'),
(16, 8, 'nej', 17, 'https://sverigedemokraterna.se/?page_id=11454', '2013-09-14 22:00:00', 2, 0, NULL, '2013-10-21 12:35:49', NULL, NULL, 0, 0, '0000-00-00 00:00:00'),
(18, 7, 'nej', 17, 'http://www.vansterpartiet.se/politik/euron-2/', '2013-09-14 22:00:00', 2, 0, NULL, '2013-10-21 12:35:49', NULL, NULL, 0, 0, '0000-00-00 00:00:00'),
(19, 7, 'nej', 18, 'http://www.vansterpartiet.se/politik/', '2013-09-14 22:00:00', 2, 0, NULL, '2013-10-21 12:35:49', NULL, NULL, 0, 0, '0000-00-00 00:00:00'),
(20, 7, 'ja', 19, 'http://www.vansterpartiet.se/politik/abort/', '2013-09-14 22:00:00', 2, 0, NULL, '2013-10-21 12:35:49', NULL, NULL, 0, 0, '0000-00-00 00:00:00'),
(21, 7, 'ja', 20, 'http://www.riksdagen.se/sv/Dokument-Lagar/Forslag/Motioner/Barnfattigdom_H102-8255882D-BC55-440F-914F-8B5C4C20EA21/?text=true', '2013-09-14 22:00:00', 2, 0, 2, '2013-10-21 12:35:49', '2013-10-22 19:47:08', '"Riksdagen beslutar vad som anförs i motionen om att riksnormen för försörjningsstöd bör höjas med 300 kronor i månaden per barn."', 0, 0, '0000-00-00 00:00:00'),
(22, 7, 'ja', 21, 'http://www.vansterpartiet.se/politik/dodshjalp/', '2013-09-14 22:00:00', 2, 0, NULL, '2013-10-21 12:35:49', NULL, NULL, 0, 0, '0000-00-00 00:00:00'),
(23, 7, 'nej', 22, 'http://www.vansterpartiet.se/politik/abort/', '2013-09-14 22:00:00', 2, 0, 2, '2013-10-21 12:35:49', '2013-10-22 19:45:40', '"Vänsterpartiet vill även att möjligheten till dispens för barn under 18 år att ingå äktenskap ska tas bort."', 0, 0, '0000-00-00 00:00:00'),
(24, 6, 'ja', 19, 'http://kristdemokraterna.se/VarPolitik/Korta-Svar-AO/Abort/', '2013-09-14 22:00:00', 2, 0, NULL, '2013-10-21 12:35:49', NULL, NULL, 0, 0, '0000-00-00 00:00:00'),
(25, 8, 'nej', 23, 'https://sverigedemokraterna.se/?page_id=10893', '2013-09-14 22:00:00', 2, 0, NULL, '2013-10-21 12:35:49', NULL, NULL, 0, 0, '0000-00-00 00:00:00'),
(26, 8, 'ja', 24, 'https://sverigedemokraterna.se/?page_id=10893', '2013-09-14 22:00:00', 2, 0, NULL, '2013-10-21 12:35:49', NULL, NULL, 0, 0, '0000-00-00 00:00:00'),
(27, 3, 'ja', 19, 'http://www.folkpartiet.se/var-politik/var-politik-a-o/abort/', '2013-09-14 22:00:00', 2, 0, NULL, '2013-10-21 12:35:49', NULL, NULL, 0, 0, '0000-00-00 00:00:00'),
(28, 3, 'ja', 25, 'http://www.folkpartiet.se/var-politik/var-politik-a-o/karnkraft/', '2013-09-14 22:00:00', 2, 0, NULL, '2013-10-21 12:35:49', NULL, NULL, 0, 0, '0000-00-00 00:00:00'),
(29, 3, 'nej', 26, 'http://www.folkpartiet.se/var-politik/var-politik-a-o/karnkraft/', '2013-09-14 22:00:00', 2, 0, NULL, '2013-10-21 12:35:49', NULL, NULL, 0, 0, '0000-00-00 00:00:00'),
(30, 3, 'ja', 27, 'http://www.folkpartiet.se/var-politik/var-politik-a-o/nato/', '2013-09-14 22:00:00', 2, 0, NULL, '2013-10-21 12:35:49', NULL, NULL, 0, 0, '0000-00-00 00:00:00'),
(31, 6, 'nej', 28, 'http://kristdemokraterna.se/VarPolitik/Korta-Svar-AO/Gardsforsaljning/', '2013-09-14 22:00:00', 2, 0, NULL, '2013-10-21 12:35:49', NULL, NULL, 0, 0, '0000-00-00 00:00:00'),
(32, 6, 'ja', 29, 'http://kristdemokraterna.se/VarPolitik/Korta-Svar-AO/Modersmalsundervisning/', '2013-09-14 22:00:00', 2, 0, NULL, '2013-10-21 12:35:49', NULL, NULL, 0, 0, '0000-00-00 00:00:00'),
(33, 5, 'ja', 19, 'http://www.centerpartiet.se/Centerpolitik/Politikomraden/Sociala-fragor-vard-och-omsorg/Politik-A---', '2013-09-14 22:00:00', 2, 0, NULL, '2013-10-21 12:35:49', NULL, NULL, 0, 0, '0000-00-00 00:00:00'),
(34, 5, 'ja', 30, 'http://www.centerpartiet.se/Centerpolitik/Politikomraden/Infrastruktur-och-trafik/Politik-A---O/Alko', '2013-09-14 22:00:00', 2, 0, NULL, '2013-10-21 12:35:49', NULL, NULL, 0, 0, '0000-00-00 00:00:00'),
(35, 5, 'ja', 31, 'http://www.centerpartiet.se/Centerpolitik/Politikomraden/Sociala-fragor-vard-och-omsorg/Politik-A---', '2013-09-14 22:00:00', 2, 0, NULL, '2013-10-21 12:35:49', NULL, NULL, 0, 0, '0000-00-00 00:00:00'),
(36, 5, '6', 32, 'http://www.centerpartiet.se/Centerpolitik/Politikomraden/Skola-och-utbildning/Politik-A---O/Betyg/', '2013-09-14 22:00:00', 2, 0, 2, '2013-10-21 12:35:49', '2013-10-22 20:16:37', '"Centerpartiet har tillsammans med Alliansen [...] infört en ny betygsskala i sex steg och eleverna får nu betyg från år 6"', 0, 0, '0000-00-00 00:00:00'),
(37, 5, 'ja', 21, 'http://www.centerpartiet.se/Centerpolitik/Politikomraden/Sociala-fragor-vard-och-omsorg/Politik-A---', '2013-09-14 22:00:00', 2, 0, NULL, '2013-10-21 12:35:49', NULL, NULL, 0, 0, '0000-00-00 00:00:00'),
(38, 1, 'ja', 19, 'http://www.socialdemokraterna.se/Webben-for-alla/S-kvinnor/S-kvinnor/Var-politik/Var-politik-A-O/Abort/', '2013-09-04 22:00:00', 2, 0, 2, '2013-10-21 12:35:49', '2013-10-22 08:24:55', '', 0, 0, '0000-00-00 00:00:00'),
(39, 8, 'ja', 19, 'http://sverigedemokraterna.se/?page_id=10893', '2013-09-14 22:00:00', 2, 0, NULL, '2013-10-21 12:35:49', NULL, NULL, 0, 0, '0000-00-00 00:00:00'),
(40, 2, 'ja', 19, 'http://www.moderat.se/debatt/ulrika-karlsson-orovackande-utveckling-i-synen-pa-abort-i-europa', '2012-10-14 22:00:00', 2, 0, NULL, '2013-10-21 12:35:49', NULL, NULL, 0, 0, '0000-00-00 00:00:00'),
(41, 1, '6', 32, 'http://www.socialdemokraterna.se/Var-politik/Var-politik-A-till-O/Skola/Betyg/', '2013-05-15 22:00:00', 2, 0, 2, '2013-10-21 12:35:49', '2013-10-22 20:14:20', '"Betyg i grundskolan ska finnas från årskurs 6"', 0, 0, '0000-00-00 00:00:00'),
(42, 2, '6', 32, 'http://www.moderat.se/skola-och-utbildning/grundskolan', '2012-07-11 22:00:00', 2, 0, 2, '2013-10-21 12:35:49', '2013-10-22 20:15:38', '"Dessutom har ett nytt betygssystem införts och från och med hösten 2012 ges betyg från årskurs 6."', 0, 0, '0000-00-00 00:00:00'),
(43, 3, '4', 32, 'http://www.folkpartiet.se/var-politik/var-politik-a-o/betyg/', '2013-09-14 22:00:00', 2, 0, 2, '2013-10-21 12:35:49', '2013-10-22 20:15:59', '"Vi vill [...] Införa betyg från åk 4"', 0, 0, '0000-00-00 00:00:00'),
(44, 6, '6', 32, 'http://kristdemokraterna.se/VarPolitik/Korta-Svar-AO/Betyg/', '2013-07-03 22:00:00', 2, 0, 2, '2013-10-21 12:35:49', '2013-10-22 20:18:06', '"Från höstterminen 2012 infördes betyg från årskurs sex, det tycker vi är bra för att tydliggöra kunskapsmål."', 0, 0, '0000-00-00 00:00:00'),
(45, 7, '9', 32, 'http://www.vansterpartiet.se/politik/betyg-2/', '2013-09-14 22:00:00', 2, 0, 2, '2013-10-21 12:35:49', '2013-10-22 20:16:57', '"Den typ av betyg vi istället vill se är ett intyg och omdöme som en elev får med sig efter att ha avslutat en utbildning och det första betyget ska då ges i årskurs 9."', 0, 0, '0000-00-00 00:00:00'),
(46, 8, '4', 32, 'http://www.riksdagen.se/sv/Dokument-Lagar/Forslag/Motioner/Betyg-fran-arskurs-4_GZ02Ub507/?text=true', '2011-10-02 22:00:00', 2, 0, 2, '2013-10-21 12:35:49', '2013-10-22 20:17:48', '"Vi menar dels att betyg skall införas redan i årskurs 4 i grundskolan [...]"', 0, 0, '0000-00-00 00:00:00'),
(47, 1, 'ja', 30, 'http://www.socialdemokraterna.se/Webben-for-alla/Partidistrikt/Kalmar/MediaN/Nyhetsarkiv/Alkolas-kan', '2009-05-25 22:00:00', 2, 0, NULL, '2013-10-21 12:35:49', NULL, NULL, 0, 0, '0000-00-00 00:00:00'),
(49, 3, 'nej', 22, 'http://www.folkpartiet.se/var-politik/var-politik-a-o/aktenskap/', '2013-09-14 22:00:00', 2, 0, 2, '2013-10-21 12:35:49', '2013-10-22 19:45:16', '"Dispensmöjligheten att ingå äktenskap före 18 års ålder bör avskaffas."', 0, 0, '0000-00-00 00:00:00'),
(50, 1, 'ja', 29, 'http://www.socialdemokraterna.se/Webben-for-alla/S-kvinnor/S-kvinnor-i-Jonkopings-lan/Var-Politik/A-', '2008-10-04 22:00:00', 2, 0, NULL, '2013-10-21 12:35:49', NULL, NULL, 0, 0, '0000-00-00 00:00:00'),
(51, 3, 'ja', 29, 'http://www.folkpartiet.se/var-politik/var-politik-a-o/modersmalsundervisning/', '2013-09-14 22:00:00', 2, 0, NULL, '2013-10-21 12:35:49', NULL, NULL, 0, 0, '0000-00-00 00:00:00'),
(52, 6, 'ja', 29, 'http://kristdemokraterna.se/VarPolitik/Korta-Svar-AO/Modersmalsundervisning/', '2013-04-14 22:00:00', 2, 0, NULL, '2013-10-21 12:35:49', NULL, NULL, 0, 0, '0000-00-00 00:00:00'),
(53, 8, 'nej', 29, 'http://sverigedemokraterna.se/?page_id=10893', '2013-09-14 22:00:00', 2, 0, NULL, '2013-10-21 12:35:49', NULL, NULL, 0, 0, '0000-00-00 00:00:00'),
(54, 1, 'ja', 15, 'http://www.socialdemokraterna.se/Webben-for-alla/Partidistrikt/Goteborg/Politik/Var-politik-A-till-O', '2013-10-27 10:36:40', 2, 1, 2, '2013-10-21 12:35:49', NULL, NULL, 0, 0, '0000-00-00 00:00:00'),
(55, 2, 'nej', 15, 'http://www.moderat.se/forsvar-och-krisberedskap/signalspaning', '2012-06-26 22:00:00', 2, 0, NULL, '2013-10-21 12:35:49', NULL, NULL, 0, 0, '0000-00-00 00:00:00'),
(56, 3, 'nej', 15, 'http://www.folkpartiet.se/var-politik/var-politik-a-o/fra-forsvarets-radioanstalt/', '2010-12-16 23:00:00', 2, 0, NULL, '2013-10-21 12:35:49', NULL, NULL, 0, 0, '0000-00-00 00:00:00'),
(57, 5, 'nej', 15, 'http://www.centerpartiet.se/Nyheter/Arkiv-2007/Annie-om-signalspaning/', '2007-02-07 23:00:00', 2, 0, NULL, '2013-10-21 12:35:49', NULL, NULL, 0, 0, '0000-00-00 00:00:00'),
(58, 6, 'nej', 15, 'http://www.overtornea.kristdemokraterna.se/web-Overtornea-content/web-Overtornea-leftmenu/FOV16-0002', '2013-09-14 22:00:00', 2, 0, NULL, '2013-10-21 12:35:49', NULL, NULL, 0, 0, '0000-00-00 00:00:00'),
(59, 1, 'nej', 15, 'http://www.dn.se/Pages/Article.aspx?id=1034640&epslanguage=sv', '2013-09-09 22:00:00', 2, 0, NULL, '2013-10-21 12:35:49', NULL, NULL, 0, 0, '0000-00-00 00:00:00'),
(60, 7, 'ja', 15, 'http://www.vansterpartiet.se/v-och-mp-motsatter-sig-okad-signalspaning/', '2012-11-27 23:00:00', 2, 0, NULL, '2013-10-21 12:35:49', NULL, NULL, 0, 0, '0000-00-00 00:00:00'),
(61, 9, 'ja', 15, 'http://www.mp.se/politik/internet-och-integritet', '2013-09-14 22:00:00', 2, 0, NULL, '2013-10-21 12:35:49', NULL, NULL, 0, 0, '0000-00-00 00:00:00'),
(62, 1, 'nej', 28, 'http://www.socialdemokraterna.se/Var-politik/Var-politik-A-till-O/Sociala-fragor/Alkohol/', '2013-06-09 22:00:00', 2, 0, NULL, '2013-10-21 12:35:49', NULL, NULL, 0, 0, '0000-00-00 00:00:00'),
(63, 2, 'ja', 28, 'http://www.moderat.se/sundsvall/alkohol-och-narkotikafragor', '2013-01-14 23:00:00', 2, 0, NULL, '2013-10-21 12:35:49', NULL, NULL, 0, 0, '0000-00-00 00:00:00'),
(64, 3, 'nej', 28, 'http://www.folkpartiet.se/var-politik/var-politik-a-o/alkohol/', '2013-09-14 22:00:00', 2, 0, NULL, '2013-10-21 12:35:49', NULL, NULL, 0, 0, '0000-00-00 00:00:00'),
(65, 5, 'ja', 28, 'http://www.centerpartiet.se/Centerpolitik/Politikomraden/Jobb-och-arbetsliv/Politik-A---O/Gardsforsa', '2013-09-14 22:00:00', 2, 0, NULL, '2013-10-21 12:35:49', NULL, NULL, 0, 0, '0000-00-00 00:00:00'),
(66, 8, 'ja', 28, 'https://sverigedemokraterna.se/?p=4043‎', '2013-09-14 22:00:00', 2, 0, NULL, '2013-10-21 12:35:49', NULL, NULL, 0, 0, '0000-00-00 00:00:00'),
(67, 9, 'nej', 28, 'http://www.newsmill.se/artikel/2012/03/23/folkh-lsan-m-ste-g-f-re-g-rdsf-rs-ljning', '2012-03-24 23:00:00', 2, 0, NULL, '2013-10-21 12:35:49', NULL, NULL, 0, 0, '0000-00-00 00:00:00'),
(68, 1, 'ja', 26, 'http://www.socialdemokraterna.se/Var-politik/Var-politik-A-till-O/Energi/Karnkraft/', '2013-06-11 22:00:00', 2, 0, NULL, '2013-10-21 12:35:49', NULL, NULL, 0, 0, '0000-00-00 00:00:00'),
(69, 1, 'nej', 25, 'http://www.socialdemokraterna.se/Var-politik/Var-politik-A-till-O/Energi/Karnkraft/', '2013-06-11 22:00:00', 2, 0, NULL, '2013-10-21 12:35:49', NULL, NULL, 0, 0, '0000-00-00 00:00:00'),
(70, 2, 'nej', 26, 'http://www.moderat.se/sundsvall/energi', '2013-01-14 23:00:00', 2, 0, NULL, '2013-10-21 12:35:49', NULL, NULL, 0, 0, '0000-00-00 00:00:00'),
(71, 2, 'ja', 25, 'http://www.moderat.se/sundsvall/energi', '2013-01-14 23:00:00', 2, 0, NULL, '2013-10-21 12:35:49', NULL, NULL, 0, 0, '0000-00-00 00:00:00'),
(72, 5, 'ja', 26, 'http://www.centerpartiet.se/Centerpolitik/Politikomraden/Miljo-energi-och-klimat/Politik-A---O/Karnk', '2013-09-14 22:00:00', 2, 0, NULL, '2013-10-21 12:35:49', NULL, NULL, 0, 0, '0000-00-00 00:00:00'),
(73, 5, 'nej', 25, 'http://www.centerpartiet.se/Centerpolitik/Politikomraden/Miljo-energi-och-klimat/Politik-A---O/Karnk', '2013-09-14 22:00:00', 2, 0, NULL, '2013-10-21 12:35:49', NULL, NULL, 0, 0, '0000-00-00 00:00:00'),
(74, 6, 'nej', 26, 'http://kristdemokraterna.se/VarPolitik/Politikomraden/Miljo-och-energi/', '2012-09-26 22:00:00', 2, 0, NULL, '2013-10-21 12:35:49', NULL, NULL, 0, 0, '0000-00-00 00:00:00'),
(75, 7, 'ja', 26, 'http://www.vansterpartiet.se/fordjupning/energi-fordjupning/', '2013-09-14 22:00:00', 2, 0, NULL, '2013-10-21 12:35:49', NULL, NULL, 0, 0, '0000-00-00 00:00:00'),
(76, 7, 'nej', 25, 'http://www.vansterpartiet.se/fordjupning/energi-fordjupning/', '2013-09-14 22:00:00', 2, 0, NULL, '2013-10-21 12:35:49', NULL, NULL, 0, 0, '0000-00-00 00:00:00'),
(77, 9, 'ja', 26, 'http://www.mp.se/politik/karnkraft', '2013-09-14 22:00:00', 2, 0, NULL, '2013-10-21 12:35:49', NULL, NULL, 0, 0, '0000-00-00 00:00:00'),
(78, 9, 'nej', 25, 'http://www.mp.se/politik/karnkraft', '2013-09-14 22:00:00', 2, 0, NULL, '2013-10-21 12:35:49', NULL, NULL, 0, 0, '0000-00-00 00:00:00'),
(79, 8, 'nej', 26, 'http://sverigedemokraterna.se/?page_id=10893', '2013-09-14 22:00:00', 2, 0, NULL, '2013-10-21 12:35:49', NULL, NULL, 0, 0, '0000-00-00 00:00:00'),
(80, 8, 'ja', 25, 'http://sverigedemokraterna.se/?page_id=10893', '2013-09-14 22:00:00', 2, 0, NULL, '2013-10-21 12:35:49', NULL, NULL, 0, 0, '0000-00-00 00:00:00'),
(81, 1, 'ja', 31, 'http://www.socialdemokraterna.se/Webben-for-alla/Partidistrikt/Goteborg/Politik/Var-politik-A-till-O', '2010-09-13 22:00:00', 2, 0, NULL, '2013-10-21 12:35:49', NULL, NULL, 0, 0, '0000-00-00 00:00:00'),
(82, 3, 'ja', 31, 'http://www.folkpartiet.se/var-politik/var-politik-a-o/apoteksmarknaden/', '2013-09-14 22:00:00', 2, 0, NULL, '2013-10-21 12:35:49', NULL, NULL, 0, 0, '0000-00-00 00:00:00'),
(83, 5, 'ja', 31, 'http://www.centerpartiet.se/Centerpolitik/Politikomraden/Sociala-fragor-vard-och-omsorg/Politik-A---', '2013-09-14 22:00:00', 2, 0, NULL, '2013-10-21 12:35:49', NULL, NULL, 0, 0, '0000-00-00 00:00:00'),
(84, 3, 'nej', 21, 'http://www.folkpartiet.se/var-politik/var-politik-a-o/dodshjalp/', '2013-09-14 22:00:00', 2, 0, NULL, '2013-10-21 12:35:49', NULL, NULL, 0, 0, '0000-00-00 00:00:00'),
(85, 5, 'nej', 21, 'http://www.centerpartiet.se/Centerpolitik/Politikomraden/Sociala-fragor-vard-och-omsorg/Politik-A---', '2013-09-14 22:00:00', 2, 0, NULL, '2013-10-21 12:35:49', NULL, NULL, 0, 0, '0000-00-00 00:00:00'),
(86, 6, 'nej', 21, 'http://kristdemokraterna.se/VarPolitik/Korta-Svar-AO/Dodshjalp/', '2013-04-14 22:00:00', 2, 0, NULL, '2013-10-21 12:35:49', NULL, NULL, 0, 0, '0000-00-00 00:00:00'),
(87, 1, 'nej', 21, 'http://www.svt.se/nyheter/sverige/partier-sager-nej-till-aktiv-dodshjalp', '2010-04-06 22:00:00', 2, 0, NULL, '2013-10-21 12:35:49', NULL, NULL, 0, 0, '0000-00-00 00:00:00'),
(88, 2, 'nej', 21, 'http://www.svt.se/nyheter/sverige/partier-sager-nej-till-aktiv-dodshjalp', '2010-04-06 22:00:00', 2, 0, NULL, '2013-10-21 12:35:49', NULL, NULL, 0, 0, '0000-00-00 00:00:00'),
(89, 9, 'nej', 21, 'http://www.svt.se/nyheter/sverige/partier-sager-nej-till-aktiv-dodshjalp', '2010-04-06 22:00:00', 2, 0, NULL, '2013-10-21 12:35:49', NULL, NULL, 0, 0, '0000-00-00 00:00:00'),
(90, 1, 'nej', 27, 'http://www.socialdemokraterna.se/Internationellt/Arkiv/Gamla-internationella-A-O/NATO/', '2013-09-15 22:00:00', 2, 0, NULL, '2013-10-21 12:35:49', NULL, NULL, 0, 0, '0000-00-00 00:00:00'),
(91, 2, 'ja', 27, 'http://www.moderat.se/sundsvall/forsvaret', '2013-01-14 23:00:00', 2, 0, NULL, '2013-10-21 12:35:49', NULL, NULL, 0, 0, '0000-00-00 00:00:00'),
(92, 5, 'nej', 27, 'http://www.centerpartiet.se/Centerpolitik/Politikomraden/Forsvars--och-sakerhetspolitik/Politik-A---', '2013-09-15 22:00:00', 2, 0, NULL, '2013-10-21 12:35:49', NULL, NULL, 0, 0, '0000-00-00 00:00:00'),
(93, 6, 'nej', 27, 'http://www.kristdemokraterna.se/VarPolitik/Korta-Svar-AO/Nato/', '2013-04-14 22:00:00', 2, 0, NULL, '2013-10-21 12:35:49', NULL, NULL, 0, 0, '0000-00-00 00:00:00'),
(94, 7, 'nej', 27, 'http://www.vansterpartiet.se/politik/forsvaret/', '2013-09-15 22:00:00', 2, 0, NULL, '2013-10-21 12:35:49', NULL, NULL, 0, 0, '0000-00-00 00:00:00'),
(95, 8, 'nej', 27, 'http://sverigedemokraterna.se/?page_id=10893', '2013-09-15 22:00:00', 2, 0, NULL, '2013-10-21 12:35:49', NULL, NULL, 0, 0, '0000-00-00 00:00:00'),
(96, 9, 'nej', 27, 'http://www.mp.se/karlskrona/just-nu/ja-till-fred-nej-till-nato', '2013-09-15 22:00:00', 2, 0, NULL, '2013-10-21 12:35:49', NULL, NULL, 0, 0, '0000-00-00 00:00:00'),
(97, 5, 'nej', 24, 'http://www.centerpartiet.se/Centerpolitik/Politikomraden/Infrastruktur-och-trafik/Politik-A---O/Jarn', '2013-09-15 22:00:00', 2, 0, NULL, '2013-10-21 12:35:49', NULL, NULL, 0, 0, '0000-00-00 00:00:00'),
(98, 5, 'ja', 23, 'http://www.centerpartiet.se/Centerpolitik/Politikomraden/Utrikes--och-bistandsfragor/Politik-A---O/E', '2013-09-15 22:00:00', 2, 0, NULL, '2013-10-21 12:35:49', NULL, NULL, 0, 0, '0000-00-00 00:00:00'),
(99, 3, 'ja', 23, 'http://www.folkpartiet.se/vara-politiker/cecilia-malmstrom/nar-jag-var-eu-minister/artiklar/turkiet-', '2004-10-17 22:00:00', 2, 0, NULL, '2013-10-21 12:35:49', NULL, NULL, 0, 0, '0000-00-00 00:00:00'),
(100, 2, 'ja', 18, 'http://www.moderat.se/debatt/vinstforbud-vore-ett-misstag', '2012-08-06 22:00:00', 2, 0, NULL, '2013-10-21 12:35:49', NULL, NULL, 0, 0, '0000-00-00 00:00:00'),
(101, 7, 'nej', 18, 'http://www.dn.se/nyheter/sverige/v-kraver-stopp-for-vinster-i-valfarden/', '2013-08-17 22:00:00', 2, 0, NULL, '2013-10-21 12:35:49', NULL, NULL, 0, 0, '0000-00-00 00:00:00'),
(102, 9, 'nej', 18, 'http://www.mp.se/haninge/just-nu/forbud-mot-vinster-i-valfarden-beslutad-pa-kongressen', '2013-09-15 22:00:00', 2, 0, NULL, '2013-10-21 12:35:49', NULL, NULL, 0, 0, '0000-00-00 00:00:00'),
(124, 1, 'ja', 14, 'http://www.folkpartiet.se/var-politik/var-politik-a-o/abort/', '2013-10-20 13:24:38', 2, 0, NULL, '2013-10-21 12:35:49', NULL, NULL, 0, 0, '0000-00-00 00:00:00'),
(125, 4, 'svar1', 47, 'dsa', '2013-09-30 22:00:00', 2, 0, 2, '2013-10-21 18:02:22', '2013-10-21 19:29:51', NULL, 0, 0, '0000-00-00 00:00:00'),
(126, 1, 'svar2', 47, 'dsadsa', '2013-11-01 22:41:53', 2, 1, 2, '2013-10-21 18:02:44', NULL, NULL, 0, 0, '0000-00-00 00:00:00'),
(127, 4, 'swvar2', 47, 'dsadsadsa', '2013-09-30 22:00:00', 2, 0, 2, '2013-10-21 18:03:01', '2013-10-21 18:19:00', NULL, 0, 0, '0000-00-00 00:00:00'),
(128, 4, 'svar3', 47, 'dsadsa', '2013-10-08 22:00:00', 2, 0, 2, '2013-10-21 18:03:20', '2013-10-21 19:22:08', NULL, 0, 0, '0000-00-00 00:00:00'),
(129, 4, 'svar4', 47, 'dsadsadsa', '2013-09-30 22:00:00', 2, 0, NULL, '2013-10-21 18:03:36', NULL, NULL, 0, 0, '0000-00-00 00:00:00'),
(130, 3, 'ja', 68, 'http://www.folkpartiet.se/var-politik/var-politik-a-o/arbetsloshetsforsakring/', '2013-10-22 10:19:01', 2, 0, NULL, '2013-10-22 10:19:01', NULL, '"Att dagens a-kassor ska ersättas med en gemensam arbetslöshetskassa i statlig regi som omfattar alla som arbetar."', 0, 0, '0000-00-00 00:00:00'),
(131, 6, 'ja', 68, 'http://www.kristdemokraterna.se/Media/Nyhetsarkiv/Vi-satsar-tre-miljarder-pa-nya-reformer/', '2013-04-14 22:00:00', 2, 0, NULL, '2013-10-22 10:20:34', NULL, '"Det är dags att införa en obligatorisk a-kassa i Sverige. Alla som arbetar och uppfyller villkoren för försäkringen bör omfattas av en arbetslöshetsförsäkring med rätt till inkomstrelaterad ersättning om man blir arbetslös."', 0, 0, '0000-00-00 00:00:00'),
(132, 5, 'ja', 68, 'http://www.centerpartiet.se/Centerpolitik/Politikomraden/Socialforsakringar-och-bidrag/Politik-A---O/A-kassaarbetsloshetsersattning/', '2013-10-21 22:00:00', 2, 0, 2, '2013-10-22 10:22:01', '2013-10-22 10:22:12', '"För Centerpartiet är en obligatorisk arbetslöshetsförsäkring en viktig del i en flexibel arbetsmarknadsmodell."', 0, 0, '0000-00-00 00:00:00'),
(133, 9, 'ja', 68, 'http://www.dn.se/nyheter/politik/mp-vill-att-a-kassan-ska-bli-obligatorisk/', '2008-02-23 23:00:00', 2, 0, NULL, '2013-10-22 10:25:05', NULL, '"Inför en obligatorisk, statlig arbetslöshetsförsäkring som slås ihop med sjukförsäkringen. Låt en ny statlig myndighet sköta sjukpenning, a-kassa och försörjningsstöd (socialbidrag). Det föreslår miljöpartiet, som samtidigt slutar sträva efter en medborgarlön."', 0, 0, '0000-00-00 00:00:00'),
(134, 1, 'nej', 68, 'http://www.dn.se/debatt/hog-tid-for-nytankande-om-den-svenska-a-kassan/', '2013-11-06 23:00:00', 6, 0, 2, '2013-10-22 10:27:26', '2013-11-07 22:17:36', '', 1, 2, '2013-11-07 22:17:36'),
(135, 7, 'nej', 68, 'http://www.dn.se/debatt/hog-tid-for-nytankande-om-den-svenska-a-kassan/', '2010-10-22 22:00:00', 2, 0, NULL, '2013-10-22 10:27:59', NULL, '', 0, 0, '0000-00-00 00:00:00'),
(136, 8, 'ja', 68, 'http://sverigedemokraterna.se/wp-content/uploads/2013/08/Sverigedemokraterna-Inriktningsprogram-2011-Arbetsmarknad.pdf', '2011-11-29 23:00:00', 2, 0, NULL, '2013-10-22 10:31:53', NULL, '"Vi anser [...] att a-kassan görs till en obligatorisk och skattefinansierad inkomstförsäkring som sköts och administreras av Försäkringskassan."', 0, 0, '0000-00-00 00:00:00'),
(137, 3, 'nej', 70, 'http://www.folkpartiet.se/var-politik/var-politik-a-o/alkohol/', '2013-10-22 10:36:28', 2, 0, NULL, '2013-10-22 10:36:28', NULL, '"Vi vill [...] Behålla Systembolagets monopol."', 0, 0, '0000-00-00 00:00:00'),
(138, 6, 'nej', 70, 'http://www.kristdemokraterna.se/VarPolitik/Korta-Svar-AO/Alkohol/', '2013-04-14 22:00:00', 2, 0, NULL, '2013-10-22 10:38:45', NULL, '"Kristdemokraterna värnar om Systembolagets försäljningsmonopol [...]"', 0, 0, '0000-00-00 00:00:00'),
(139, 5, 'nej', 70, 'http://www.centerpartiet.se/Centerpolitik/Politikomraden/Sociala-fragor-vard-och-omsorg/Politik-A---O/Alkoholpolitik/', '2013-10-22 10:39:39', 2, 0, NULL, '2013-10-22 10:39:39', NULL, '"Centerpartiet vill [...] Behålla Systembolaget som statligt monopol."', 0, 0, '0000-00-00 00:00:00'),
(140, 1, 'nej', 70, 'http://www.socialdemokraterna.se/Var-politik/Var-politik-A-till-O/Sociala-fragor/Alkohol/', '2013-06-09 22:00:00', 2, 0, NULL, '2013-10-22 10:44:24', NULL, '"Vi slår vakt om Systembolagets monopol eftersom det motverkar en försäljning som inte går att kontrollera [...]"', 0, 0, '0000-00-00 00:00:00'),
(141, 8, 'nej', 70, 'http://sverigedemokraterna.se/var-politik/var-politik-a-till-o/', '2013-10-22 10:45:30', 2, 0, NULL, '2013-10-22 10:45:30', NULL, '"Vi önskar bevara Systembolagets alkoholmonopol [...]"', 0, 0, '0000-00-00 00:00:00'),
(142, 2, 'nej', 77, 'http://www.moderat.se/skola-och-utbildning/gymnasieskolan', '2012-06-25 22:00:00', 2, 0, NULL, '2013-10-22 10:48:22', NULL, '"För de elever som väljer att läsa yrkesprogram eller lärlingsutbildning tas kravet på att läsa in högskolebehörighet bort."', 0, 0, '0000-00-00 00:00:00'),
(143, 1, 'ja', 77, 'http://www.socialdemokraterna.se/Webben-for-alla/Partidistrikt/Stockholm/Var-politik/Arkiv/A-O/Utbildning/Gymnasieskolan/', '2013-10-22 10:49:51', 2, 0, NULL, '2013-10-22 10:49:51', NULL, '"Den viktigaste prioriteringen inom gymnasieskolan är att se till att alla elever går ut med goda kunskaper och högskolebehörighet."', 0, 0, '0000-00-00 00:00:00'),
(144, 3, 'nej', 77, 'http://www.folkpartiet.se/var-politik/var-politik-a-o/gymnasieskolan/', '2013-10-22 10:53:46', 2, 0, NULL, '2013-10-22 10:53:46', NULL, '"Eleverna ska kunna välja om de vill läsa in högskolebehörighet eller inte."', 0, 0, '0000-00-00 00:00:00'),
(145, 9, 'ja', 77, 'http://www.mp.se/just-nu/mp-vill-starka-lasandet-i-skolan', '2013-10-22 10:56:42', 2, 0, NULL, '2013-10-22 10:56:42', NULL, '"Miljöpartiet vill återinföra högskolebehörigheten [...]"', 0, 0, '0000-00-00 00:00:00'),
(146, 7, 'ja', 77, 'http://www.svt.se/nyheter/blocken-oense-om-behorighet-for-larlingar', '2013-08-26 22:00:00', 2, 0, NULL, '2013-10-22 10:58:20', NULL, '', 0, 0, '0000-00-00 00:00:00'),
(147, 8, 'nej', 77, 'http://www.svt.se/nyheter/blocken-oense-om-behorighet-for-larlingar', '2013-08-26 22:00:00', 2, 0, NULL, '2013-10-22 10:58:52', NULL, '', 0, 0, '0000-00-00 00:00:00'),
(148, 1, 'ja', 20, 'http://www.socialdemokraterna.se/Var-politik/Var-politik-A-till-O/Barn/', '2013-05-15 22:00:00', 2, 0, NULL, '2013-10-22 19:44:46', NULL, '"Underhållsstödet höjs med 50 kronor per barn och månad, barnbidraget med 100 kronor per barn och månad."', 0, 0, '0000-00-00 00:00:00'),
(149, 1, 'ja', 51, 'http://www.teknikensvarld.se/2011/04/10/12461/juholt-sager-ja-till-hojd-bensinskatt/', '2011-04-09 22:00:00', 2, 0, NULL, '2013-10-22 20:00:18', NULL, '"På frågan ”Ska bensinskatten höjas?” svarar Juholt – utan att tveka – ”ja”."', 0, 0, '0000-00-00 00:00:00'),
(150, 2, 'nej', 51, 'http://www.dn.se/nyheter/politik/moderat-nej-till-hojd-bensinskatt/', '2008-06-01 22:00:00', 2, 0, NULL, '2013-10-22 20:01:26', NULL, '"Statsminister Fredrik Reinfeldt säger nej till fortsatt höjd bensinskatt. Det skulle kunna slå tillbaka mot klimatarbetet, tror han"', 0, 0, '0000-00-00 00:00:00'),
(151, 3, 'nej', 51, 'http://www.folkpartiet.se/var-politik/var-politik-a-o/bensinskatt/', '2013-10-22 20:02:41', 2, 0, NULL, '2013-10-22 20:02:41', NULL, '"Vi vill [...] Behålla bensinskatten oförändrad."', 0, 0, '0000-00-00 00:00:00'),
(152, 5, 'nej', 51, 'http://www.centerpartiet.se/Centerpolitik/Politikomraden/Miljo-energi-och-klimat/Politik-A---O/Bensinpriset/', '2013-10-22 20:04:08', 2, 0, NULL, '2013-10-22 20:04:08', NULL, '"Att sänka bensinskatten är dock inte en hållbar lösning på sikt, vare sig ekonomiskt eller miljömässigt."', 0, 0, '0000-00-00 00:00:00'),
(153, 9, 'ja', 51, 'http://www.mp.se/politik/bilar-och-bensinskatt', '2013-10-22 20:05:13', 2, 0, NULL, '2013-10-22 20:05:13', NULL, '"Miljöpartiet vill [...] höja bensinskatten och satsa på modernare bilar och bättre kollektivtrafik, och"', 0, 0, '0000-00-00 00:00:00'),
(154, 6, 'nej', 51, 'http://www.sydsvenskan.se/sverige/kd-ingen-hojning-av-bensinskatt/', '2010-08-15 22:00:00', 2, 0, NULL, '2013-10-22 20:11:25', NULL, '"Kristdemokraternas partiledare Göran Hägglund lovar att arbeta för att bensinskatten inte ska höjas under nästa mandatperiod."', 0, 0, '0000-00-00 00:00:00'),
(155, 8, 'nej', 51, 'http://sverigedemokraterna.se/var-politik/var-politik-a-till-o/', '2013-10-22 20:13:10', 2, 0, NULL, '2013-10-22 20:13:10', NULL, '"Sverigedemokraterna vill ha ett stopp för fortsatta höjningar av drivmedelskatterna."', 0, 0, '0000-00-00 00:00:00'),
(156, 5, 'nej', 57, 'http://expo.se/2011/sa-tycker-riksdagspartierna-om-heltackande-slojor_3935.html', '2010-12-31 23:00:00', 2, 0, NULL, '2013-10-22 20:26:49', NULL, '"- Att föreslå lagstiftning är överflödigt. Det finns redan idag möjlighet för rektorer och arbetsgivare att själva bestämma om deras anställda ska få bära heltäckande slöja, säger Peter Svensson." ', 0, 0, '0000-00-00 00:00:00'),
(157, 3, 'ja', 57, 'http://expo.se/2011/sa-tycker-riksdagspartierna-om-heltackande-slojor_3935.html', '2010-12-31 23:00:00', 2, 0, NULL, '2013-10-22 20:28:41', NULL, '"I ett filmklipp som partiet producerade i augusti förra året säger partiledare Jan Björklund att lagarna och reglerna måste förtydligas. Förbudet ska gälla både lärare och elever:\r\n\r\n- Det är orimligt att en person med täckt ansikte ska jobba med barn i en förskola, säger Björklund i filmklippet."', 0, 0, '0000-00-00 00:00:00'),
(158, 9, 'nej', 57, 'http://expo.se/2011/sa-tycker-riksdagspartierna-om-heltackande-slojor_3935.html', '2010-12-31 23:00:00', 2, 0, NULL, '2013-10-22 20:31:52', NULL, '"- Vi vill inte förbjuda niqab på allmänna platser, säger Maria Ferm."', 0, 0, '0000-00-00 00:00:00'),
(159, 2, 'ja', 57, 'http://expo.se/2011/sa-tycker-riksdagspartierna-om-heltackande-slojor_3935.html', '2010-12-31 23:00:00', 2, 0, NULL, '2013-10-22 20:34:11', NULL, '"I ett mejl till Expo skriver Moderaternas pressekreterare Edna Cedervall att partiet inte tror på ett förbud mot heltäckande slöja bland eleverna i skolorna. Däremot vill M öppna för ett förbud mot "lärare och förskollärare att dölja sitt ansikte i sin yrkesutövning"."', 0, 0, '0000-00-00 00:00:00'),
(160, 1, 'ja', 57, 'http://expo.se/2011/sa-tycker-riksdagspartierna-om-heltackande-slojor_3935.html', '2010-12-31 23:00:00', 2, 0, NULL, '2013-10-22 20:34:49', NULL, '"Men det kan finnas vissa situationer, t.ex. i vissa yrken, där det kan ha konsekvenser om man döljer hela ansiktet. Vi tycker inte att burka ska bäras i skolan, vare sig av lärare eller av elever."', 0, 0, '0000-00-00 00:00:00'),
(161, 8, 'ja', 57, 'http://expo.se/2011/sa-tycker-riksdagspartierna-om-heltackande-slojor_3935.html', '2010-12-31 23:00:00', 2, 0, NULL, '2013-10-22 20:35:31', NULL, '"Sverigedemokraterna välkomnade det franska förbudet mot heltäckande slöjor på allmän plats. De tar tydligt ställning mot den heltäckande slöjan och förknippar plagget med terrorism. Sverige bör följa i Frankrikes fotspår, menar Åkesson i ett pressmeddelande."', 0, 0, '0000-00-00 00:00:00'),
(162, 7, 'nej', 57, 'http://expo.se/2011/sa-tycker-riksdagspartierna-om-heltackande-slojor_3935.html', '2010-12-31 23:00:00', 2, 0, 2, '2013-10-22 20:35:57', '2013-10-22 20:36:09', '"Vänsterpartiet skriver på sin sajt att det inte ska finnas något förbud mot burka, niqab eller liknande i vare sig skolan eller samhället. Samtidigt är partiet mån om att ingen ska tvingas att bära ett klädesplagg de inte vill ha:"', 0, 0, '0000-00-00 00:00:00'),
(163, 6, 'nej', 59, 'http://www.kristdemokraterna.se/VarPolitik/Korta-Svar-AO/Formogenhetsskatt/', '2013-04-14 22:00:00', 2, 0, NULL, '2013-10-27 09:54:27', NULL, '"En förmögenhetsskatt är en form av dubbelbeskattning eftersom man redan har betalat skatt på inkomsten, och ska alltså inte återinföras i någon form."', 0, 0, '0000-00-00 00:00:00'),
(164, 3, 'nej', 59, 'https://www.folkpartiet.se/var-politik/var-politik-a-o/formogenhetsskatt/', '2013-10-27 09:55:11', 2, 0, NULL, '2013-10-27 09:55:11', NULL, '"Vi vill [...] Inte återinföra förmögenhetsskatten, som drev kapital och jobb ut ur Sverige."', 0, 0, '0000-00-00 00:00:00'),
(165, 9, 'ja', 59, 'http://www.di.se/artiklar/2010/4/27/rapport-rodgrona-aterinfor-formogenhetsskatt/', '2010-04-26 22:00:00', 2, 0, NULL, '2013-10-27 09:58:08', NULL, '"Om de rödgröna partierna vinner höstens riksdagsval så kommer förmögenhetsskatten att återinföras, erfar SVT:s Rapport. Detta sedan Miljöpartiet, som tidigare motsatt sig förslaget, har ändrat sig."', 0, 0, '0000-00-00 00:00:00'),
(166, 1, 'ja', 59, 'http://www.di.se/artiklar/2010/4/27/rapport-rodgrona-aterinfor-formogenhetsskatt/', '2010-04-26 22:00:00', 2, 0, NULL, '2013-10-27 09:58:37', NULL, '"Om de rödgröna partierna vinner höstens riksdagsval så kommer förmögenhetsskatten att återinföras [...]"', 0, 0, '0000-00-00 00:00:00'),
(167, 7, 'ja', 59, 'http://www.di.se/artiklar/2010/4/27/rapport-rodgrona-aterinfor-formogenhetsskatt/', '2013-10-26 22:00:00', 2, 0, NULL, '2013-10-27 09:59:06', NULL, '"Om de rödgröna partierna vinner höstens riksdagsval så kommer förmögenhetsskatten att återinföras [...]"', 0, 0, '0000-00-00 00:00:00'),
(168, 5, 'nej', 59, 'http://www.centerpartiet.se/Centerpolitik/Politikomraden/Ekonomi-och-skatter/Politik-A---O/Ekonomisk-politik/', '2013-10-27 10:00:11', 2, 0, NULL, '2013-10-27 10:00:11', NULL, '"Andra betydelsefulla reformer som har förbättrat den svenska konkurrenskraften är avskaffad förmögenhetsskatt [...]"', 0, 0, '0000-00-00 00:00:00'),
(169, 1, 'nej', 75, 'www.socialdemokraterna.se/upload/Radslag/Skola/dokument/Skolplattform.pdf', '2007-11-15 23:00:00', 2, 0, NULL, '2013-10-27 10:20:47', NULL, '"[...] men vi säger nej till förstatligande av skolan."\r\n', 0, 0, '0000-00-00 00:00:00'),
(170, 3, 'ja', 75, 'https://www.folkpartiet.se/var-politik/var-politik-a-o/statlig-skola/', '2013-10-27 10:24:23', 2, 0, NULL, '2013-10-27 10:24:23', NULL, '"Vi vill [...] Införa ett modernt statligt huvudmannaskap."', 0, 0, '0000-00-00 00:00:00'),
(171, 7, 'ja', 75, 'http://www.dn.se/nyheter/politik/vansterpartiet-vill-forstatliga-skolan/', '2012-01-06 23:00:00', 2, 0, NULL, '2013-10-27 10:29:00', NULL, '"V:s partistyrelse ville avvakta en parlamentarisk utredning om kommunaliseringens effekter. Men kongressen valde att sätta ner foten redan nu. Beslutet fattades med röstsiffrorna 125–87."', 0, 0, '0000-00-00 00:00:00'),
(172, 8, 'ja', 75, 'http://www.di.se/artiklar/2012/5/6/sd-v-och-fp-vill-forstatliga-skolan/', '2012-05-05 22:00:00', 2, 0, NULL, '2013-10-27 10:30:49', NULL, '', 0, 0, '0000-00-00 00:00:00'),
(173, 5, 'nej', 75, 'http://www.di.se/artiklar/2012/5/6/sd-v-och-fp-vill-forstatliga-skolan/', '2012-05-05 22:00:00', 2, 0, NULL, '2013-10-27 10:31:42', NULL, '"Jag kommer aldrig att tumma på det fria skolvalet, sade C-ledaren Annie Lööf [...]"', 0, 0, '0000-00-00 00:00:00'),
(174, 1, 'nej', 53, 'http://www.socialdemokraterna.se/Var-politik/Var-politik-A-till-O/Upphovsratt-och-fildelning/', '2013-06-11 22:00:00', 2, 0, NULL, '2013-10-27 14:53:15', NULL, '"Vi tar starkt avstånd från dem som anser att det rent principiellt ska vara tillåtet att ladda ned upphovsrättsskyddat material utan att den som har skapat filmen, musiken eller boken får betalt."', 0, 0, '0000-00-00 00:00:00'),
(175, 4, 'ja', 53, 'http://politik.piratpartiet.se/fildelning-2/', '2012-10-16 22:00:00', 2, 0, NULL, '2013-10-27 14:57:25', NULL, '"Piratpartiet anser att fri, icke-kommersiell inhämtning, nyttjande, förädlande och spridning av kultur ska uppmuntras."', 0, 0, '0000-00-00 00:00:00'),
(176, 9, 'ja', 53, 'http://www.mp.se/om/partiprogram/manniskan', '2013-10-27 14:59:25', 2, 0, NULL, '2013-10-27 14:59:25', NULL, '"Kopiering och fildelning för privat bruk ska inte vara straffbart, samtidigt som upphovsmän ska ha rätt till en rimlig ersättning."', 0, 0, '0000-00-00 00:00:00'),
(177, 2, 'nej', 53, 'http://www.dn.se/nyheter/sverige/sa-tycker-partierna-om-upphovsratten/', '2009-12-31 23:00:00', 2, 0, NULL, '2013-10-27 15:01:25', NULL, '"Det är viktigt med möjligheten att göra kopior för privat bruk från lagliga digitala förlagor, men vi har inget förslag om att legalisera fildelning från olagliga förlagor. Det är viktigt att upphovsrätten respekteras."', 0, 0, '0000-00-00 00:00:00'),
(178, 3, 'nej', 53, 'http://www.dn.se/nyheter/sverige/sa-tycker-partierna-om-upphovsratten/', '2013-10-27 15:02:10', 2, 0, NULL, '2013-10-27 15:02:10', NULL, '"Nej, det anser vi inte är en bra lösning."', 0, 0, '0000-00-00 00:00:00'),
(179, 5, 'nej', 53, 'http://www.dn.se/nyheter/sverige/sa-tycker-partierna-om-upphovsratten/', '2009-12-31 23:00:00', 2, 0, NULL, '2013-10-27 15:02:57', NULL, '"Vi vill ta bort förbudet mot nedladdning av upphovsrättsskyddade verk för privat bruk. En sådan kriminalisering är inte teknikneutral eftersom samma regler inte gäller för annan kopiering för privat bruk. Tillgängliggörande av upphovsrättsskyddat material ska även fortsättningsvis vara förbjudet."', 0, 0, '0000-00-00 00:00:00'),
(180, 6, 'nej', 53, 'http://www.dn.se/nyheter/sverige/sa-tycker-partierna-om-upphovsratten/', '2009-12-31 23:00:00', 2, 0, NULL, '2013-10-27 15:03:20', NULL, '"Nej. Vi anser att upphovsmännen har rätt till sina verk, även om de finns tillgängliga på internet. I de fall upphovsmännen medger fildelning är det naturligtvis okej."', 0, 0, '0000-00-00 00:00:00'),
(181, 7, 'ja', 53, 'http://www.dn.se/nyheter/sverige/sa-tycker-partierna-om-upphovsratten/', '2009-12-31 23:00:00', 2, 0, NULL, '2013-10-27 15:04:05', NULL, '"Ja, debatten om fildelningen är i akut behov av att byta spår."', 0, 0, '0000-00-00 00:00:00'),
(182, 8, 'nej', 53, 'http://sverigedemokraterna.se/var-politik/var-politik-a-till-o/', '2013-10-27 15:05:06', 2, 0, NULL, '2013-10-27 15:05:06', NULL, '"Vad gäller frågan om spridande av upphovsrättsskyddat material står Sverigedemokraterna upp för såväl äganderätten som upphovsrätten."', 0, 0, '0000-00-00 00:00:00'),
(183, 5, 'nej', 24, 'http://www.alliansen.se/2012/05/att-aterreglera-jarnvagen-hotar-jobben/', '2012-05-01 22:00:00', 2, 0, NULL, '2013-10-27 15:12:08', NULL, '', 0, 0, '0000-00-00 00:00:00'),
(184, 3, 'nej', 24, 'http://www.alliansen.se/2012/05/att-aterreglera-jarnvagen-hotar-jobben/', '2012-05-01 22:00:00', 2, 0, NULL, '2013-10-27 15:12:34', NULL, '', 0, 0, '0000-00-00 00:00:00'),
(185, 2, 'nej', 24, 'http://www.alliansen.se/2012/05/att-aterreglera-jarnvagen-hotar-jobben/', '2012-05-01 22:00:00', 2, 0, NULL, '2013-10-27 15:12:46', NULL, '', 0, 0, '0000-00-00 00:00:00'),
(186, 6, 'nej', 24, 'http://www.alliansen.se/2012/05/att-aterreglera-jarnvagen-hotar-jobben/', '2012-05-01 22:00:00', 2, 0, NULL, '2013-10-27 15:13:03', NULL, '', 0, 0, '0000-00-00 00:00:00'),
(187, 7, 'ja', 24, 'http://www.vansterpartiet.se/aterreglera-jarnvagen/', '2012-09-12 22:00:00', 2, 0, NULL, '2013-10-27 15:14:15', NULL, '"Vi föreslår en rad förändringar, bland annat en återreglering av järnvägen som innebär att SJ får ensamrätt för kommersiell trafik på stambanorna."', 0, 0, '0000-00-00 00:00:00'),
(188, 1, 'ja', 24, 'http://www.svt.se/nyheter/sverige/lat-trafikverket-ta-hand-om-jarnvagen', '2012-05-21 22:00:00', 2, 0, NULL, '2013-10-27 15:15:06', NULL, '', 0, 0, '0000-00-00 00:00:00'),
(189, 9, 'ja', 24, 'http://www.svt.se/nyheter/sverige/lat-trafikverket-ta-hand-om-jarnvagen', '2012-05-21 22:00:00', 2, 0, NULL, '2013-10-27 15:15:42', NULL, '', 0, 0, '0000-00-00 00:00:00'),
(190, 1, 'ja', 78, 'http://www.dn.se/nyheter/sverige/krav-pa-republik-far-laggas-pa-hyllan/', '2009-02-23 23:00:00', 2, 0, NULL, '2013-10-27 21:37:08', NULL, '"Det största partiet, Socialdemokraterna, har också republikkravet inskrivet i sitt principprogram."', 0, 0, '0000-00-00 00:00:00'),
(191, 3, 'nej', 78, 'http://www.folkpartiet.se/var-politik/var-politik-a-o/monarki-och-republik/', '2013-10-27 21:39:58', 2, 0, NULL, '2013-10-27 21:39:58', NULL, '"Vi vill [...] Behålla nuvarande kompromiss om Sveriges statsskick."', 0, 0, '0000-00-00 00:00:00'),
(192, 6, 'nej', 78, 'Därför ska Sveriges statsskick även fortsättningsvis vara konstitutionell monarki.', '2012-09-26 22:00:00', 2, 0, NULL, '2013-10-27 21:41:26', NULL, '"Därför ska Sveriges statsskick även fortsättningsvis vara konstitutionell monarki."', 0, 0, '0000-00-00 00:00:00'),
(193, 2, 'nej', 78, 'http://www.moderat.se/demokrati/sveriges-grundlagar', '2012-06-14 22:00:00', 2, 0, NULL, '2013-10-27 21:43:12', NULL, '"Sveriges statsskick, monarkin, ska bevaras."', 0, 0, '0000-00-00 00:00:00'),
(194, 7, 'ja', 78, 'http://www.vansterpartiet.se/politik/monarkin/', '2013-10-27 21:44:33', 2, 0, NULL, '2013-10-27 21:44:33', NULL, '"Vänsterpartiet är aldrig berett att kompromissa om demokratin. Därför anser vi att Sverige bör vara republik med en demokratiskt vald statschef."', 0, 0, '0000-00-00 00:00:00'),
(195, 8, 'nej', 78, 'http://sverigedemokraterna.se/var-politik/var-politik-a-till-o/', '2013-10-27 21:45:38', 2, 0, NULL, '2013-10-27 21:45:38', NULL, '"Vi ställer oss positiva till dagens konstitutionella monarki med monarken som Sveriges statschef."', 0, 0, '0000-00-00 00:00:00'),
(196, 5, 'nej', 78, 'http://www.centerpartiet.se/Centerpolitik/Politikomraden/Grundlag-och-samhallsutveckling/Politik-A---O/Monarki/', '2013-10-27 21:46:59', 2, 0, NULL, '2013-10-27 21:46:59', NULL, '"Centerpartiet vill [...] bevara monarkin i dess nuvarande form – ett kungahus som endast har en representativ funktion."', 0, 0, '0000-00-00 00:00:00'),
(197, 9, 'ja', 78, 'http://www.aftonbladet.se/nyheter/valet2010/article12322089.ab', '2010-05-24 22:00:00', 2, 0, NULL, '2013-10-27 21:48:51', NULL, '"– Som demokrat måste man vara kritisk till monarkin. I grunden är det inte demokratiskt med arvstro, sa Peter Eriksson i SVT:s partiledarutfrågning i morse."', 0, 0, '0000-00-00 00:00:00'),
(198, 9, 'ja', 56, 'http://www.mp.se/om/partiprogram/valfarden', '2013-10-27 21:55:43', 2, 0, NULL, '2013-10-27 21:55:43', NULL, '"Papperslösa och asylsökande ska ha rätt till vård."', 0, 0, '0000-00-00 00:00:00'),
(199, 1, 'ja', 56, 'http://www.socialdemokraterna.se/Webben-for-alla/Landsting/Vastsverige/Kongressnyheter/Ja-till-vard-for-papperslosa/', '2013-04-04 22:00:00', 2, 0, NULL, '2013-10-27 21:56:49', NULL, '"På den socialdemokratiska partikongressen beslutades att även papperslösa ska kunna få vård efter behov, inte enbart akutsjukvård som är fallet idag."', 0, 0, '0000-00-00 00:00:00'),
(200, 5, 'ja', 56, 'http://www.centerpartiet.se/Centerpolitik/Politikomraden/Sociala-fragor-vard-och-omsorg/Politik-A---O/Papperslosa/', '2013-10-27 21:57:38', 2, 0, NULL, '2013-10-27 21:57:38', NULL, '"Centerpartiet [...] Att papperslösa och gömda ska ha rätt till vård på motsvarande villkor som övriga befolkningen"', 0, 0, '0000-00-00 00:00:00'),
(201, 8, 'nej', 56, 'http://sverigedemokraterna.se/2012/07/06/betala-inte-for-vard-till-dem-som-vistas-olagligt-i-sverige/', '2012-07-05 22:00:00', 2, 0, NULL, '2013-10-27 22:02:59', NULL, '"Betala inte för vård till dem som vistas olagligt i Sverige"', 0, 0, '0000-00-00 00:00:00'),
(202, 2, 'ja', 56, 'http://www.dn.se/nyheter/politik/alliansen-papperslosa-kan-fa-vard/', '2011-03-01 23:00:00', 2, 0, NULL, '2013-10-27 22:04:01', NULL, '', 0, 0, '0000-00-00 00:00:00'),
(203, 3, 'ja', 56, 'http://www.dn.se/nyheter/politik/alliansen-papperslosa-kan-fa-vard/', '2011-03-01 23:00:00', 2, 0, NULL, '2013-10-27 22:04:16', NULL, '', 0, 0, '0000-00-00 00:00:00'),
(204, 6, 'ja', 56, 'http://www.dn.se/nyheter/politik/alliansen-papperslosa-kan-fa-vard/', '2011-03-01 23:00:00', 2, 0, NULL, '2013-10-27 22:04:42', NULL, '', 0, 0, '0000-00-00 00:00:00'),
(205, 1, 'ja', 60, 'http://www.socialdemokraterna.se/Var-politik/Var-politik-A-till-O/Pensionar/', '2013-05-13 22:00:00', 2, 0, NULL, '2013-10-28 18:48:14', NULL, '"Idag betalar en pensionär mer i skatt än en löntagare med samma inkomst. Men pension är uppskjuten lön. Det innebär att den ska beskattas lika som lön. Allt annat är oacceptabelt."', 0, 0, '0000-00-00 00:00:00'),
(206, 9, 'ja', 60, 'http://www.mp.se/sites/default/files/mp_budgetmotion_hosten_2013.pdf', '2013-09-30 22:00:00', 2, 0, NULL, '2013-10-28 18:53:52', NULL, '"Vi delar inte alliansregeringens principiella synsätt att\r\ndet ska vara högre skatt på pension än på lön."', 0, 0, '0000-00-00 00:00:00'),
(207, 7, 'ja', 60, 'http://haninge.vansterpartiet.se/2010/07/15/lars-ohlys-tal-i-almedalen/', '2010-07-14 22:00:00', 2, 0, NULL, '2013-10-28 18:55:58', NULL, '"Vi i Vänsterpartiet vill att alla ska betala samma skatt på samma inkomst. Arbetslösa, sjuka, föräldralediga och pensionärer ska betala samma skatt på en intjänad hundralapp som den som arbetar."', 0, 0, '0000-00-00 00:00:00'),
(208, 6, 'ja', 60, 'http://www.kristdemokraterna.se/VarPolitik/Korta-Svar-AO/', '2013-10-28 19:00:55', 2, 0, NULL, '2013-10-28 19:00:55', NULL, '"Kristdemokraterna vill på sikt sänka skatten för pensionärer så att den hamnar på samma nivå som för löntagare."', 0, 0, '0000-00-00 00:00:00'),
(209, 5, 'dsadsa', 68, 'dsa', '2013-11-08 23:08:40', 2, 0, 2, '2013-11-05 21:47:11', '2013-11-07 22:03:51', 'dsa', 1, 2, '2013-11-07 22:03:51'),
(210, 5, 'njae2', 68, 'dsadsa', '2013-11-07 22:18:56', 6, 1, 2, '2013-11-07 21:37:29', '2013-11-07 21:37:35', '', 0, 0, '0000-00-00 00:00:00'),
(211, 4, 'hej2', 68, 'dsadsa', '2013-11-07 22:49:51', 6, 1, 6, '2013-11-07 22:49:44', '2013-11-07 22:49:49', '', 0, 0, '0000-00-00 00:00:00');

-- --------------------------------------------------------

--
-- Table structure for table `answers_tags`
--

CREATE TABLE IF NOT EXISTS `answers_tags` (
  `id` int(11) NOT NULL AUTO_INCREMENT,
  `tag_id` int(11) NOT NULL,
  `answer_id` int(11) NOT NULL,
  PRIMARY KEY (`id`)
) ENGINE=InnoDB DEFAULT CHARSET=latin1 AUTO_INCREMENT=1 ;

-- --------------------------------------------------------

--
-- Table structure for table `feedback`
--

CREATE TABLE IF NOT EXISTS `feedback` (
  `id` int(11) NOT NULL AUTO_INCREMENT,
  `name` varchar(50) DEFAULT NULL,
  `email` varchar(100) DEFAULT NULL,
  `text` text NOT NULL,
  `ip` text,
  `date` timestamp NOT NULL DEFAULT CURRENT_TIMESTAMP,
  `referer` text,
  PRIMARY KEY (`id`)
) ENGINE=InnoDB  DEFAULT CHARSET=latin1 AUTO_INCREMENT=13 ;

--
-- Dumping data for table `feedback`
--

INSERT INTO `feedback` (`id`, `name`, `email`, `text`, `ip`, `date`, `referer`) VALUES
(1, 'ras', 'ras1', 'ras2', '127.0.0.1', '0000-00-00 00:00:00', NULL),
(2, 'bla', 'bla', 'bla', '127.0.0.1', '0000-00-00 00:00:00', NULL),
(3, 'dsa', 'sad', 'dsa', NULL, '2013-10-20 15:51:08', NULL),
(4, 'dsadsa', 'dsadsa', 'dsadsa', '127.0.0.1', '0000-00-00 00:00:00', NULL),
(5, 'dsa', 'sad', 'dsa', '127.0.0.1', '0000-00-00 00:00:00', NULL),
(6, 'dsa', 'sad', 'dsa', '127.0.0.1', '0000-00-00 00:00:00', NULL),
(7, 'a', 'b', 'c', '127.0.0.1', '2013-10-20 15:55:58', NULL),
(8, 'a', 'b', 'c', '127.0.0.1', '2013-10-20 15:57:38', NULL),
(9, 'ads', '213', 'fdg', '127.0.0.1', '2013-10-20 16:03:21', NULL),
(10, NULL, NULL, 'test', '127.0.0.1', '2013-10-21 09:22:48', 'http://localhost/svartpavitt/categories2'),
(11, NULL, NULL, '', '127.0.0.1', '2013-10-21 09:25:20', 'http://localhost/svartpavitt/categories2'),
(12, NULL, NULL, 'Error report: Vet inte!', '127.0.0.1', '2013-10-21 09:27:39', 'http://localhost/svartpavitt/categories2');

-- --------------------------------------------------------

--
-- Table structure for table `parties`
--

CREATE TABLE IF NOT EXISTS `parties` (
  `id` int(11) NOT NULL AUTO_INCREMENT,
  `name` varchar(20) CHARACTER SET latin1 NOT NULL,
  `website` varchar(100) CHARACTER SET latin1 NOT NULL,
  `color` text COLLATE utf8_swedish_ci NOT NULL,
  `created_by` int(11) NOT NULL,
  `deleted` tinyint(1) NOT NULL DEFAULT '0',
  `last_result_parliment` float NOT NULL DEFAULT '0',
  `last_result_eu` float NOT NULL DEFAULT '0',
  `updated_by` int(11) DEFAULT NULL,
  `created_date` timestamp NOT NULL DEFAULT CURRENT_TIMESTAMP,
  `updated_date` timestamp NULL DEFAULT NULL,
  `description` text COLLATE utf8_swedish_ci,
  PRIMARY KEY (`id`)
) ENGINE=InnoDB  DEFAULT CHARSET=utf8 COLLATE=utf8_swedish_ci AUTO_INCREMENT=10 ;

--
-- Dumping data for table `parties`
--

INSERT INTO `parties` (`id`, `name`, `website`, `color`, `created_by`, `deleted`, `last_result_parliment`, `last_result_eu`, `updated_by`, `created_date`, `updated_date`, `description`) VALUES
(1, 'socialdemokraterna', 'http://www.socialdemokraterna.se', '#ed1b34', 2, 0, 30.7, 24.4, 2, '2013-10-21 12:58:30', '2013-10-21 20:36:55', ''),
(2, 'moderaterna', 'http://www.modarat.se', '#66bee6', 2, 0, 30.1, 18.8, NULL, '2013-10-21 12:58:30', '0000-00-00 00:00:00', NULL),
(3, 'folkpartiet', 'http://www.folkpartiet.se', '#004990', 2, 0, 7.1, 13.6, NULL, '2013-10-21 12:58:30', '0000-00-00 00:00:00', NULL),
(4, 'piratpartiet', 'http://www.piratpartiet.se', '#660087', 2, 0, 0.7, 7.1, NULL, '2013-10-21 12:58:30', '0000-00-00 00:00:00', NULL),
(5, 'centerpartiet', 'http://www.centerpartiet.se', '#099a54', 2, 0, 6.6, 5.5, NULL, '2013-10-21 12:58:30', '0000-00-00 00:00:00', NULL),
(6, 'kristdemokraterna', 'http://www.kristdemokraterna.se', '#005aa9', 2, 0, 5.6, 4.7, NULL, '2013-10-21 12:58:30', '0000-00-00 00:00:00', NULL),
(7, 'vänsterpartiet', 'http://www.vansterpartiet.se', '#ed1c24', 2, 0, 5.6, 5.7, NULL, '2013-10-21 12:58:30', '0000-00-00 00:00:00', NULL),
(8, 'sverigedemokraterna', 'http://www.sverigedemokraterna.se', '#009ddc', 2, 0, 5.7, 3.3, NULL, '2013-10-21 12:58:30', '0000-00-00 00:00:00', NULL),
(9, 'miljöpartiet', 'http://www.mp.se', '#499754', 2, 0, 7.3, 11, NULL, '2013-10-21 12:58:30', '0000-00-00 00:00:00', NULL);

-- --------------------------------------------------------

--
-- Table structure for table `questions`
--

CREATE TABLE IF NOT EXISTS `questions` (
  `id` int(11) NOT NULL AUTO_INCREMENT,
  `title` varchar(200) CHARACTER SET latin1 NOT NULL,
  `type` tinytext COLLATE utf8_swedish_ci NOT NULL,
  `created_by` int(11) NOT NULL,
  `deleted` tinyint(1) NOT NULL DEFAULT '0',
  `updated_by` int(11) DEFAULT NULL,
  `updated_date` timestamp NOT NULL DEFAULT '0000-00-00 00:00:00',
  `created_date` timestamp NOT NULL DEFAULT '0000-00-00 00:00:00',
  `description` text COLLATE utf8_swedish_ci,
  `approved` tinyint(1) NOT NULL DEFAULT '0',
  `approved_by` int(11) NOT NULL,
  `approved_date` timestamp NOT NULL DEFAULT '0000-00-00 00:00:00',
  PRIMARY KEY (`id`)
) ENGINE=InnoDB  DEFAULT CHARSET=utf8 COLLATE=utf8_swedish_ci AUTO_INCREMENT=81 ;

--
-- Dumping data for table `questions`
--

INSERT INTO `questions` (`id`, `title`, `type`, `created_by`, `deleted`, `updated_by`, `updated_date`, `created_date`, `description`, `approved`, `approved_by`, `approved_date`) VALUES
(14, 'Patentsystemet ska avskaffas', 'YESNO', 2, 0, 2, '2013-11-05 21:29:04', '2013-10-21 13:05:42', '', 0, 0, '0000-00-00 00:00:00'),
(15, 'FRA-lagen ska avvecklas', 'YESNO', 2, 0, 2, '2013-11-11 15:59:53', '2013-10-21 13:05:42', '', 1, 2, '2013-11-11 15:59:53'),
(17, 'Sverige ska införa euro som valuta', 'YESNO', 2, 0, 2, '2013-11-12 10:04:21', '2013-10-21 13:05:42', '', 1, 2, '2013-11-12 10:04:21'),
(18, 'Vinster i välfärden ska vara tillåtet', 'YESNO', 2, 0, 2, '2013-11-12 10:04:34', '2013-10-21 13:05:42', '', 1, 2, '2013-11-12 10:04:34'),
(19, 'Kvinnor ska ha rätt till fri abort', 'YESNO', 2, 0, 2, '2013-11-12 10:03:18', '2013-10-21 13:05:42', '', 1, 2, '2013-11-12 10:03:18'),
(20, 'Barnbidraget ska höjas', 'YESNO', 2, 0, 2, '2013-11-07 22:26:28', '2013-10-21 13:05:42', '', 0, 2, '2013-11-07 22:26:04'),
(21, 'Patienter ska ha rätt till dödshjälp', 'YESNO', 2, 0, 2, '2013-11-12 10:04:01', '2013-10-21 13:05:42', '', 1, 2, '2013-11-12 10:04:01'),
(22, 'Barn under 18 år ska kunna ingå i äktenskap', 'YESNO', 2, 0, 2, '2013-11-07 22:26:11', '2013-10-21 13:05:42', '', 0, 2, '2013-11-07 22:24:47'),
(23, 'Turkiet ska tillåtas gå med i EU', 'YESNO', 2, 0, 2, '2013-11-12 10:04:28', '2013-10-21 13:05:42', '', 1, 2, '2013-11-12 10:04:28'),
(24, 'Järnvägen ska återregleras', 'YESNO', 2, 0, 2, '2013-11-12 10:03:12', '2013-10-21 13:05:42', '', 1, 2, '2013-11-12 10:03:12'),
(25, 'Kärnkraften ska byggas ut', 'YESNO', 2, 0, 2, '2013-11-12 10:03:28', '2013-10-21 13:05:42', '', 1, 2, '2013-11-12 10:03:28'),
(26, 'Kärnkraften ska avvecklas', 'YESNO', 2, 0, 2, '2013-11-12 10:03:23', '2013-10-21 13:05:42', '', 1, 2, '2013-11-12 10:03:23'),
(27, 'Sverige ska gå med i NATO', 'YESNO', 2, 0, 2, '2013-11-12 10:04:15', '2013-10-21 13:05:42', '', 1, 2, '2013-11-12 10:04:15'),
(28, 'Gårdsförsäljning ska vara tillåtet', 'YESNO', 2, 0, 2, '2013-11-11 17:32:24', '2013-10-21 13:05:42', '', 1, 2, '2013-11-11 17:32:24'),
(29, 'Modersmålsundervisning ska vara en rättighet', 'YESNO', 2, 0, 2, '2013-11-12 10:03:42', '2013-10-21 13:05:42', '', 1, 2, '2013-11-12 10:03:42'),
(30, 'Nytillverkade bilar ska utrustas med alkolås', 'YESNO', 2, 0, 2, '2013-11-05 21:28:32', '2013-10-21 13:05:42', '', 0, 0, '0000-00-00 00:00:00'),
(31, 'Receptfria läkemedel ska kunna köpas i vanliga affärer', 'YESNO', 2, 0, 2, '2013-11-05 21:30:45', '2013-10-21 13:05:42', '', 0, 0, '0000-00-00 00:00:00'),
(32, 'Elever ska ha betyg från årskurs', 'CHOICE', 2, 0, 2, '2013-11-12 09:31:13', '2013-10-21 13:05:42', '', 0, 2, '2013-11-11 15:59:43'),
(48, 'Trängselskatt ska införas i flera städer', 'YESNO', 2, 0, 2, '2013-11-05 21:32:57', '2013-10-22 08:33:53', '', 0, 0, '0000-00-00 00:00:00'),
(49, 'Sverige ska investera i höghastighetståg', 'YESNO', 2, 0, 2, '2013-11-05 21:32:23', '2013-10-22 08:35:04', '', 0, 0, '0000-00-00 00:00:00'),
(50, 'Licensjakt på varg ska vara tillåten', 'YESNO', 2, 0, 2, '2013-11-05 21:27:49', '2013-10-22 08:39:56', '', 0, 0, '0000-00-00 00:00:00'),
(51, 'Bensinskatten ska höjas', 'YESNO', 2, 0, 2, '2013-11-08 23:10:43', '2013-10-22 08:40:34', '', 1, 2, '2013-11-08 23:10:43'),
(52, 'Statliga museer ska ha fri entré', 'YESNO', 2, 0, 2, '2013-11-05 21:31:27', '2013-10-22 08:41:35', '', 0, 0, '0000-00-00 00:00:00'),
(53, 'Icke-kommersiell kopiering av upphovsrättsskyddat material ska vara tillåten', 'YESNO', 2, 0, 2, '2013-11-11 17:32:35', '2013-10-22 08:45:02', '', 1, 2, '2013-11-11 17:32:35'),
(54, 'TV-licensen ska avskaffas', 'YESNO', 2, 0, 2, '2013-11-05 21:33:13', '2013-10-22 08:45:54', '', 0, 0, '0000-00-00 00:00:00'),
(55, 'Kommuner ska kunna säga nej till att ta emot flyktingar', 'YESNO', 2, 0, 2, '2013-11-05 21:26:49', '2013-10-22 08:47:27', '', 0, 0, '0000-00-00 00:00:00'),
(56, 'Papperslösa flyktingar ska ha rätt till vård', 'YESNO', 2, 0, 2, '2013-11-12 10:03:55', '2013-10-22 08:48:10', '', 1, 2, '2013-11-12 10:03:55'),
(57, 'Förbud för lärare att bära heltäckande slöja', 'YESNO', 2, 0, 2, '2013-11-11 17:32:02', '2013-10-22 08:49:45', '', 1, 2, '2013-11-11 17:32:02'),
(58, 'Vårdnadsbidraget ska avskaffas', 'YESNO', 2, 0, 2, '2013-11-05 21:33:35', '2013-10-22 08:51:57', '', 0, 0, '0000-00-00 00:00:00'),
(59, 'Förmögenhetsskatten ska återinföras', 'YESNO', 2, 0, 2, '2013-11-11 17:32:09', '2013-10-22 08:52:38', '', 1, 2, '2013-11-11 17:32:09'),
(60, 'Pension och lön ska ha samma beskattning', 'YESNO', 2, 0, 2, '2013-11-12 10:04:09', '2013-10-22 08:53:39', '', 1, 2, '2013-11-12 10:04:09'),
(61, 'Rut-avdraget ska avskaffas', 'YESNO', 2, 0, 2, '2013-11-05 21:30:51', '2013-10-22 08:54:01', '', 0, 0, '0000-00-00 00:00:00'),
(62, 'Sexköpslagen ska avskaffas', 'YESNO', 2, 0, 2, '2013-11-05 21:31:02', '2013-10-22 08:57:43', '', 0, 0, '0000-00-00 00:00:00'),
(63, 'Rattfyllerister ska få hårdare straff', 'YESNO', 2, 0, 2, '2013-11-05 21:30:31', '2013-10-22 09:00:32', '', 0, 0, '0000-00-00 00:00:00'),
(64, 'Våldsbrott ska bestraffas hårdare', 'YESNO', 2, 0, 2, '2013-11-05 21:33:30', '2013-10-22 09:00:54', '', 0, 0, '0000-00-00 00:00:00'),
(65, 'Förtidspension ska vara möjlig när man är', 'YESNO', 2, 0, 2, '2013-11-05 21:26:00', '2013-10-22 09:03:57', '', 0, 0, '0000-00-00 00:00:00'),
(66, 'Sjukförsäkringen ska vara tidsbegränsad', 'YESNO', 2, 0, 2, '2013-11-05 21:31:13', '2013-10-22 09:17:45', '', 0, 0, '0000-00-00 00:00:00'),
(67, 'Tandvård ska ingå i sjukförsäkringen', 'YESNO', 2, 0, 2, '2013-11-05 21:32:48', '2013-10-22 09:18:05', '', 0, 0, '0000-00-00 00:00:00'),
(68, 'A-kassan ska vara obligatorisk', 'YESNO', 6, 0, 2, '2013-11-07 22:26:17', '2013-10-22 09:19:03', '', 0, 2, '2013-11-07 22:21:49'),
(69, 'Omskärelse ska vara tillåtet endast av medicinska skäl', 'YESNO', 2, 0, 2, '2013-11-05 21:28:44', '2013-10-22 09:33:47', '', 0, 0, '0000-00-00 00:00:00'),
(70, 'Alkoholmonopolet ska avskaffas', 'YESNO', 2, 0, 2, '2013-11-08 23:10:34', '2013-10-22 09:35:16', '', 1, 2, '2013-11-08 23:10:34'),
(71, 'Svenska soldater ska tas hem ifrån Afghanistan', 'YESNO', 2, 0, 2, '2013-11-05 21:31:35', '2013-10-22 09:58:47', '', 0, 0, '0000-00-00 00:00:00'),
(72, 'Sverige ska sluta exportera vapen', 'YESNO', 2, 0, 2, '2013-11-05 21:32:31', '2013-10-22 09:59:27', '', 0, 0, '0000-00-00 00:00:00'),
(73, 'Värnplikten ska återinföras', 'YESNO', 2, 0, 2, '2013-11-05 21:33:42', '2013-10-22 10:00:04', '', 0, 0, '0000-00-00 00:00:00'),
(74, 'Sverige ska gå ur EU', 'YESNO', 2, 0, 2, '2013-11-05 21:31:45', '2013-10-22 10:00:31', '', 0, 0, '0000-00-00 00:00:00'),
(75, 'Förstatliga skolan', 'YESNO', 2, 0, 2, '2013-11-11 17:32:16', '2013-10-22 10:00:59', '', 1, 2, '2013-11-11 17:32:16'),
(76, 'Begränsa antal friskolor', 'YESNO', 2, 0, 2, '2013-11-05 21:24:17', '2013-10-22 10:02:01', '', 0, 0, '0000-00-00 00:00:00'),
(77, 'Alla gymnasieprogram ska leda till högskolebehörighet', 'YESNO', 2, 0, 2, '2013-11-08 23:10:40', '2013-10-22 10:02:27', '', 1, 2, '2013-11-08 23:10:40'),
(78, 'Monarkin ska avskaffas', 'YESNO', 2, 0, 2, '2013-11-12 10:03:48', '2013-10-22 10:03:36', '', 1, 2, '2013-11-12 10:03:48'),
(79, 'Sverige ska hålla fler folkomröstningar', 'YESNO', 2, 0, 2, '2013-11-05 21:32:06', '2013-10-22 10:04:21', '', 0, 0, '0000-00-00 00:00:00'),
(80, 'testfråga2', 'YESNO', 6, 1, 6, '2013-11-07 22:46:32', '2013-11-07 22:46:24', 'hej', 0, 0, '0000-00-00 00:00:00');

-- --------------------------------------------------------

--
-- Table structure for table `question_tags`
--

CREATE TABLE IF NOT EXISTS `question_tags` (
  `id` int(11) NOT NULL AUTO_INCREMENT,
  `question_id` int(11) NOT NULL,
  `tag_id` int(11) NOT NULL,
  PRIMARY KEY (`id`)
) ENGINE=InnoDB  DEFAULT CHARSET=latin1 AUTO_INCREMENT=173 ;

--
-- Dumping data for table `question_tags`
--

INSERT INTO `question_tags` (`id`, `question_id`, `tag_id`) VALUES
(9, 76, 51),
(10, 76, 54),
(21, 65, 58),
(28, 55, 63),
(36, 50, 68),
(37, 50, 69),
(41, 30, 36),
(42, 30, 49),
(43, 69, 37),
(44, 69, 56),
(47, 14, 72),
(52, 63, 36),
(53, 63, 49),
(54, 63, 74),
(55, 31, 75),
(56, 31, 76),
(57, 61, 77),
(59, 62, 74),
(60, 62, 78),
(61, 66, 79),
(62, 52, 47),
(63, 71, 27),
(64, 71, 46),
(67, 74, 34),
(68, 79, 44),
(72, 49, 41),
(73, 72, 38),
(74, 72, 39),
(75, 72, 43),
(76, 67, 37),
(77, 67, 79),
(78, 67, 80),
(79, 48, 35),
(80, 48, 36),
(83, 54, 47),
(85, 64, 74),
(86, 58, 28),
(87, 73, 26),
(88, 73, 27),
(121, 22, 29),
(122, 22, 52),
(123, 68, 48),
(127, 20, 29),
(128, 20, 53),
(129, 70, 49),
(130, 70, 50),
(131, 77, 51),
(132, 51, 35),
(133, 51, 36),
(135, 15, 27),
(136, 15, 55),
(137, 57, 51),
(138, 57, 56),
(139, 59, 35),
(140, 59, 57),
(141, 75, 51),
(142, 28, 49),
(143, 53, 59),
(144, 53, 60),
(145, 53, 61),
(146, 32, 51),
(147, 24, 41),
(148, 24, 62),
(149, 19, 64),
(150, 26, 65),
(151, 26, 66),
(152, 26, 67),
(153, 25, 65),
(154, 25, 66),
(155, 25, 67),
(156, 29, 51),
(157, 29, 70),
(158, 78, 71),
(159, 56, 37),
(160, 56, 63),
(161, 21, 37),
(162, 21, 73),
(163, 60, 35),
(164, 60, 58),
(165, 27, 27),
(166, 27, 45),
(167, 17, 34),
(168, 17, 42),
(169, 17, 43),
(170, 23, 34),
(171, 23, 81),
(172, 18, 32);

-- --------------------------------------------------------

--
-- Table structure for table `quiz_results`
--

CREATE TABLE IF NOT EXISTS `quiz_results` (
  `id` varchar(40) NOT NULL,
  `data` text NOT NULL,
  `created` timestamp NOT NULL DEFAULT CURRENT_TIMESTAMP ON UPDATE CURRENT_TIMESTAMP
) ENGINE=InnoDB DEFAULT CHARSET=latin1;

--
-- Dumping data for table `quiz_results`
--

INSERT INTO `quiz_results` (`id`, `data`, `created`) VALUES
('527d69b7-c324-4b83-86c1-5db4f70e163e', '[{key: "Cumulative Return",values: [{value:7.6923076923077,color:"#ed1b34",label:"Socialdemokraterna"},{value:0,color:"#66bee6",label:"Moderaterna"},{value:0,color:"#004990",label:"Folkpartiet"},{value:5.5555555555556,color:"#499754",label:"Miljöpartiet"},{value:40,color:"#660087",label:"Piratpartiet"},{value:0,color:"#099a54",label:"Centerpartiet"},{value:4.7619047619048,color:"#ed1c24",label:"Vänsterpartiet"},{value:0,color:"#009ddc",label:"Sverigedemokraterna"},{value:0,color:"#005aa9",label:"Kristdemokraterna"},]}]', '2013-11-08 22:46:15'),
('527d69d0-472c-45e7-9b03-60bef70e163e', '[{key: "Cumulative Return",values: [{value:7.6923076923077,color:"#ed1b34",label:"Socialdemokraterna"},{value:0,color:"#66bee6",label:"Moderaterna"},{value:0,color:"#004990",label:"Folkpartiet"},{value:5.5555555555556,color:"#499754",label:"Miljöpartiet"},{value:40,color:"#660087",label:"Piratpartiet"},{value:0,color:"#099a54",label:"Centerpartiet"},{value:4.7619047619048,color:"#ed1c24",label:"Vänsterpartiet"},{value:0,color:"#009ddc",label:"Sverigedemokraterna"},{value:0,color:"#005aa9",label:"Kristdemokraterna"},]}]', '2013-11-08 22:46:40'),
('527d69f0-4dd8-4cbd-a289-5efcf70e163e', '[{key: "Cumulative Return",values: [{value:7.6923076923077,color:"#ed1b34",label:"Socialdemokraterna"},{value:0,color:"#66bee6",label:"Moderaterna"},{value:0,color:"#004990",label:"Folkpartiet"},{value:5.5555555555556,color:"#499754",label:"Miljöpartiet"},{value:40,color:"#660087",label:"Piratpartiet"},{value:0,color:"#099a54",label:"Centerpartiet"},{value:4.7619047619048,color:"#ed1c24",label:"Vänsterpartiet"},{value:0,color:"#009ddc",label:"Sverigedemokraterna"},{value:0,color:"#005aa9",label:"Kristdemokraterna"},]}]', '2013-11-08 22:47:12'),
('527d6a39-ad6c-4d6e-ab6b-60fbf70e163e', '[{key: "Cumulative Return",values: [{value:3.8461538461538,color:"#ed1b34",label:"Socialdemokraterna"},{value:0,color:"#66bee6",label:"Moderaterna"},{value:0,color:"#004990",label:"Folkpartiet"},{value:0,color:"#499754",label:"Miljöpartiet"},{value:20,color:"#660087",label:"Piratpartiet"},{value:0,color:"#099a54",label:"Centerpartiet"},{value:0,color:"#ed1c24",label:"Vänsterpartiet"},{value:0,color:"#009ddc",label:"Sverigedemokraterna"},{value:0,color:"#005aa9",label:"Kristdemokraterna"},]}]', '2013-11-08 22:48:25'),
('527d6a44-7428-4b7c-a574-6064f70e163e', '[{key: "Cumulative Return",values: [{value:3.8461538461538,color:"#ed1b34",label:"Socialdemokraterna"},{value:0,color:"#66bee6",label:"Moderaterna"},{value:0,color:"#004990",label:"Folkpartiet"},{value:0,color:"#499754",label:"Miljöpartiet"},{value:20,color:"#660087",label:"Piratpartiet"},{value:0,color:"#099a54",label:"Centerpartiet"},{value:0,color:"#ed1c24",label:"Vänsterpartiet"},{value:0,color:"#009ddc",label:"Sverigedemokraterna"},{value:0,color:"#005aa9",label:"Kristdemokraterna"},]}]', '2013-11-08 22:48:36'),
('527d6a48-a6d8-4bc0-9a18-6064f70e163e', '[{key: "Cumulative Return",values: [{value:3.8461538461538,color:"#ed1b34",label:"Socialdemokraterna"},{value:0,color:"#66bee6",label:"Moderaterna"},{value:0,color:"#004990",label:"Folkpartiet"},{value:0,color:"#499754",label:"Miljöpartiet"},{value:20,color:"#660087",label:"Piratpartiet"},{value:0,color:"#099a54",label:"Centerpartiet"},{value:0,color:"#ed1c24",label:"Vänsterpartiet"},{value:0,color:"#009ddc",label:"Sverigedemokraterna"},{value:0,color:"#005aa9",label:"Kristdemokraterna"},]}]', '2013-11-08 22:48:40'),
('527d6a59-2df4-4992-bfc0-5d1af70e163e', '[{key: "Cumulative Return",values: [{value:3.8461538461538,color:"#ed1b34",label:"Socialdemokraterna"},{value:0,color:"#66bee6",label:"Moderaterna"},{value:0,color:"#004990",label:"Folkpartiet"},{value:0,color:"#499754",label:"Miljöpartiet"},{value:20,color:"#660087",label:"Piratpartiet"},{value:0,color:"#099a54",label:"Centerpartiet"},{value:0,color:"#ed1c24",label:"Vänsterpartiet"},{value:0,color:"#009ddc",label:"Sverigedemokraterna"},{value:0,color:"#005aa9",label:"Kristdemokraterna"},]}]', '2013-11-08 22:48:57'),
('527d6a6a-3504-4aa4-8e15-60bef70e163e', '[{key: "Cumulative Return",values: [{value:3.8461538461538,color:"#ed1b34",label:"Socialdemokraterna"},{value:0,color:"#66bee6",label:"Moderaterna"},{value:0,color:"#004990",label:"Folkpartiet"},{value:0,color:"#499754",label:"Miljöpartiet"},{value:20,color:"#660087",label:"Piratpartiet"},{value:0,color:"#099a54",label:"Centerpartiet"},{value:0,color:"#ed1c24",label:"Vänsterpartiet"},{value:0,color:"#009ddc",label:"Sverigedemokraterna"},{value:0,color:"#005aa9",label:"Kristdemokraterna"},]}]', '2013-11-08 22:49:14'),
('527d6a6e-11e4-4264-831a-60bef70e163e', '[{key: "Cumulative Return",values: [{value:3.8461538461538,color:"#ed1b34",label:"Socialdemokraterna"},{value:0,color:"#66bee6",label:"Moderaterna"},{value:0,color:"#004990",label:"Folkpartiet"},{value:0,color:"#499754",label:"Miljöpartiet"},{value:20,color:"#660087",label:"Piratpartiet"},{value:0,color:"#099a54",label:"Centerpartiet"},{value:0,color:"#ed1c24",label:"Vänsterpartiet"},{value:0,color:"#009ddc",label:"Sverigedemokraterna"},{value:0,color:"#005aa9",label:"Kristdemokraterna"},]}]', '2013-11-08 22:49:18'),
('527d6b0d-ff1c-457b-a60a-60fbf70e163e', '[{key: "Cumulative Return",values: [{value:3.8461538461538,color:"#ed1b34",label:"Socialdemokraterna"},{value:11.764705882353,color:"#66bee6",label:"Moderaterna"},{value:4.1666666666667,color:"#004990",label:"Folkpartiet"},{value:5.5555555555556,color:"#499754",label:"Miljöpartiet"},{value:20,color:"#660087",label:"Piratpartiet"},{value:7.4074074074074,color:"#099a54",label:"Centerpartiet"},{value:4.7619047619048,color:"#ed1c24",label:"Vänsterpartiet"},{value:5.2631578947368,color:"#009ddc",label:"Sverigedemokraterna"},{value:10.526315789474,color:"#005aa9",label:"Kristdemokraterna"},]}]', '2013-11-08 22:51:57'),
('527d6b48-294c-4108-b836-60bcf70e163e', '[{key: "Cumulative Return",values: [{value:3.8461538461538,color:"#ed1b34",label:"Socialdemokraterna"},{value:11.764705882353,color:"#66bee6",label:"Moderaterna"},{value:4.1666666666667,color:"#004990",label:"Folkpartiet"},{value:5.5555555555556,color:"#499754",label:"Miljöpartiet"},{value:20,color:"#660087",label:"Piratpartiet"},{value:7.4074074074074,color:"#099a54",label:"Centerpartiet"},{value:4.7619047619048,color:"#ed1c24",label:"Vänsterpartiet"},{value:5.2631578947368,color:"#009ddc",label:"Sverigedemokraterna"},{value:10.526315789474,color:"#005aa9",label:"Kristdemokraterna"},]}]', '2013-11-08 22:52:56'),
('527d6f7d-d0f8-4268-9c9d-62a4f70e163e', '[{key: "Cumulative Return",values: [{value:66.666666666667,color:"#ed1b34",label:"Socialdemokraterna"},{value:0,color:"#66bee6",label:"Moderaterna"},{value:0,color:"#004990",label:"Folkpartiet"},{value:100,color:"#499754",label:"Miljöpartiet"},{value:0,color:"#099a54",label:"Centerpartiet"},{value:100,color:"#ed1c24",label:"Vänsterpartiet"},{value:0,color:"#009ddc",label:"Sverigedemokraterna"},{value:0,color:"#005aa9",label:"Kristdemokraterna"},]}]', '2013-11-08 23:10:53'),
('527d6f8b-93fc-4c4d-a922-5db4f70e163e', '[{key: "Cumulative Return",values: [{value:66.666666666667,color:"#ed1b34",label:"Socialdemokraterna"},{value:0,color:"#66bee6",label:"Moderaterna"},{value:0,color:"#004990",label:"Folkpartiet"},{value:100,color:"#499754",label:"Miljöpartiet"},{value:0,color:"#099a54",label:"Centerpartiet"},{value:100,color:"#ed1c24",label:"Vänsterpartiet"},{value:0,color:"#009ddc",label:"Sverigedemokraterna"},{value:0,color:"#005aa9",label:"Kristdemokraterna"},]}]', '2013-11-08 23:11:07'),
('527d6fa6-c074-4c2a-8a7e-62baf70e163e', '[{key: "Cumulative Return",values: [{value:33.333333333333,color:"#ed1b34",label:"Socialdemokraterna"},{value:0,color:"#66bee6",label:"Moderaterna"},{value:0,color:"#004990",label:"Folkpartiet"},{value:50,color:"#499754",label:"Miljöpartiet"},{value:0,color:"#099a54",label:"Centerpartiet"},{value:0,color:"#ed1c24",label:"Vänsterpartiet"},{value:0,color:"#009ddc",label:"Sverigedemokraterna"},{value:0,color:"#005aa9",label:"Kristdemokraterna"},]}]', '2013-11-08 23:11:34'),
('527d700f-c27c-4c54-bcf9-5ff6f70e163e', '[{key: "Cumulative Return",values: [{value:33.333333333333,color:"#ed1b34",label:"Socialdemokraterna"},{value:0,color:"#66bee6",label:"Moderaterna"},{value:0,color:"#004990",label:"Folkpartiet"},{value:50,color:"#499754",label:"Miljöpartiet"},{value:0,color:"#099a54",label:"Centerpartiet"},{value:0,color:"#ed1c24",label:"Vänsterpartiet"},{value:0,color:"#009ddc",label:"Sverigedemokraterna"},{value:0,color:"#005aa9",label:"Kristdemokraterna"},]}]', '2013-11-08 23:13:19'),
('527d7207-30d0-4b93-be6e-60bef70e163e', '[{key: "Cumulative Return",values: [{value:33.333333333333,color:"#ed1b34",label:"Socialdemokraterna"},{value:0,color:"#66bee6",label:"Moderaterna"},{value:0,color:"#004990",label:"Folkpartiet"},{value:50,color:"#499754",label:"Miljöpartiet"},{value:0,color:"#660087",label:"Piratpartiet"},{value:0,color:"#099a54",label:"Centerpartiet"},{value:0,color:"#ed1c24",label:"Vänsterpartiet"},{value:0,color:"#009ddc",label:"Sverigedemokraterna"},{value:0,color:"#005aa9",label:"Kristdemokraterna"},]}]', '2013-11-08 23:21:43'),
('527d7224-0ffc-4665-9b90-5ea8f70e163e', '[{key: "Cumulative Return",values: [{value:66.666666666667,color:"#ed1b34",label:"Socialdemokraterna"},{value:0,color:"#66bee6",label:"Moderaterna"},{value:0,color:"#004990",label:"Folkpartiet"},{value:100,color:"#499754",label:"Miljöpartiet"},{value:0,color:"#660087",label:"Piratpartiet"},{value:0,color:"#099a54",label:"Centerpartiet"},{value:100,color:"#ed1c24",label:"Vänsterpartiet"},{value:0,color:"#009ddc",label:"Sverigedemokraterna"},{value:0,color:"#005aa9",label:"Kristdemokraterna"},]}]', '2013-11-08 23:22:12'),
('527d733a-ad6c-4de7-a44d-6500f70e163e', '[{key: "Cumulative Return",values: [{value:0,color:"#ed1b34",label:"Socialdemokraterna"},{value:0,color:"#66bee6",label:"Moderaterna"},{value:0,color:"#004990",label:"Folkpartiet"},{value:0,color:"#499754",label:"Miljöpartiet"},{value:0,color:"#660087",label:"Piratpartiet"},{value:0,color:"#099a54",label:"Centerpartiet"},{value:0,color:"#ed1c24",label:"Vänsterpartiet"},{value:0,color:"#009ddc",label:"Sverigedemokraterna"},{value:0,color:"#005aa9",label:"Kristdemokraterna"},]}]', '2013-11-08 23:26:50'),
('527e8c49-b724-4e0d-9719-15cff70e163e', '[{key: "Cumulative Return",values: [{value:33.333333333333,color:"#ed1b34",label:"Socialdemokraterna"},{value:100,color:"#66bee6",label:"Moderaterna"},{value:100,color:"#004990",label:"Folkpartiet"},{value:0,color:"#499754",label:"Miljöpartiet"},{value:0,color:"#660087",label:"Piratpartiet"},{value:100,color:"#099a54",label:"Centerpartiet"},{value:0,color:"#ed1c24",label:"Vänsterpartiet"},{value:100,color:"#009ddc",label:"Sverigedemokraterna"},{value:100,color:"#005aa9",label:"Kristdemokraterna"},]}]', '2013-11-09 19:26:01'),
('527e8cf3-c590-4a64-af6e-17c4f70e163e', '[{key: "Cumulative Return",values: [{value:33.333333333333,color:"#ed1b34",label:"Socialdemokraterna"},{value:100,color:"#66bee6",label:"Moderaterna"},{value:100,color:"#004990",label:"Folkpartiet"},{value:0,color:"#499754",label:"Miljöpartiet"},{value:0,color:"#660087",label:"Piratpartiet"},{value:100,color:"#099a54",label:"Centerpartiet"},{value:0,color:"#ed1c24",label:"Vänsterpartiet"},{value:100,color:"#009ddc",label:"Sverigedemokraterna"},{value:100,color:"#005aa9",label:"Kristdemokraterna"},]}]', '2013-11-09 19:28:51'),
('527e8f0b-54b0-4ce2-a5f6-16f1f70e163e', '[{key: "Cumulative Return",values: [{value:66.666666666667,color:"#ed1b34",label:"Socialdemokraterna"},{value:50,color:"#66bee6",label:"Moderaterna"},{value:66.666666666667,color:"#004990",label:"Folkpartiet"},{value:50,color:"#499754",label:"Miljöpartiet"},{value:0,color:"#660087",label:"Piratpartiet"},{value:50,color:"#099a54",label:"Centerpartiet"},{value:0,color:"#ed1c24",label:"Vänsterpartiet"},{value:66.666666666667,color:"#009ddc",label:"Sverigedemokraterna"},{value:50,color:"#005aa9",label:"Kristdemokraterna"},]}]', '2013-11-09 19:37:47'),
('527e91e0-ed80-4174-83da-06d6f70e163e', '[{key: "Cumulative Return",values: [{value:100,color:"#ed1b34",label:"Socialdemokraterna"},{value:0,color:"#66bee6",label:"Moderaterna"},{value:33.333333333333,color:"#004990",label:"Folkpartiet"},{value:100,color:"#499754",label:"Miljöpartiet"},{value:0,color:"#660087",label:"Piratpartiet"},{value:50,color:"#099a54",label:"Centerpartiet"},{value:100,color:"#ed1c24",label:"Vänsterpartiet"},{value:33.333333333333,color:"#009ddc",label:"Sverigedemokraterna"},{value:50,color:"#005aa9",label:"Kristdemokraterna"},]}]', '2013-11-09 19:50:03'),
('527f6696-2374-42e2-a923-06c2f70e163e', '[{key: "Cumulative Return",values: [{value:0,color:"#ed1b34",label:"Socialdemokraterna"},{value:50,color:"#66bee6",label:"Moderaterna"},{value:33.333333333333,color:"#004990",label:"Folkpartiet"},{value:0,color:"#499754",label:"Miljöpartiet"},{value:0,color:"#660087",label:"Piratpartiet"},{value:0,color:"#099a54",label:"Centerpartiet"},{value:0,color:"#ed1c24",label:"Vänsterpartiet"},{value:33.333333333333,color:"#009ddc",label:"Sverigedemokraterna"},{value:0,color:"#005aa9",label:"Kristdemokraterna"},]}]', '2013-11-10 10:57:37'),
('527f67dd-dc2c-4400-b9de-0f04f70e163e', '[{key: "Cumulative Return",values: [{value:66.666666666667,color:"#ed1b34",label:"Socialdemokraterna"},{value:0,color:"#66bee6",label:"Moderaterna"},{value:0,color:"#004990",label:"Folkpartiet"},{value:100,color:"#499754",label:"Miljöpartiet"},{value:0,color:"#660087",label:"Piratpartiet"},{value:0,color:"#099a54",label:"Centerpartiet"},{value:100,color:"#ed1c24",label:"Vänsterpartiet"},{value:0,color:"#009ddc",label:"Sverigedemokraterna"},{value:0,color:"#005aa9",label:"Kristdemokraterna"},]}]', '2013-11-10 11:03:06'),
('527f6817-8740-4cba-9086-06c3f70e163e', '[{key: "Cumulative Return",values: [{value:33.333333333333,color:"#ed1b34",label:"Socialdemokraterna"},{value:100,color:"#66bee6",label:"Moderaterna"},{value:100,color:"#004990",label:"Folkpartiet"},{value:0,color:"#499754",label:"Miljöpartiet"},{value:0,color:"#660087",label:"Piratpartiet"},{value:100,color:"#099a54",label:"Centerpartiet"},{value:0,color:"#ed1c24",label:"Vänsterpartiet"},{value:100,color:"#009ddc",label:"Sverigedemokraterna"},{value:100,color:"#005aa9",label:"Kristdemokraterna"},]}]', '2013-11-10 11:04:00'),
('527f6f32-c610-4b34-892a-06c2f70e163e', '[{key: "Cumulative Return",values: [{value:66.666666666667,color:"#ed1b34",label:"Socialdemokraterna"},{value:50,color:"#66bee6",label:"Moderaterna"},{value:66.666666666667,color:"#004990",label:"Folkpartiet"},{value:50,color:"#499754",label:"Miljöpartiet"},{value:0,color:"#660087",label:"Piratpartiet"},{value:50,color:"#099a54",label:"Centerpartiet"},{value:0,color:"#ed1c24",label:"Vänsterpartiet"},{value:66.666666666667,color:"#009ddc",label:"Sverigedemokraterna"},{value:50,color:"#005aa9",label:"Kristdemokraterna"},]}]', '2013-11-10 11:34:22'),
('527f704c-02e8-48e2-8356-0fb3f70e163e', '[{key: "Cumulative Return",values: [{value:66.666666666667,color:"#ed1b34",label:"Socialdemokraterna"},{value:0,color:"#66bee6",label:"Moderaterna"},{value:33.333333333333,color:"#004990",label:"Folkpartiet"},{value:50,color:"#499754",label:"Miljöpartiet"},{value:0,color:"#660087",label:"Piratpartiet"},{value:50,color:"#099a54",label:"Centerpartiet"},{value:0,color:"#ed1c24",label:"Vänsterpartiet"},{value:33.333333333333,color:"#009ddc",label:"Sverigedemokraterna"},{value:50,color:"#005aa9",label:"Kristdemokraterna"},]}]', '2013-11-10 11:38:58'),
('527fcbdf-ec98-410c-90e7-1bf3f70e163e', '', '2013-11-10 18:09:35'),
('527fccae-f880-46e9-bf31-0fe8f70e163e', '', '2013-11-10 18:24:42'),
('527fff6d-5674-4144-8b94-1c4ef70e163e', '', '2013-11-10 21:51:09'),
('5280015b-5ad8-4860-8091-1ee4f70e163e', '', '2013-11-10 21:59:18'),
('5280031b-970c-4d7f-bded-1ee4f70e163e', '{"question_agree_rate":{"1":100,"2":0,"3":33.333333333333,"4":0,"5":50,"6":50,"7":100,"8":33.333333333333,"9":100},"points_percentage":{"1":50,"2":0,"3":0,"4":0,"5":8.3333333333333,"6":8.3333333333333,"7":8.3333333333333,"8":0,"9":25}}', '2013-11-10 22:05:34'),
('52810025-3e88-492f-b164-29b8f70e163e', '{"question_agree_rate":{"1":50,"2":25,"3":40,"4":100,"5":25,"6":25,"7":33,"8":50,"9":67},"points_percentage":{"1":13,"2":0,"3":0,"4":38,"5":0,"6":0,"7":0,"8":0,"9":50}}', '2013-11-11 16:05:17'),
('52810830-2344-417c-958a-29b8f70e163e', '{"question_agree_rate":{"1":50,"2":25,"3":40,"4":100,"5":25,"6":25,"7":33,"8":50,"9":67},"points_percentage":{"1":15,"2":8,"3":15,"4":8,"5":8,"6":8,"7":8,"8":15,"9":15}}', '2013-11-11 16:40:08'),
('5281090d-8c00-43ea-859a-29b8f70e163e', '{"question_agree_rate":{"1":50,"2":25,"3":40,"4":100,"5":25,"6":25,"7":33,"8":50,"9":67},"points_percentage":{"1":17,"2":6,"3":14,"4":8,"5":8,"6":8,"7":8,"8":14,"9":17}}', '2013-11-11 16:43:18'),
('52810bd9-e3ac-423d-80f0-3267f70e163e', '{"question_agree_rate":{"1":50,"2":25,"3":40,"4":100,"5":25,"6":25,"7":33,"8":50,"9":67},"points_percentage":{"1":17,"2":6,"3":14,"4":8,"5":8,"6":8,"7":8,"8":14,"9":17}}', '2013-11-11 16:55:16'),
('52810c4c-90f0-4172-9ce9-3167f70e163e', '{"question_agree_rate":{"1":0,"2":50,"3":40,"4":100,"5":25,"6":25,"7":33,"8":50,"9":33},"points_percentage":{"1":0,"2":19,"3":19,"4":7,"5":11,"6":11,"7":7,"8":19,"9":7}}', '2013-11-11 16:56:57'),
('52811450-110c-4e83-a417-329bf70e163e', '{"question_agree_rate":{"1":0,"2":50,"3":40,"4":100,"5":25,"6":25,"7":33,"8":50,"9":33},"points_percentage":{"1":3,"2":14,"3":11,"4":17,"5":9,"6":9,"7":11,"8":14,"9":11}}', '2013-11-11 17:31:12'),
('528114b9-1ed8-4b53-b67b-31e4f70e163e', '{"question_agree_rate":{"1":56,"2":29,"3":50,"4":100,"5":11,"6":29,"7":57,"8":50,"9":71},"points_percentage":{"1":14,"2":5,"3":13,"4":12,"5":4,"6":8,"7":15,"8":12,"9":17}}', '2013-11-11 17:33:24'),
('52811ac3-ce5c-4d06-b67a-35f5f70e163e', '{"question_agree_rate":{"1":0,"2":0,"3":0,"4":0,"5":0,"6":0,"7":0,"8":0,"9":0},"points_percentage":{"1":4,"2":13,"3":0,"4":33,"5":4,"6":13,"7":13,"8":8,"9":13}}', '2013-11-11 17:59:18'),
('52811f7f-57c0-49e2-9ed5-36c8f70e163e', '{"question_agree_rate":{"1":0,"2":0,"3":0,"4":0,"5":0,"6":0,"7":0,"8":0,"9":0},"points_percentage":{"1":11,"2":11,"3":11,"4":11,"5":11,"6":11,"7":11,"8":11,"9":11}}', '2013-11-11 18:18:51'),
('5281313c-50b0-46bd-b0b2-3af0f70e163e', '{"question_agree_rate":{"1":0,"2":0,"3":0,"4":0,"5":0,"6":0,"7":0,"8":0,"9":0},"points_percentage":{"1":11,"2":11,"3":11,"4":12,"5":11,"6":11,"7":11,"8":11,"9":12}}', '2013-11-11 19:35:02'),
('528131aa-e1f8-43f6-a6fc-3ab7f70e163e', '{"question_agree_rate":{"1":22,"2":14,"3":20,"4":100,"5":22,"6":29,"7":57,"8":13,"9":71},"points_percentage":{"1":8,"2":6,"3":7,"4":15,"5":8,"6":10,"7":18,"8":6,"9":21}}', '2013-11-11 19:36:28'),
('528131e9-c560-4c3f-97ab-37daf70e163e', '{"question_agree_rate":{"1":56,"2":29,"3":50,"4":100,"5":11,"6":29,"7":57,"8":50,"9":71},"points_percentage":{"1":15,"2":6,"3":13,"4":11,"5":4,"6":7,"7":15,"8":12,"9":17}}', '2013-11-11 19:38:08'),
('52814fcc-a7f8-4729-b03a-452bf70e163e', '{"question_agree_rate":{"1":0,"2":0,"3":0,"4":0,"5":0,"6":0,"7":0,"8":0,"9":0},"points_percentage":{"1":4,"2":13,"3":0,"4":33,"5":4,"6":13,"7":13,"8":8,"9":13}}', '2013-11-11 21:44:54'),
('528150b2-73e4-4376-9bf9-4636f70e163e', '{"question_agree_rate":{"1":0,"2":0,"3":0,"4":0,"5":0,"6":0,"7":0,"8":0,"9":0},"points_percentage":{"1":11,"2":11,"3":11,"4":11,"5":11,"6":11,"7":11,"8":11,"9":11}}', '2013-11-11 21:48:43'),
('528150ca-dae0-4a31-b087-41e3f70e163e', '{"question_agree_rate":{"1":0,"2":0,"3":0,"4":0,"5":0,"6":0,"7":0,"8":0,"9":0},"points_percentage":{"1":11,"2":11,"3":11,"4":12,"5":11,"6":11,"7":11,"8":11,"9":12}}', '2013-11-11 21:49:23'),
('5281511e-9744-41b8-8bc9-452bf70e163e', '{"question_agree_rate":{"1":0,"2":0,"3":0,"4":0,"5":0,"6":0,"7":0,"8":0,"9":0},"points_percentage":{"1":11,"2":11,"3":11,"4":12,"5":11,"6":11,"7":11,"8":11,"9":12}}', '2013-11-11 21:50:41'),
('528152a0-b870-4cb4-977a-452cf70e163e', '{"question_agree_rate":{"1":0,"2":0,"3":0,"4":0,"5":0,"6":0,"7":0,"8":0,"9":0},"points_percentage":{"1":4,"2":13,"3":0,"4":33,"5":4,"6":13,"7":13,"8":8,"9":13}}', '2013-11-11 21:57:05'),
('52815340-6a80-4757-8540-452bf70e163e', '{"question_agree_rate":{"1":0,"2":29,"3":10,"4":100,"5":22,"6":14,"7":29,"8":25,"9":29},"points_percentage":{"1":1,"2":14,"3":5,"4":20,"5":11,"6":9,"7":14,"8":13,"9":14}}', '2013-11-11 22:02:25'),
('5281f566-1bc4-4874-9122-4636f70e163e', '{"question_agree_rate":{"1":0,"2":0,"3":0,"4":0,"5":0,"6":0,"7":0,"8":0,"9":0},"points_percentage":{"1":11,"2":11,"3":11,"4":11,"5":11,"6":11,"7":11,"8":11,"9":11}}', '2013-11-12 09:31:27'),
('5281f63b-e160-4f1d-94b3-452cf70e163e', '{"question_agree_rate":{"1":25,"2":0,"3":11,"4":50,"5":13,"6":17,"7":33,"8":14,"9":29},"points_percentage":{"1":15,"2":7,"3":10,"4":10,"5":10,"6":10,"7":14,"8":11,"9":14}}', '2013-11-12 09:35:03'),
('5281f751-302c-40f9-b043-4814f70e163e', '{"question_agree_rate":{"1":0,"2":0,"3":0,"4":0,"5":0,"6":0,"7":0,"8":0,"9":0},"points_percentage":{"1":11,"2":11,"3":11,"4":11,"5":11,"6":11,"7":11,"8":11,"9":11}}', '2013-11-12 09:39:40'),
('5281fb66-29b8-428a-9e74-452cf70e163e', '{"question_agree_rate":{"1":38,"2":33,"3":33,"4":50,"5":13,"6":33,"7":17,"8":29,"9":29},"points_percentage":{"1":16,"2":11,"3":16,"4":8,"5":7,"6":12,"7":7,"8":12,"9":11}}', '2013-11-12 09:57:07'),
('5281fd4c-1d8c-4bd2-a754-452bf70e163e', '{"question_agree_rate":{"1":78,"2":31,"3":40,"4":100,"5":39,"6":50,"7":88,"8":53,"9":82},"points_percentage":{"1":15,"2":7,"3":9,"4":8,"5":8,"6":10,"7":17,"8":11,"9":16}}', '2013-11-12 10:06:34');

-- --------------------------------------------------------

--
-- Table structure for table `roles`
--

CREATE TABLE IF NOT EXISTS `roles` (
  `id` int(11) NOT NULL AUTO_INCREMENT,
  `name` text NOT NULL,
  PRIMARY KEY (`id`)
) ENGINE=InnoDB  DEFAULT CHARSET=latin1 AUTO_INCREMENT=4 ;

--
-- Dumping data for table `roles`
--

INSERT INTO `roles` (`id`, `name`) VALUES
(1, 'admin'),
(2, 'moderator'),
(3, 'contributor');

-- --------------------------------------------------------

--
-- Table structure for table `tags`
--

CREATE TABLE IF NOT EXISTS `tags` (
  `id` int(11) NOT NULL AUTO_INCREMENT,
  `name` varchar(20) NOT NULL,
  `deleted` tinyint(1) NOT NULL DEFAULT '0',
  `created_by` int(11) NOT NULL,
  `created_date` timestamp NOT NULL DEFAULT CURRENT_TIMESTAMP ON UPDATE CURRENT_TIMESTAMP,
  `updated_by` int(11) NOT NULL,
  `updated_date` timestamp NOT NULL DEFAULT '0000-00-00 00:00:00',
  PRIMARY KEY (`id`)
) ENGINE=InnoDB  DEFAULT CHARSET=latin1 AUTO_INCREMENT=82 ;

--
-- Dumping data for table `tags`
--

INSERT INTO `tags` (`id`, `name`, `deleted`, `created_by`, `created_date`, `updated_by`, `updated_date`) VALUES
(26, 'värnplikt', 0, 0, '2013-10-31 19:49:03', 0, '0000-00-00 00:00:00'),
(27, 'försvar', 0, 0, '2013-10-31 19:49:03', 0, '0000-00-00 00:00:00'),
(28, 'bidrag', 0, 0, '2013-10-31 19:49:20', 0, '0000-00-00 00:00:00'),
(29, 'familj', 0, 0, '2013-10-31 19:49:20', 0, '0000-00-00 00:00:00'),
(30, 'brottslighet', 0, 0, '2013-10-31 19:49:34', 0, '0000-00-00 00:00:00'),
(31, 'straff', 0, 0, '2013-10-31 19:49:34', 0, '0000-00-00 00:00:00'),
(32, 'välfärd', 0, 0, '2013-10-31 19:49:48', 0, '0000-00-00 00:00:00'),
(33, 'media', 0, 0, '2013-10-31 19:49:59', 0, '0000-00-00 00:00:00'),
(34, 'eu', 0, 0, '2013-10-31 19:50:10', 0, '0000-00-00 00:00:00'),
(35, 'skatt', 0, 0, '2013-10-31 19:50:22', 0, '0000-00-00 00:00:00'),
(36, 'trafik', 0, 0, '2013-10-31 19:50:22', 0, '0000-00-00 00:00:00'),
(37, 'vård', 0, 0, '2013-10-31 19:55:20', 0, '0000-00-00 00:00:00'),
(38, 'vapen', 0, 0, '2013-10-31 19:55:36', 0, '0000-00-00 00:00:00'),
(39, 'export', 0, 0, '2013-10-31 19:55:36', 0, '0000-00-00 00:00:00'),
(40, 'tåg', 0, 0, '2013-10-31 19:55:57', 0, '0000-00-00 00:00:00'),
(41, 'infrastruktur', 0, 0, '2013-10-31 19:55:57', 0, '0000-00-00 00:00:00'),
(42, 'euro', 0, 0, '2013-10-31 19:56:11', 0, '0000-00-00 00:00:00'),
(43, 'ekonomi', 0, 0, '2013-10-31 19:56:11', 0, '0000-00-00 00:00:00'),
(44, 'demokrati', 0, 0, '2013-10-31 19:56:26', 0, '0000-00-00 00:00:00'),
(45, 'nato', 0, 0, '2013-10-31 19:56:41', 0, '0000-00-00 00:00:00'),
(46, 'afghanistan', 0, 0, '2013-10-31 19:56:55', 0, '0000-00-00 00:00:00'),
(47, 'kultur', 0, 0, '2013-10-31 19:57:10', 0, '0000-00-00 00:00:00'),
(48, 'a-kassa', 0, 0, '2013-11-05 21:22:08', 0, '0000-00-00 00:00:00'),
(49, 'alkohol', 0, 0, '2013-11-05 21:22:52', 0, '0000-00-00 00:00:00'),
(50, 'monopol', 0, 0, '2013-11-05 21:22:52', 0, '0000-00-00 00:00:00'),
(51, 'utbildning', 0, 0, '2013-11-05 21:23:10', 0, '0000-00-00 00:00:00'),
(52, 'äktenskap', 0, 0, '2013-11-05 21:23:56', 0, '0000-00-00 00:00:00'),
(53, 'barnbidrag', 0, 0, '2013-11-05 21:24:07', 0, '0000-00-00 00:00:00'),
(54, 'friskolor', 0, 0, '2013-11-05 21:24:17', 0, '0000-00-00 00:00:00'),
(55, 'fra', 0, 0, '2013-11-05 21:24:51', 0, '0000-00-00 00:00:00'),
(56, 'religion', 0, 0, '2013-11-05 21:25:16', 0, '0000-00-00 00:00:00'),
(57, 'förmögenhetsskatt', 0, 0, '2013-11-05 21:25:44', 0, '0000-00-00 00:00:00'),
(58, 'pension', 0, 0, '2013-11-05 21:26:00', 0, '0000-00-00 00:00:00'),
(59, 'fildelning', 0, 0, '2013-11-05 21:26:29', 0, '0000-00-00 00:00:00'),
(60, 'upphovsrätt', 0, 0, '2013-11-05 21:26:29', 0, '0000-00-00 00:00:00'),
(61, 'piratkopiering', 0, 0, '2013-11-05 21:26:29', 0, '0000-00-00 00:00:00'),
(62, 'järnväg', 0, 0, '2013-11-05 21:26:37', 0, '0000-00-00 00:00:00'),
(63, 'invandring', 0, 0, '2013-11-05 21:26:49', 0, '0000-00-00 00:00:00'),
(64, 'abort', 0, 0, '2013-11-05 21:26:55', 0, '0000-00-00 00:00:00'),
(65, 'kärnkraft', 0, 0, '2013-11-05 21:27:33', 0, '0000-00-00 00:00:00'),
(66, 'miljö', 0, 0, '2013-11-05 21:27:33', 0, '0000-00-00 00:00:00'),
(67, 'energi', 0, 0, '2013-11-05 21:27:33', 0, '0000-00-00 00:00:00'),
(68, 'jakt', 0, 0, '2013-11-05 21:27:49', 0, '0000-00-00 00:00:00'),
(69, 'varg', 0, 0, '2013-11-05 21:27:49', 0, '0000-00-00 00:00:00'),
(70, 'modersmålsundervisni', 0, 0, '2013-11-05 21:28:00', 0, '0000-00-00 00:00:00'),
(71, 'monarki', 0, 0, '2013-11-05 21:28:24', 0, '0000-00-00 00:00:00'),
(72, 'patent', 0, 0, '2013-11-05 21:29:04', 0, '0000-00-00 00:00:00'),
(73, 'dödshjälp', 0, 0, '2013-11-05 21:30:07', 0, '0000-00-00 00:00:00'),
(74, 'brott', 0, 0, '2013-11-05 21:30:31', 0, '0000-00-00 00:00:00'),
(75, 'läkemedel', 0, 0, '2013-11-05 21:30:45', 0, '0000-00-00 00:00:00'),
(76, 'apotek', 0, 0, '2013-11-05 21:30:45', 0, '0000-00-00 00:00:00'),
(77, 'rut', 0, 0, '2013-11-05 21:30:51', 0, '0000-00-00 00:00:00'),
(78, 'prostitution', 0, 0, '2013-11-05 21:30:57', 0, '0000-00-00 00:00:00'),
(79, 'försäkring', 0, 0, '2013-11-05 21:31:13', 0, '0000-00-00 00:00:00'),
(80, 'tandvård', 0, 0, '2013-11-05 21:32:48', 0, '0000-00-00 00:00:00'),
(81, 'turkiet', 0, 0, '2013-11-05 21:33:03', 0, '0000-00-00 00:00:00');

-- --------------------------------------------------------

--
-- Table structure for table `users`
--

CREATE TABLE IF NOT EXISTS `users` (
  `id` int(10) unsigned NOT NULL AUTO_INCREMENT,
  `username` varchar(50) DEFAULT NULL,
  `password` varchar(100) DEFAULT NULL,
  `role_id` int(20) DEFAULT NULL,
  `created_date` datetime DEFAULT NULL,
  `updated_date` datetime DEFAULT NULL,
  `deleted` tinyint(1) NOT NULL DEFAULT '0',
  `created_by` int(11) DEFAULT NULL,
  `updated_by` int(11) DEFAULT NULL,
  `description` text,
  PRIMARY KEY (`id`)
) ENGINE=InnoDB  DEFAULT CHARSET=latin1 AUTO_INCREMENT=7 ;

--
-- Dumping data for table `users`
--

INSERT INTO `users` (`id`, `username`, `password`, `role_id`, `created_date`, `updated_date`, `deleted`, `created_by`, `updated_by`, `description`) VALUES
(2, 'Rasmus Haglund', '$2a$10$fhVUa/SB9dgHrmi.lSSCk.ZCSj4Otgk8U30dbVKESSEu.xq3DJeei', 1, '2013-10-11 20:38:12', '2013-10-21 22:28:05', 0, NULL, 2, 'Rasmus är en trevlig prick'),
(5, 'moderator', '$2a$10$IoMnoMbaeqYEKmjrRos7P.wYXIafF09thSlLxrHCIto2cCRAB69IS', 2, '2013-10-17 13:40:11', NULL, 0, 2, NULL, NULL),
(6, 'contributor', '$2a$10$K1L48./n05.eBugWMCWD8.sRI61gdHWJfJsMGsQToeAognQEmSt1y', 3, '2013-10-17 13:40:27', '0000-00-00 00:00:00', 0, 2, 0, NULL);

-- --------------------------------------------------------

--
-- Table structure for table `user_logs`
--

CREATE TABLE IF NOT EXISTS `user_logs` (
  `id` int(11) NOT NULL AUTO_INCREMENT,
  `user_id` int(11) NOT NULL,
  `model` text NOT NULL,
  `action` text NOT NULL,
  `object_id` int(11) NOT NULL,
  `date` timestamp NOT NULL DEFAULT CURRENT_TIMESTAMP,
  `text` text NOT NULL,
  `ip` text,
  PRIMARY KEY (`id`)
) ENGINE=InnoDB  DEFAULT CHARSET=latin1 AUTO_INCREMENT=500 ;

--
-- Dumping data for table `user_logs`
--

INSERT INTO `user_logs` (`id`, `user_id`, `model`, `action`, `object_id`, `date`, `text`, `ip`) VALUES
(21, 2, 'party', 'add', 14, '2013-10-19 17:31:14', 'testparti', NULL),
(22, 2, 'party', 'edit', 14, '2013-10-19 17:31:32', '', NULL),
(23, 2, 'category', 'add', 36, '2013-10-19 17:33:55', 'testkategori', NULL),
(24, 2, 'category', 'edit', 36, '2013-10-19 17:34:09', '', NULL),
(25, 2, 'question', 'add', 44, '2013-10-19 17:34:44', 'testfråga', NULL),
(26, 2, 'question', 'edit', 44, '2013-10-19 17:35:07', '', NULL),
(27, 2, 'answer', 'add', 139, '2013-10-19 17:35:49', 'testsvar', NULL),
(28, 2, 'answer', 'edit', 139, '2013-10-19 17:36:07', '', NULL),
(29, 2, 'user', 'add', 17, '2013-10-19 17:37:00', 'testanv', NULL),
(30, 2, 'user', 'edit', 17, '2013-10-19 17:47:39', '', NULL),
(31, 2, 'user', 'delete', 17, '2013-10-19 18:24:15', '', NULL),
(32, 2, 'answer', 'delete', 139, '2013-10-19 18:24:25', '', NULL),
(33, 2, 'question', 'delete', 44, '2013-10-19 18:24:33', '', NULL),
(34, 2, 'category', 'delete', 36, '2013-10-19 18:24:39', '', NULL),
(35, 2, 'party', 'delete', 14, '2013-10-19 18:24:43', '', NULL),
(36, 2, 'question', 'add', 45, '2013-10-19 19:17:35', 'testfråga', NULL),
(37, 2, 'question', 'delete', 45, '2013-10-19 19:17:40', '', NULL),
(38, 2, 'answer', 'add', 140, '2013-10-19 19:17:53', 'dsadsa', NULL),
(39, 2, 'answer', 'delete', 140, '2013-10-19 19:18:48', '', NULL),
(40, 2, 'question', 'edit', 18, '2013-10-20 12:25:36', '', NULL),
(41, 2, 'question', 'edit', 18, '2013-10-20 12:25:42', '', NULL),
(42, 2, 'user', 'add', 18, '2013-10-20 12:43:46', 'Testanv', NULL),
(43, 2, 'user', 'edit', 18, '2013-10-20 12:47:56', '', NULL),
(44, 2, 'user', 'delete', 18, '2013-10-20 12:48:08', '', NULL),
(45, 2, 'user', 'delete', 9, '2013-10-20 12:48:10', '', NULL),
(46, 2, 'user', 'delete', 8, '2013-10-20 12:48:12', '', NULL),
(47, 2, 'user', 'delete', 7, '2013-10-20 12:48:14', '', NULL),
(48, 2, 'party', 'add', 15, '2013-10-20 12:49:06', 'Testparti', NULL),
(49, 2, 'party', 'edit', 15, '2013-10-20 12:49:12', '', NULL),
(50, 2, 'party', 'delete', 15, '2013-10-20 12:49:16', '', NULL),
(51, 2, 'category', 'add', 37, '2013-10-20 12:53:29', 'Testkategori', NULL),
(52, 2, 'category', 'edit', 37, '2013-10-20 13:02:51', '', NULL),
(53, 2, 'category', 'delete', 37, '2013-10-20 13:03:06', '', NULL),
(54, 2, 'question', 'add', 46, '2013-10-20 13:03:25', 'Testfråga', NULL),
(55, 2, 'answer', 'add', 141, '2013-10-20 13:03:44', 'Testsvar!!!!!!!!!!!', NULL),
(56, 2, 'question', 'edit', 46, '2013-10-20 13:03:53', '', NULL),
(57, 2, 'answer', 'edit', 141, '2013-10-20 13:04:03', '', NULL),
(58, 2, 'answer', 'delete', 141, '2013-10-20 13:04:13', '', NULL),
(59, 2, 'question', 'delete', 46, '2013-10-20 13:04:19', '', NULL),
(60, 2, 'question', 'edit', 19, '2013-10-20 13:28:10', '', '127.0.0.1'),
(61, 2, 'answer', 'delete', 125, '2013-10-20 13:32:16', '', '127.0.0.1'),
(62, 2, 'answer', 'delete', 108, '2013-10-20 13:32:51', '', '127.0.0.1'),
(63, 2, 'answer', 'delete', 126, '2013-10-20 13:33:15', '', '127.0.0.1'),
(64, 2, 'answer', 'delete', 106, '2013-10-20 13:33:23', '', '127.0.0.1'),
(65, 2, 'answer', 'add', 142, '2013-10-20 15:47:21', 'adsddsadsadsa', '127.0.0.1'),
(66, 2, 'user', 'edit', 6, '2013-10-20 17:56:54', '', '127.0.0.1'),
(67, 2, 'user', 'edit', 6, '2013-10-20 17:56:59', '', '127.0.0.1'),
(68, 2, 'user', 'edit', 2, '2013-10-20 17:57:03', '', '127.0.0.1'),
(69, 2, 'question', 'add', 47, '2013-10-21 18:00:25', 'Testfråga', '127.0.0.1'),
(70, 2, 'answer', 'add', 125, '2013-10-21 18:02:22', 'svar1', '127.0.0.1'),
(71, 2, 'answer', 'add', 126, '2013-10-21 18:02:44', 'svar2', '127.0.0.1'),
(72, 2, 'answer', 'add', 127, '2013-10-21 18:03:01', 'swvar2', '127.0.0.1'),
(73, 2, 'answer', 'add', 128, '2013-10-21 18:03:20', 'svar3', '127.0.0.1'),
(74, 2, 'answer', 'add', 129, '2013-10-21 18:03:36', 'svar4', '127.0.0.1'),
(75, 2, 'answer', 'edit', 127, '2013-10-21 18:19:00', '', '127.0.0.1'),
(76, 2, 'answer', 'edit', 128, '2013-10-21 18:50:19', '', '127.0.0.1'),
(77, 2, 'answer', 'edit', 128, '2013-10-21 19:22:08', '', '127.0.0.1'),
(78, 2, 'answer', 'edit', 125, '2013-10-21 19:29:51', '', '127.0.0.1'),
(79, 2, 'user', 'edit', 2, '2013-10-21 20:28:05', '', '127.0.0.1'),
(80, 2, 'question', 'edit', 19, '2013-10-21 20:33:46', '', '127.0.0.1'),
(81, 2, 'question', 'edit', 19, '2013-10-21 20:34:25', '', '127.0.0.1'),
(82, 2, 'party', 'edit', 1, '2013-10-21 20:36:34', '', '127.0.0.1'),
(83, 2, 'party', 'edit', 1, '2013-10-21 20:36:42', '', '127.0.0.1'),
(84, 2, 'party', 'edit', 1, '2013-10-21 20:36:55', '', '127.0.0.1'),
(85, 2, 'answer', 'edit', 38, '2013-10-21 20:42:21', '', '127.0.0.1'),
(86, 2, 'answer', 'edit', 38, '2013-10-21 20:43:10', '', '127.0.0.1'),
(87, 2, 'answer', 'edit', 38, '2013-10-22 08:24:55', '', '127.0.0.1'),
(88, 2, 'question', 'edit', 19, '2013-10-22 08:25:31', '', '127.0.0.1'),
(89, 2, 'question', 'edit', 32, '2013-10-22 08:25:54', '', '127.0.0.1'),
(90, 2, 'question', 'edit', 30, '2013-10-22 08:26:12', '', '127.0.0.1'),
(91, 2, 'question', 'edit', 22, '2013-10-22 08:26:25', '', '127.0.0.1'),
(92, 2, 'question', 'edit', 20, '2013-10-22 08:26:39', '', '127.0.0.1'),
(93, 2, 'question', 'edit', 29, '2013-10-22 08:27:02', '', '127.0.0.1'),
(94, 2, 'question', 'edit', 15, '2013-10-22 08:27:15', '', '127.0.0.1'),
(95, 2, 'question', 'edit', 28, '2013-10-22 08:27:27', '', '127.0.0.1'),
(96, 2, 'question', 'edit', 26, '2013-10-22 08:27:39', '', '127.0.0.1'),
(97, 2, 'question', 'edit', 25, '2013-10-22 08:27:50', '', '127.0.0.1'),
(98, 2, 'question', 'edit', 31, '2013-10-22 08:28:11', '', '127.0.0.1'),
(99, 2, 'question', 'edit', 14, '2013-10-22 08:28:23', '', '127.0.0.1'),
(100, 2, 'question', 'edit', 21, '2013-10-22 08:28:37', '', '127.0.0.1'),
(101, 2, 'question', 'edit', 27, '2013-10-22 08:28:47', '', '127.0.0.1'),
(102, 2, 'question', 'edit', 17, '2013-10-22 08:29:24', '', '127.0.0.1'),
(103, 2, 'question', 'edit', 24, '2013-10-22 08:29:38', '', '127.0.0.1'),
(104, 2, 'question', 'edit', 23, '2013-10-22 08:29:49', '', '127.0.0.1'),
(105, 2, 'question', 'edit', 18, '2013-10-22 08:30:04', '', '127.0.0.1'),
(106, 2, 'question', 'add', 48, '2013-10-22 08:33:53', 'Trängselskatt ska införas i flera städer', '127.0.0.1'),
(107, 2, 'question', 'delete', 47, '2013-10-22 08:34:00', '', '127.0.0.1'),
(108, 2, 'question', 'add', 49, '2013-10-22 08:35:04', 'Sverige ska investera i höghastighetståg', '127.0.0.1'),
(109, 2, 'category', 'add', 38, '2013-10-22 08:39:26', 'Rovdjur', '127.0.0.1'),
(110, 2, 'question', 'add', 50, '2013-10-22 08:39:56', 'Licensjakt på varg ska vara tillåten', '127.0.0.1'),
(111, 2, 'question', 'add', 51, '2013-10-22 08:40:34', 'Bensinskatten ska höjas', '127.0.0.1'),
(112, 2, 'category', 'add', 39, '2013-10-22 08:41:10', 'Kultur', '127.0.0.1'),
(113, 2, 'question', 'add', 52, '2013-10-22 08:41:35', 'Statliga museer ska ha fri entré', '127.0.0.1'),
(114, 2, 'category', 'add', 40, '2013-10-22 08:44:03', 'Upphovsrätt', '127.0.0.1'),
(115, 2, 'question', 'add', 53, '2013-10-22 08:45:02', 'Icke-kommersiell kopiering av upphovsrättsskyddat material ska vara tillåten', '127.0.0.1'),
(116, 2, 'question', 'add', 54, '2013-10-22 08:45:54', 'TV-licensen ska avskaffas', '127.0.0.1'),
(117, 2, 'category', 'add', 41, '2013-10-22 08:46:40', 'Flyktingar', '127.0.0.1'),
(118, 2, 'question', 'add', 55, '2013-10-22 08:47:27', 'Kommuner ska kunna säga nej till att ta emot flyktingar', '127.0.0.1'),
(119, 2, 'question', 'add', 56, '2013-10-22 08:48:10', 'Papperslösa flyktingar ska få fri vård', '127.0.0.1'),
(120, 2, 'category', 'add', 42, '2013-10-22 08:48:48', 'Religion', '127.0.0.1'),
(121, 2, 'question', 'add', 57, '2013-10-22 08:49:45', 'Förbud för lärare att bära heltäckande slöja', '127.0.0.1'),
(122, 2, 'question', 'add', 58, '2013-10-22 08:51:57', 'Vårdnadsbidraget ska avskaffas', '127.0.0.1'),
(123, 2, 'category', 'add', 43, '2013-10-22 08:52:14', 'Skatt', '127.0.0.1'),
(124, 2, 'question', 'add', 59, '2013-10-22 08:52:38', 'Förmögenhetsskatten ska återinföras', '127.0.0.1'),
(125, 2, 'question', 'add', 60, '2013-10-22 08:53:39', 'Pension och lön ska ha samma beskattning', '127.0.0.1'),
(126, 2, 'question', 'add', 61, '2013-10-22 08:54:01', 'Rut-avdraget ska avskaffas', '127.0.0.1'),
(127, 2, 'category', 'add', 44, '2013-10-22 08:57:30', 'Prostitution', '127.0.0.1'),
(128, 2, 'question', 'add', 62, '2013-10-22 08:57:43', 'Sexköpslagen ska avskaffas', '127.0.0.1'),
(129, 2, 'category', 'add', 45, '2013-10-22 08:59:54', 'Brott & Straff', '127.0.0.1'),
(130, 2, 'question', 'add', 63, '2013-10-22 09:00:33', 'Rattfyllerister ska få hårdare straff', '127.0.0.1'),
(131, 2, 'question', 'add', 64, '2013-10-22 09:00:54', 'Våldsbrott ska bestraffas hårdare', '127.0.0.1'),
(132, 2, 'category', 'add', 46, '2013-10-22 09:02:00', 'Pension', '127.0.0.1'),
(133, 2, 'question', 'add', 65, '2013-10-22 09:03:57', 'Förtidspension ska vara möjlig när man är', '127.0.0.1'),
(134, 2, 'question', 'add', 66, '2013-10-22 09:17:45', 'Sjukförsäkringen ska vara tidsbegränsad', '127.0.0.1'),
(135, 2, 'question', 'add', 67, '2013-10-22 09:18:05', 'Tandvård ska ingå i sjukförsäkringen', '127.0.0.1'),
(136, 2, 'category', 'add', 47, '2013-10-22 09:18:43', 'A-kassa', '127.0.0.1'),
(137, 2, 'question', 'add', 68, '2013-10-22 09:19:03', 'A-kassan ska vara obligatorisk', '127.0.0.1'),
(138, 2, 'question', 'add', 69, '2013-10-22 09:33:47', 'Omskärelse ska vara tillåtet endast av medicinska skäl', '127.0.0.1'),
(139, 2, 'question', 'add', 70, '2013-10-22 09:35:16', 'Alkoholmonopolet ska avskaffas', '127.0.0.1'),
(140, 2, 'category', 'add', 48, '2013-10-22 09:41:09', 'Afghanistan', '127.0.0.1'),
(141, 2, 'question', 'add', 71, '2013-10-22 09:58:47', 'Svenska soldater ska tas hem ifrån Afghanistan', '127.0.0.1'),
(142, 2, 'category', 'add', 49, '2013-10-22 09:59:11', 'Vapen', '127.0.0.1'),
(143, 2, 'question', 'add', 72, '2013-10-22 09:59:27', 'Sverige ska sluta exportera vapen', '127.0.0.1'),
(144, 2, 'category', 'add', 50, '2013-10-22 09:59:51', 'Militär', '127.0.0.1'),
(145, 2, 'question', 'add', 73, '2013-10-22 10:00:04', 'Värnplikten ska återinföras', '127.0.0.1'),
(146, 2, 'question', 'add', 74, '2013-10-22 10:00:31', 'Sverige ska gå ur EU', '127.0.0.1'),
(147, 2, 'question', 'add', 75, '2013-10-22 10:00:59', 'Förstatliga skolan', '127.0.0.1'),
(148, 2, 'question', 'add', 76, '2013-10-22 10:02:01', 'Begränsa antal friskolor', '127.0.0.1'),
(149, 2, 'question', 'add', 77, '2013-10-22 10:02:27', 'Alla gymnasieprogram ska leda till högskolebehörighet', '127.0.0.1'),
(150, 2, 'category', 'add', 51, '2013-10-22 10:03:22', 'Monarki', '127.0.0.1'),
(151, 2, 'question', 'add', 78, '2013-10-22 10:03:36', 'Monarkin ska avskaffas', '127.0.0.1'),
(152, 2, 'category', 'add', 52, '2013-10-22 10:04:01', 'Demokrati', '127.0.0.1'),
(153, 2, 'question', 'add', 79, '2013-10-22 10:04:21', 'Sverige ska hålla fler folkomröstningar', '127.0.0.1'),
(154, 2, 'answer', 'add', 130, '2013-10-22 10:19:01', 'ja', '127.0.0.1'),
(155, 2, 'answer', 'add', 131, '2013-10-22 10:20:34', 'ja', '127.0.0.1'),
(156, 2, 'answer', 'add', 132, '2013-10-22 10:22:01', 'ja', '127.0.0.1'),
(157, 2, 'answer', 'edit', 132, '2013-10-22 10:22:12', '', '127.0.0.1'),
(158, 2, 'answer', 'add', 133, '2013-10-22 10:25:05', 'ja', '127.0.0.1'),
(159, 2, 'answer', 'add', 134, '2013-10-22 10:27:26', 'nej', '127.0.0.1'),
(160, 2, 'answer', 'add', 135, '2013-10-22 10:27:59', 'nej', '127.0.0.1'),
(161, 2, 'answer', 'add', 136, '2013-10-22 10:31:53', 'ja', '127.0.0.1'),
(162, 2, 'answer', 'add', 137, '2013-10-22 10:36:28', 'nej', '127.0.0.1'),
(163, 2, 'answer', 'add', 138, '2013-10-22 10:38:45', 'nej', '127.0.0.1'),
(164, 2, 'answer', 'add', 139, '2013-10-22 10:39:39', 'nej', '127.0.0.1'),
(165, 2, 'answer', 'add', 140, '2013-10-22 10:44:24', 'nej', '127.0.0.1'),
(166, 2, 'answer', 'add', 141, '2013-10-22 10:45:30', 'nej', '127.0.0.1'),
(167, 2, 'answer', 'add', 142, '2013-10-22 10:48:22', 'nej', '127.0.0.1'),
(168, 2, 'answer', 'add', 143, '2013-10-22 10:49:51', 'ja', '127.0.0.1'),
(169, 2, 'answer', 'add', 144, '2013-10-22 10:53:46', 'nej', '127.0.0.1'),
(170, 2, 'answer', 'add', 145, '2013-10-22 10:56:42', 'ja', '127.0.0.1'),
(171, 2, 'answer', 'add', 146, '2013-10-22 10:58:20', 'ja', '127.0.0.1'),
(172, 2, 'answer', 'add', 147, '2013-10-22 10:58:52', 'nej', '127.0.0.1'),
(173, 2, 'answer', 'add', 148, '2013-10-22 19:44:46', 'ja', '127.0.0.1'),
(174, 2, 'answer', 'edit', 49, '2013-10-22 19:45:16', '', '127.0.0.1'),
(175, 2, 'answer', 'edit', 23, '2013-10-22 19:45:40', '', '127.0.0.1'),
(176, 2, 'answer', 'edit', 21, '2013-10-22 19:47:08', '', '127.0.0.1'),
(177, 2, 'answer', 'add', 149, '2013-10-22 20:00:18', 'ja', '127.0.0.1'),
(178, 2, 'answer', 'add', 150, '2013-10-22 20:01:26', 'nej', '127.0.0.1'),
(179, 2, 'answer', 'add', 151, '2013-10-22 20:02:41', 'nej', '127.0.0.1'),
(180, 2, 'answer', 'add', 152, '2013-10-22 20:04:08', 'nej', '127.0.0.1'),
(181, 2, 'answer', 'add', 153, '2013-10-22 20:05:13', 'ja', '127.0.0.1'),
(182, 2, 'answer', 'add', 154, '2013-10-22 20:11:25', 'nej', '127.0.0.1'),
(183, 2, 'answer', 'add', 155, '2013-10-22 20:13:10', 'nej', '127.0.0.1'),
(184, 2, 'answer', 'edit', 41, '2013-10-22 20:14:20', '', '127.0.0.1'),
(185, 2, 'answer', 'edit', 43, '2013-10-22 20:15:24', '', '127.0.0.1'),
(186, 2, 'answer', 'edit', 43, '2013-10-22 20:15:32', '', '127.0.0.1'),
(187, 2, 'answer', 'edit', 42, '2013-10-22 20:15:38', '', '127.0.0.1'),
(188, 2, 'answer', 'edit', 43, '2013-10-22 20:15:59', '', '127.0.0.1'),
(189, 2, 'answer', 'edit', 36, '2013-10-22 20:16:37', '', '127.0.0.1'),
(190, 2, 'answer', 'edit', 45, '2013-10-22 20:16:57', '', '127.0.0.1'),
(191, 2, 'answer', 'edit', 46, '2013-10-22 20:17:48', '', '127.0.0.1'),
(192, 2, 'answer', 'edit', 44, '2013-10-22 20:18:06', '', '127.0.0.1'),
(193, 2, 'answer', 'add', 156, '2013-10-22 20:26:49', 'nej', '127.0.0.1'),
(194, 2, 'answer', 'add', 157, '2013-10-22 20:28:41', 'ja', '127.0.0.1'),
(195, 2, 'answer', 'add', 158, '2013-10-22 20:31:52', 'nej', '127.0.0.1'),
(196, 2, 'answer', 'add', 159, '2013-10-22 20:34:11', 'ja', '127.0.0.1'),
(197, 2, 'answer', 'add', 160, '2013-10-22 20:34:49', 'ja', '127.0.0.1'),
(198, 2, 'answer', 'add', 161, '2013-10-22 20:35:31', 'ja', '127.0.0.1'),
(199, 2, 'answer', 'add', 162, '2013-10-22 20:35:57', 'nej', '127.0.0.1'),
(200, 2, 'answer', 'edit', 162, '2013-10-22 20:36:09', '', '127.0.0.1'),
(201, 2, 'answer', 'add', 163, '2013-10-27 09:54:27', 'nej', '127.0.0.1'),
(202, 2, 'answer', 'add', 164, '2013-10-27 09:55:11', 'nej', '127.0.0.1'),
(203, 2, 'answer', 'add', 165, '2013-10-27 09:58:08', 'ja', '127.0.0.1'),
(204, 2, 'answer', 'add', 166, '2013-10-27 09:58:37', 'ja', '127.0.0.1'),
(205, 2, 'answer', 'add', 167, '2013-10-27 09:59:06', 'ja', '127.0.0.1'),
(206, 2, 'answer', 'add', 168, '2013-10-27 10:00:11', 'nej', '127.0.0.1'),
(207, 2, 'answer', 'add', 169, '2013-10-27 10:20:47', 'nej', '127.0.0.1'),
(208, 2, 'answer', 'add', 170, '2013-10-27 10:24:23', 'ja', '127.0.0.1'),
(209, 2, 'answer', 'add', 171, '2013-10-27 10:29:00', 'ja', '127.0.0.1'),
(210, 2, 'answer', 'add', 172, '2013-10-27 10:30:49', 'ja', '127.0.0.1'),
(211, 2, 'answer', 'add', 173, '2013-10-27 10:31:42', 'nej', '127.0.0.1'),
(212, 2, 'answer', 'delete', 54, '2013-10-27 10:36:40', '', '127.0.0.1'),
(213, 2, 'answer', 'add', 174, '2013-10-27 14:53:15', 'nej', '127.0.0.1'),
(214, 2, 'answer', 'add', 175, '2013-10-27 14:57:25', 'ja', '127.0.0.1'),
(215, 2, 'answer', 'add', 176, '2013-10-27 14:59:25', 'ja', '127.0.0.1'),
(216, 2, 'answer', 'add', 177, '2013-10-27 15:01:25', 'nej', '127.0.0.1'),
(217, 2, 'answer', 'add', 178, '2013-10-27 15:02:10', 'nej', '127.0.0.1'),
(218, 2, 'answer', 'add', 179, '2013-10-27 15:02:57', 'nej', '127.0.0.1'),
(219, 2, 'answer', 'add', 180, '2013-10-27 15:03:20', 'nej', '127.0.0.1'),
(220, 2, 'answer', 'add', 181, '2013-10-27 15:04:05', 'ja', '127.0.0.1'),
(221, 2, 'answer', 'add', 182, '2013-10-27 15:05:06', 'nej', '127.0.0.1'),
(222, 2, 'answer', 'add', 183, '2013-10-27 15:12:08', 'nej', '127.0.0.1'),
(223, 2, 'answer', 'add', 184, '2013-10-27 15:12:34', 'nej', '127.0.0.1'),
(224, 2, 'answer', 'add', 185, '2013-10-27 15:12:46', 'nej', '127.0.0.1'),
(225, 2, 'answer', 'add', 186, '2013-10-27 15:13:03', 'nej', '127.0.0.1'),
(226, 2, 'answer', 'add', 187, '2013-10-27 15:14:15', 'ja', '127.0.0.1'),
(227, 2, 'answer', 'add', 188, '2013-10-27 15:15:06', 'ja', '127.0.0.1'),
(228, 2, 'answer', 'add', 189, '2013-10-27 15:15:42', 'ja', '127.0.0.1'),
(229, 2, 'answer', 'add', 190, '2013-10-27 21:37:08', 'ja', '127.0.0.1'),
(230, 2, 'answer', 'add', 191, '2013-10-27 21:39:58', 'nej', '127.0.0.1'),
(231, 2, 'answer', 'add', 192, '2013-10-27 21:41:26', 'nej', '127.0.0.1'),
(232, 2, 'answer', 'add', 193, '2013-10-27 21:43:12', 'nej', '127.0.0.1'),
(233, 2, 'answer', 'add', 194, '2013-10-27 21:44:33', 'ja', '127.0.0.1'),
(234, 2, 'answer', 'add', 195, '2013-10-27 21:45:38', 'nej', '127.0.0.1'),
(235, 2, 'answer', 'add', 196, '2013-10-27 21:46:59', 'nej', '127.0.0.1'),
(236, 2, 'answer', 'add', 197, '2013-10-27 21:48:51', 'ja', '127.0.0.1'),
(237, 2, 'question', 'edit', 56, '2013-10-27 21:53:51', '', '127.0.0.1'),
(238, 2, 'question', 'edit', 56, '2013-10-27 21:54:23', '', '127.0.0.1'),
(239, 2, 'question', 'edit', 56, '2013-10-27 21:55:25', '', '127.0.0.1'),
(240, 2, 'answer', 'add', 198, '2013-10-27 21:55:43', 'ja', '127.0.0.1'),
(241, 2, 'answer', 'add', 199, '2013-10-27 21:56:49', 'ja', '127.0.0.1'),
(242, 2, 'answer', 'add', 200, '2013-10-27 21:57:38', 'ja', '127.0.0.1'),
(243, 2, 'answer', 'add', 201, '2013-10-27 22:02:59', 'nej', '127.0.0.1'),
(244, 2, 'answer', 'add', 202, '2013-10-27 22:04:01', 'ja', '127.0.0.1'),
(245, 2, 'answer', 'add', 203, '2013-10-27 22:04:16', 'ja', '127.0.0.1'),
(246, 2, 'answer', 'add', 204, '2013-10-27 22:04:42', 'ja', '127.0.0.1'),
(247, 2, 'answer', 'add', 205, '2013-10-28 18:48:14', 'ja', '127.0.0.1'),
(248, 2, 'answer', 'add', 206, '2013-10-28 18:53:52', 'ja', '127.0.0.1'),
(249, 2, 'answer', 'add', 207, '2013-10-28 18:55:58', 'ja', '127.0.0.1'),
(250, 2, 'answer', 'add', 208, '2013-10-28 19:00:55', 'ja', '127.0.0.1'),
(251, 2, 'category', 'add', 53, '2013-10-29 18:16:29', 'bla', '127.0.0.1'),
(252, 2, 'category', 'add', 54, '2013-10-29 18:16:43', 'hmmm', '127.0.0.1'),
(253, 2, 'category', 'delete', 53, '2013-10-29 18:16:53', '', '127.0.0.1'),
(254, 2, 'category', 'delete', 54, '2013-10-29 18:17:02', '', '127.0.0.1'),
(255, 2, 'category', 'add', 55, '2013-10-29 18:17:55', 'abba', '127.0.0.1'),
(256, 2, 'category', 'add', 56, '2013-10-29 18:22:58', 'peno', '127.0.0.1'),
(257, 2, 'category', 'delete', 56, '2013-10-29 18:23:20', '', '127.0.0.1'),
(258, 2, 'category', 'delete', 55, '2013-10-29 18:26:32', '', '127.0.0.1'),
(259, 2, 'category', 'edit', 1, '2013-10-29 19:58:26', '', '127.0.0.1'),
(260, 2, 'category', 'edit', 1, '2013-10-29 19:58:31', '', '127.0.0.1'),
(261, 2, 'category', 'add', 3, '2013-10-29 19:58:39', 'bla', '127.0.0.1'),
(262, 2, 'question', 'edit', 68, '2013-10-29 20:30:19', '', '127.0.0.1'),
(263, 2, 'question', 'edit', 68, '2013-10-29 20:30:29', '', '127.0.0.1'),
(264, 2, 'question', 'edit', 68, '2013-10-29 21:16:13', '', '127.0.0.1'),
(265, 2, 'question', 'edit', 68, '2013-10-29 21:16:28', '', '127.0.0.1'),
(266, 2, 'question', 'edit', 68, '2013-10-29 21:19:58', '', '127.0.0.1'),
(267, 2, 'question', 'edit', 68, '2013-10-29 21:40:23', '', '127.0.0.1'),
(268, 2, 'question', 'edit', 20, '2013-10-29 21:40:35', '', '127.0.0.1'),
(269, 2, 'question', 'edit', 68, '2013-10-29 21:54:11', '', '127.0.0.1'),
(270, 2, 'question', 'edit', 70, '2013-10-29 21:55:00', '', '127.0.0.1'),
(271, 2, 'question', 'edit', 77, '2013-10-29 21:55:22', '', '127.0.0.1'),
(272, 2, 'question', 'edit', 22, '2013-10-29 21:56:05', '', '127.0.0.1'),
(273, 2, 'question', 'edit', 20, '2013-10-29 21:56:15', '', '127.0.0.1'),
(274, 2, 'question', 'edit', 76, '2013-10-29 21:56:27', '', '127.0.0.1'),
(275, 2, 'question', 'edit', 51, '2013-10-29 21:57:02', '', '127.0.0.1'),
(276, 2, 'question', 'edit', 32, '2013-10-29 21:57:25', '', '127.0.0.1'),
(277, 2, 'question', 'edit', 15, '2013-10-29 21:57:47', '', '127.0.0.1'),
(278, 2, 'question', 'edit', 57, '2013-10-29 21:57:57', '', '127.0.0.1'),
(279, 2, 'question', 'edit', 68, '2013-10-30 17:24:21', '', '127.0.0.1'),
(280, 2, 'question', 'edit', 68, '2013-10-30 17:35:30', '', '127.0.0.1'),
(281, 2, 'question', 'edit', 20, '2013-10-30 17:35:35', '', '127.0.0.1'),
(282, 2, 'question', 'edit', 68, '2013-10-30 17:36:26', '', '127.0.0.1'),
(283, 2, 'question', 'edit', 68, '2013-10-30 17:36:52', '', '127.0.0.1'),
(284, 2, 'question', 'edit', 68, '2013-10-30 17:37:14', '', '127.0.0.1'),
(285, 2, 'question', 'edit', 68, '2013-10-30 17:37:29', '', '127.0.0.1'),
(286, 2, 'question', 'edit', 68, '2013-10-30 17:39:24', '', '127.0.0.1'),
(287, 2, 'question', 'edit', 68, '2013-10-30 17:39:38', '', '127.0.0.1'),
(288, 2, 'question', 'edit', 68, '2013-10-30 17:40:26', '', '127.0.0.1'),
(289, 2, 'question', 'edit', 68, '2013-10-30 17:40:43', '', '127.0.0.1'),
(290, 2, 'question', 'edit', 68, '2013-10-30 17:41:08', '', '127.0.0.1'),
(291, 2, 'question', 'edit', 68, '2013-10-30 17:41:19', '', '127.0.0.1'),
(292, 2, 'question', 'edit', 68, '2013-10-30 17:41:35', '', '127.0.0.1'),
(293, 2, 'question', 'edit', 68, '2013-10-30 17:42:18', '', '127.0.0.1'),
(294, 2, 'question', 'edit', 68, '2013-10-30 17:42:22', '', '127.0.0.1'),
(295, 2, 'question', 'edit', 68, '2013-10-30 17:42:28', '', '127.0.0.1'),
(296, 2, 'question', 'edit', 68, '2013-10-30 21:31:33', '', '127.0.0.1'),
(297, 2, 'question', 'edit', 70, '2013-10-30 21:31:52', '', '127.0.0.1'),
(298, 2, 'question', 'edit', 22, '2013-10-30 21:34:18', '', '127.0.0.1'),
(299, 2, 'question', 'edit', 20, '2013-10-30 21:34:32', '', '127.0.0.1'),
(300, 2, 'question', 'edit', 76, '2013-10-30 21:35:01', '', '127.0.0.1'),
(301, 2, 'question', 'edit', 51, '2013-10-30 21:35:39', '', '127.0.0.1'),
(302, 2, 'question', 'edit', 15, '2013-10-30 21:37:16', '', '127.0.0.1'),
(303, 2, 'question', 'edit', 57, '2013-10-30 21:37:57', '', '127.0.0.1'),
(304, 2, 'question', 'edit', 59, '2013-10-30 21:40:33', '', '127.0.0.1'),
(305, 2, 'question', 'edit', 65, '2013-10-30 21:41:01', '', '127.0.0.1'),
(306, 2, 'question', 'edit', 75, '2013-10-30 21:42:31', '', '127.0.0.1'),
(307, 2, 'question', 'edit', 28, '2013-10-30 21:42:45', '', '127.0.0.1'),
(308, 2, 'question', 'edit', 53, '2013-10-30 21:43:23', '', '127.0.0.1'),
(309, 2, 'question', 'edit', 22, '2013-10-30 22:00:54', '', '127.0.0.1'),
(310, 2, 'question', 'add', 80, '2013-10-30 22:03:01', 'testfråga', '127.0.0.1'),
(311, 2, 'question', 'add', 81, '2013-10-31 19:07:51', 'blafråga', '127.0.0.1'),
(312, 2, 'question', 'add', 82, '2013-10-31 19:08:53', 'blafråga', '127.0.0.1'),
(313, 2, 'question', 'edit', 68, '2013-10-31 19:31:09', '', '127.0.0.1'),
(314, 2, 'question', 'edit', 68, '2013-10-31 19:31:46', '', '127.0.0.1'),
(315, 2, 'question', 'edit', 68, '2013-10-31 19:32:23', '', '127.0.0.1'),
(316, 2, 'question', 'add', 83, '2013-10-31 19:33:07', 'testfråga', '127.0.0.1'),
(317, 2, 'question', 'delete', 83, '2013-10-31 19:33:51', '', '127.0.0.1'),
(318, 2, 'question', 'delete', 81, '2013-10-31 19:33:55', '', '127.0.0.1'),
(319, 2, 'question', 'delete', 82, '2013-10-31 19:34:00', '', '127.0.0.1'),
(320, 2, 'question', 'delete', 80, '2013-10-31 19:34:05', '', '127.0.0.1'),
(321, 2, 'question', 'add', 84, '2013-10-31 19:34:19', 'Sista test', '127.0.0.1'),
(322, 2, 'question', 'delete', 84, '2013-10-31 19:35:23', '', '127.0.0.1'),
(323, 2, 'question', 'edit', 73, '2013-10-31 19:49:03', '', '127.0.0.1'),
(324, 2, 'question', 'edit', 58, '2013-10-31 19:49:20', '', '127.0.0.1'),
(325, 2, 'question', 'edit', 64, '2013-10-31 19:49:34', '', '127.0.0.1'),
(326, 2, 'question', 'edit', 18, '2013-10-31 19:49:48', '', '127.0.0.1'),
(327, 2, 'question', 'edit', 54, '2013-10-31 19:49:59', '', '127.0.0.1'),
(328, 2, 'question', 'edit', 23, '2013-10-31 19:50:10', '', '127.0.0.1'),
(329, 2, 'question', 'edit', 48, '2013-10-31 19:50:22', '', '127.0.0.1'),
(330, 2, 'question', 'edit', 67, '2013-10-31 19:55:20', '', '127.0.0.1'),
(331, 2, 'question', 'edit', 72, '2013-10-31 19:55:36', '', '127.0.0.1'),
(332, 2, 'question', 'edit', 49, '2013-10-31 19:55:57', '', '127.0.0.1'),
(333, 2, 'question', 'edit', 17, '2013-10-31 19:56:11', '', '127.0.0.1'),
(334, 2, 'question', 'edit', 79, '2013-10-31 19:56:26', '', '127.0.0.1'),
(335, 2, 'question', 'edit', 74, '2013-10-31 19:56:33', '', '127.0.0.1'),
(336, 2, 'question', 'edit', 27, '2013-10-31 19:56:41', '', '127.0.0.1'),
(337, 2, 'question', 'edit', 71, '2013-10-31 19:56:55', '', '127.0.0.1'),
(338, 2, 'question', 'edit', 52, '2013-10-31 19:57:10', '', '127.0.0.1'),
(339, 2, 'question', 'edit', 54, '2013-10-31 19:57:18', '', '127.0.0.1'),
(340, 2, 'question', 'edit', 68, '2013-11-01 21:40:34', '', '127.0.0.1'),
(341, 2, 'question', 'edit', 51, '2013-11-01 21:40:46', '', '127.0.0.1'),
(342, 2, 'question', 'edit', 59, '2013-11-01 21:40:55', '', '127.0.0.1'),
(343, 2, 'question', 'edit', 68, '2013-11-01 21:42:41', '', '127.0.0.1'),
(344, 2, 'question', 'edit', 51, '2013-11-01 21:43:35', '', '127.0.0.1'),
(345, 2, 'question', 'edit', 68, '2013-11-01 22:18:53', '', '127.0.0.1'),
(346, 2, 'question', 'edit', 51, '2013-11-01 22:19:09', '', '127.0.0.1'),
(347, 2, 'question', 'edit', 59, '2013-11-01 22:21:52', '', '127.0.0.1'),
(348, 2, 'question', 'edit', 60, '2013-11-01 22:21:59', '', '127.0.0.1'),
(349, 2, 'question', 'edit', 48, '2013-11-01 22:22:06', '', '127.0.0.1'),
(350, 2, 'answer', 'delete', 126, '2013-11-01 22:41:53', '', '127.0.0.1'),
(351, 2, 'question', 'edit', 51, '2013-11-02 11:21:31', '', '127.0.0.1'),
(352, 2, 'question', 'edit', 51, '2013-11-02 11:21:39', '', '127.0.0.1'),
(353, 2, 'question', 'edit', 51, '2013-11-02 11:22:05', '', '127.0.0.1'),
(354, 2, 'question', 'edit', 51, '2013-11-02 11:22:11', '', '127.0.0.1'),
(355, 2, 'question', 'edit', 48, '2013-11-02 11:29:40', '', '127.0.0.1'),
(356, 2, 'question', 'edit', 48, '2013-11-02 11:31:43', '', '127.0.0.1'),
(357, 2, 'question', 'edit', 48, '2013-11-02 11:32:09', '', '127.0.0.1'),
(358, 2, 'question', 'edit', 48, '2013-11-02 11:35:04', '', '127.0.0.1'),
(359, 2, 'question', 'edit', 48, '2013-11-02 11:37:41', '', '127.0.0.1'),
(360, 2, 'question', 'edit', 48, '2013-11-02 11:40:17', '', '127.0.0.1'),
(361, 2, 'question', 'edit', 48, '2013-11-02 11:41:34', '', '127.0.0.1'),
(362, 2, 'question', 'edit', 48, '2013-11-02 11:41:48', '', '127.0.0.1'),
(363, 2, 'question', 'edit', 48, '2013-11-02 11:44:48', '', '127.0.0.1'),
(364, 2, 'question', 'edit', 48, '2013-11-02 11:46:35', '', '127.0.0.1'),
(365, 2, 'question', 'edit', 22, '2013-11-02 11:47:44', '', '127.0.0.1'),
(366, 2, 'question', 'edit', 22, '2013-11-02 12:00:45', '', '127.0.0.1'),
(367, 2, 'question', 'edit', 22, '2013-11-02 12:01:17', '', '127.0.0.1'),
(368, 2, 'question', 'edit', 22, '2013-11-02 12:02:00', '', '127.0.0.1'),
(369, 2, 'question', 'edit', 22, '2013-11-02 12:02:07', '', '127.0.0.1'),
(370, 2, 'question', 'edit', 22, '2013-11-02 12:03:12', '', '127.0.0.1'),
(371, 2, 'question', 'edit', 22, '2013-11-02 12:03:28', '', '127.0.0.1'),
(372, 2, 'question', 'edit', 68, '2013-11-02 12:05:43', '', '127.0.0.1'),
(373, 2, 'question', 'edit', 68, '2013-11-02 12:06:36', '', '127.0.0.1'),
(374, 2, 'question', 'edit', 68, '2013-11-02 12:07:03', '', '127.0.0.1'),
(375, 2, 'question', 'edit', 68, '2013-11-02 12:12:10', '', '127.0.0.1'),
(376, 2, 'question', 'edit', 68, '2013-11-02 12:12:42', '', '127.0.0.1'),
(377, 2, 'category', 'delete', 78, '2013-11-02 12:13:22', '', '127.0.0.1'),
(378, 2, 'category', 'delete', 80, '2013-11-02 12:13:25', '', '127.0.0.1'),
(379, 2, 'category', 'delete', 79, '2013-11-02 12:13:26', '', '127.0.0.1'),
(380, 2, 'category', 'delete', 81, '2013-11-02 12:13:28', '', '127.0.0.1'),
(381, 2, 'category', 'delete', 82, '2013-11-02 12:13:30', '', '127.0.0.1'),
(382, 2, 'question', 'edit', 51, '2013-11-02 12:13:47', '', '127.0.0.1'),
(383, 2, 'question', 'edit', 48, '2013-11-02 12:14:15', '', '127.0.0.1'),
(384, 2, 'question', 'edit', 68, '2013-11-05 21:22:08', '', '127.0.0.1'),
(385, 2, 'question', 'edit', 70, '2013-11-05 21:22:52', '', '127.0.0.1'),
(386, 2, 'question', 'edit', 77, '2013-11-05 21:23:10', '', '127.0.0.1'),
(387, 2, 'question', 'edit', 22, '2013-11-05 21:23:56', '', '127.0.0.1'),
(388, 2, 'question', 'edit', 20, '2013-11-05 21:24:07', '', '127.0.0.1'),
(389, 2, 'question', 'edit', 76, '2013-11-05 21:24:17', '', '127.0.0.1'),
(390, 2, 'question', 'edit', 51, '2013-11-05 21:24:24', '', '127.0.0.1'),
(391, 2, 'question', 'edit', 32, '2013-11-05 21:24:39', '', '127.0.0.1'),
(392, 2, 'question', 'edit', 15, '2013-11-05 21:24:51', '', '127.0.0.1'),
(393, 2, 'question', 'edit', 57, '2013-11-05 21:25:16', '', '127.0.0.1'),
(394, 2, 'question', 'edit', 59, '2013-11-05 21:25:44', '', '127.0.0.1'),
(395, 2, 'question', 'edit', 75, '2013-11-05 21:25:50', '', '127.0.0.1'),
(396, 2, 'question', 'edit', 65, '2013-11-05 21:26:00', '', '127.0.0.1'),
(397, 2, 'question', 'edit', 28, '2013-11-05 21:26:10', '', '127.0.0.1'),
(398, 2, 'question', 'edit', 53, '2013-11-05 21:26:29', '', '127.0.0.1'),
(399, 2, 'question', 'edit', 24, '2013-11-05 21:26:37', '', '127.0.0.1'),
(400, 2, 'question', 'edit', 55, '2013-11-05 21:26:49', '', '127.0.0.1'),
(401, 2, 'question', 'edit', 19, '2013-11-05 21:26:55', '', '127.0.0.1'),
(402, 2, 'question', 'edit', 26, '2013-11-05 21:27:33', '', '127.0.0.1'),
(403, 2, 'question', 'edit', 25, '2013-11-05 21:27:43', '', '127.0.0.1'),
(404, 2, 'question', 'edit', 50, '2013-11-05 21:27:49', '', '127.0.0.1'),
(405, 2, 'question', 'edit', 29, '2013-11-05 21:28:00', '', '127.0.0.1'),
(406, 2, 'question', 'edit', 78, '2013-11-05 21:28:24', '', '127.0.0.1'),
(407, 2, 'question', 'edit', 30, '2013-11-05 21:28:32', '', '127.0.0.1'),
(408, 2, 'question', 'edit', 69, '2013-11-05 21:28:44', '', '127.0.0.1'),
(409, 2, 'question', 'edit', 56, '2013-11-05 21:28:52', '', '127.0.0.1'),
(410, 2, 'question', 'edit', 14, '2013-11-05 21:29:04', '', '127.0.0.1'),
(411, 2, 'question', 'edit', 21, '2013-11-05 21:30:07', '', '127.0.0.1'),
(412, 2, 'question', 'edit', 60, '2013-11-05 21:30:14', '', '127.0.0.1'),
(413, 2, 'question', 'edit', 63, '2013-11-05 21:30:31', '', '127.0.0.1'),
(414, 2, 'question', 'edit', 31, '2013-11-05 21:30:45', '', '127.0.0.1'),
(415, 2, 'question', 'edit', 61, '2013-11-05 21:30:51', '', '127.0.0.1'),
(416, 2, 'question', 'edit', 62, '2013-11-05 21:30:57', '', '127.0.0.1'),
(417, 2, 'question', 'edit', 62, '2013-11-05 21:31:02', '', '127.0.0.1'),
(418, 2, 'question', 'edit', 66, '2013-11-05 21:31:13', '', '127.0.0.1'),
(419, 2, 'question', 'edit', 52, '2013-11-05 21:31:27', '', '127.0.0.1'),
(420, 2, 'question', 'edit', 71, '2013-11-05 21:31:35', '', '127.0.0.1'),
(421, 2, 'question', 'edit', 27, '2013-11-05 21:31:41', '', '127.0.0.1'),
(422, 2, 'question', 'edit', 74, '2013-11-05 21:31:45', '', '127.0.0.1'),
(423, 2, 'question', 'edit', 79, '2013-11-05 21:32:06', '', '127.0.0.1'),
(424, 2, 'question', 'edit', 17, '2013-11-05 21:32:15', '', '127.0.0.1'),
(425, 2, 'question', 'edit', 49, '2013-11-05 21:32:23', '', '127.0.0.1'),
(426, 2, 'question', 'edit', 72, '2013-11-05 21:32:31', '', '127.0.0.1'),
(427, 2, 'question', 'edit', 67, '2013-11-05 21:32:48', '', '127.0.0.1'),
(428, 2, 'question', 'edit', 48, '2013-11-05 21:32:57', '', '127.0.0.1'),
(429, 2, 'question', 'edit', 23, '2013-11-05 21:33:03', '', '127.0.0.1'),
(430, 2, 'question', 'edit', 54, '2013-11-05 21:33:13', '', '127.0.0.1'),
(431, 2, 'question', 'edit', 18, '2013-11-05 21:33:24', '', '127.0.0.1'),
(432, 2, 'question', 'edit', 64, '2013-11-05 21:33:30', '', '127.0.0.1'),
(433, 2, 'question', 'edit', 58, '2013-11-05 21:33:35', '', '127.0.0.1'),
(434, 2, 'question', 'edit', 73, '2013-11-05 21:33:42', '', '127.0.0.1'),
(435, 2, 'answer', 'add', 209, '2013-11-05 21:47:11', 'testsvar', '127.0.0.1'),
(436, 2, 'question', 'edit', 68, '2013-11-07 18:04:56', '', '127.0.0.1'),
(437, 2, 'question', 'edit', 68, '2013-11-07 19:19:12', '', '127.0.0.1'),
(438, 2, 'question', 'edit', 68, '2013-11-07 19:21:39', '', '127.0.0.1'),
(439, 2, 'question', 'edit', 70, '2013-11-07 19:21:51', '', '127.0.0.1'),
(440, 2, 'question', 'edit', 68, '2013-11-07 19:22:34', '', '127.0.0.1'),
(441, 2, 'question', 'edit', 70, '2013-11-07 19:22:41', '', '127.0.0.1'),
(442, 6, 'question', 'edit', 68, '2013-11-07 19:50:30', '', '127.0.0.1'),
(443, 6, 'question', 'edit', 68, '2013-11-07 19:50:36', '', '127.0.0.1'),
(444, 6, 'question', 'edit', 68, '2013-11-07 19:52:42', '', '127.0.0.1'),
(445, 6, 'question', 'edit', 68, '2013-11-07 19:52:46', '', '127.0.0.1'),
(446, 6, 'question', 'edit', 68, '2013-11-07 21:09:28', '', '127.0.0.1'),
(447, 6, 'question', 'edit', 68, '2013-11-07 21:09:32', '', '127.0.0.1'),
(448, 6, 'answer', 'edit', 134, '2013-11-07 21:25:44', '', '127.0.0.1'),
(449, 6, 'answer', 'edit', 134, '2013-11-07 21:25:49', '', '127.0.0.1'),
(450, 6, 'answer', 'add', 210, '2013-11-07 21:37:29', 'njae', '127.0.0.1'),
(451, 6, 'answer', 'edit', 210, '2013-11-07 21:37:35', '', '127.0.0.1'),
(452, 6, 'answer', 'delete', 210, '2013-11-07 21:37:37', '', '127.0.0.1'),
(453, 2, 'answer', 'edit', 134, '2013-11-07 22:03:34', '', '127.0.0.1'),
(454, 2, 'answer', 'edit', 209, '2013-11-07 22:03:51', '', '127.0.0.1'),
(455, 2, 'answer', 'edit', 134, '2013-11-07 22:17:31', '', '127.0.0.1'),
(456, 2, 'answer', 'edit', 134, '2013-11-07 22:17:36', '', '127.0.0.1'),
(457, 2, 'answer', 'delete', 210, '2013-11-07 22:18:56', '', '127.0.0.1'),
(458, 2, 'question', 'edit', 68, '2013-11-07 22:21:50', '', '127.0.0.1'),
(459, 2, 'question', 'edit', 70, '2013-11-07 22:22:43', '', '127.0.0.1'),
(460, 2, 'question', 'edit', 70, '2013-11-07 22:23:28', '', '127.0.0.1'),
(461, 2, 'question', 'edit', 77, '2013-11-07 22:23:39', '', '127.0.0.1'),
(462, 2, 'question', 'edit', 22, '2013-11-07 22:24:47', '', '127.0.0.1'),
(463, 2, 'question', 'edit', 20, '2013-11-07 22:26:04', '', '127.0.0.1'),
(464, 2, 'question', 'edit', 22, '2013-11-07 22:26:11', '', '127.0.0.1'),
(465, 2, 'question', 'edit', 68, '2013-11-07 22:26:17', '', '127.0.0.1'),
(466, 2, 'question', 'edit', 70, '2013-11-07 22:26:20', '', '127.0.0.1'),
(467, 2, 'question', 'edit', 77, '2013-11-07 22:26:24', '', '127.0.0.1'),
(468, 2, 'question', 'edit', 20, '2013-11-07 22:26:28', '', '127.0.0.1'),
(469, 6, 'question', 'add', 80, '2013-11-07 22:46:24', 'testfråga', '127.0.0.1'),
(470, 6, 'question', 'edit', 80, '2013-11-07 22:46:32', '', '127.0.0.1'),
(471, 6, 'question', 'delete', 80, '2013-11-07 22:49:08', '', '127.0.0.1'),
(472, 6, 'answer', 'add', 211, '2013-11-07 22:49:44', 'hej', '127.0.0.1'),
(473, 6, 'answer', 'edit', 211, '2013-11-07 22:49:49', '', '127.0.0.1'),
(474, 6, 'answer', 'delete', 211, '2013-11-07 22:49:51', '', '127.0.0.1'),
(475, 2, 'answer', 'delete', 209, '2013-11-08 23:08:03', '', '127.0.0.1'),
(476, 2, 'question', 'edit', 70, '2013-11-08 23:10:34', '', '127.0.0.1'),
(477, 2, 'question', 'edit', 77, '2013-11-08 23:10:40', '', '127.0.0.1'),
(478, 2, 'question', 'edit', 51, '2013-11-08 23:10:43', '', '127.0.0.1'),
(479, 2, 'question', 'edit', 32, '2013-11-11 15:59:43', '', '127.0.0.1'),
(480, 2, 'question', 'edit', 15, '2013-11-11 15:59:53', '', '127.0.0.1'),
(481, 2, 'question', 'edit', 57, '2013-11-11 17:32:02', '', '127.0.0.1'),
(482, 2, 'question', 'edit', 59, '2013-11-11 17:32:09', '', '127.0.0.1'),
(483, 2, 'question', 'edit', 75, '2013-11-11 17:32:16', '', '127.0.0.1'),
(484, 2, 'question', 'edit', 28, '2013-11-11 17:32:24', '', '127.0.0.1'),
(485, 2, 'question', 'edit', 53, '2013-11-11 17:32:35', '', '127.0.0.1'),
(486, 2, 'question', 'edit', 32, '2013-11-12 09:31:13', '', '127.0.0.1'),
(487, 2, 'question', 'edit', 24, '2013-11-12 10:03:12', '', '127.0.0.1'),
(488, 2, 'question', 'edit', 19, '2013-11-12 10:03:18', '', '127.0.0.1'),
(489, 2, 'question', 'edit', 26, '2013-11-12 10:03:23', '', '127.0.0.1'),
(490, 2, 'question', 'edit', 25, '2013-11-12 10:03:28', '', '127.0.0.1'),
(491, 2, 'question', 'edit', 29, '2013-11-12 10:03:42', '', '127.0.0.1'),
(492, 2, 'question', 'edit', 78, '2013-11-12 10:03:48', '', '127.0.0.1'),
(493, 2, 'question', 'edit', 56, '2013-11-12 10:03:55', '', '127.0.0.1'),
(494, 2, 'question', 'edit', 21, '2013-11-12 10:04:01', '', '127.0.0.1'),
(495, 2, 'question', 'edit', 60, '2013-11-12 10:04:09', '', '127.0.0.1'),
(496, 2, 'question', 'edit', 27, '2013-11-12 10:04:15', '', '127.0.0.1'),
(497, 2, 'question', 'edit', 17, '2013-11-12 10:04:21', '', '127.0.0.1'),
(498, 2, 'question', 'edit', 23, '2013-11-12 10:04:28', '', '127.0.0.1'),
(499, 2, 'question', 'edit', 18, '2013-11-12 10:04:34', '', '127.0.0.1');

/*!40101 SET CHARACTER_SET_CLIENT=@OLD_CHARACTER_SET_CLIENT */;
/*!40101 SET CHARACTER_SET_RESULTS=@OLD_CHARACTER_SET_RESULTS */;
/*!40101 SET COLLATION_CONNECTION=@OLD_COLLATION_CONNECTION */;
