-- phpMyAdmin SQL Dump
-- version 3.5.8.1deb1
-- http://www.phpmyadmin.net
--
-- Host: localhost
-- Generation Time: Apr 28, 2014 at 04:59 PM
-- Server version: 5.5.34-0ubuntu0.13.04.1
-- PHP Version: 5.4.9-4ubuntu2.4

SET SQL_MODE="NO_AUTO_VALUE_ON_ZERO";
SET time_zone = "+00:00";


/*!40101 SET @OLD_CHARACTER_SET_CLIENT=@@CHARACTER_SET_CLIENT */;
/*!40101 SET @OLD_CHARACTER_SET_RESULTS=@@CHARACTER_SET_RESULTS */;
/*!40101 SET @OLD_COLLATION_CONNECTION=@@COLLATION_CONNECTION */;
/*!40101 SET NAMES utf8 */;

--
-- Database: `partisk`
--

-- --------------------------------------------------------

--
-- Table structure for table `answers`
--

CREATE TABLE IF NOT EXISTS `answers` (
  `id` int(11) NOT NULL AUTO_INCREMENT,
  `party_id` int(11) NOT NULL,
  `answer` varchar(40) CHARACTER SET latin1 NOT NULL,
  `question_id` varchar(40) COLLATE utf8_swedish_ci NOT NULL,
  `source` text COLLATE utf8_swedish_ci NOT NULL,
  `date` timestamp NOT NULL DEFAULT CURRENT_TIMESTAMP ON UPDATE CURRENT_TIMESTAMP,
  `created_by` int(11) NOT NULL,
  `deleted` tinyint(1) NOT NULL DEFAULT '0',
  `updated_by` int(11) DEFAULT NULL,
  `created_date` timestamp NOT NULL DEFAULT '0000-00-00 00:00:00',
  `updated_date` timestamp NULL DEFAULT NULL,
  `description` text COLLATE utf8_swedish_ci,
  `approved` tinyint(1) NOT NULL DEFAULT '0',
  `approved_by` int(11) NOT NULL,
  `approved_date` timestamp NOT NULL DEFAULT '0000-00-00 00:00:00',
  PRIMARY KEY (`id`)
) ENGINE=InnoDB  DEFAULT CHARSET=utf8 COLLATE=utf8_swedish_ci AUTO_INCREMENT=243 ;

--
-- Dumping data for table `answers`
--

INSERT INTO `answers` (`id`, `party_id`, `answer`, `question_id`, `source`, `date`, `created_by`, `deleted`, `updated_by`, `created_date`, `updated_date`, `description`, `approved`, `approved_by`, `approved_date`) VALUES
(7, 4, 'nej', '14', 'http://politik.piratpartiet.se/patent-2/', '2013-09-14 22:00:00', 2, 0, 2, '2013-10-21 12:35:49', '2013-11-27 19:44:06', '', 1, 2, '2013-11-27 19:44:06'),
(8, 4, 'ja', '15', 'http://politik.piratpartiet.se/fra/', '2013-09-14 22:00:00', 2, 0, 2, '2013-10-21 12:35:49', '2013-11-27 19:44:20', '', 1, 2, '2013-11-27 19:44:20'),
(10, 2, 'nej', '17', 'http://www.moderat.se/eu/euron', '2013-12-08 16:28:54', 2, 0, NULL, '2013-10-21 12:35:49', NULL, NULL, 1, 0, '0000-00-00 00:00:00'),
(11, 3, 'ja', '17', 'http://www.folkpartiet.se/var-politik/var-politik-a-o/euro/', '2013-12-08 16:28:54', 2, 1, 2, '2013-10-21 12:35:49', NULL, NULL, 1, 0, '0000-00-00 00:00:00'),
(12, 9, 'nej', '17', 'http://www.mp.se/politik/eu-och-euro', '2013-12-08 16:28:54', 2, 0, NULL, '2013-10-21 12:35:49', NULL, NULL, 1, 0, '0000-00-00 00:00:00'),
(13, 4, 'nej', '17', 'http://politik.piratpartiet.se/eu/', '2013-12-08 16:28:54', 2, 0, NULL, '2013-10-21 12:35:49', NULL, NULL, 1, 0, '0000-00-00 00:00:00'),
(14, 6, 'nej', '17', 'http://kristdemokraterna.se/VarPolitik/Korta-Svar-AO/Euron/', '2013-12-08 16:28:54', 2, 0, NULL, '2013-10-21 12:35:49', NULL, NULL, 1, 0, '0000-00-00 00:00:00'),
(15, 5, 'nej', '17', 'http://www.centerpartiet.se/Centerpolitik/Politikomraden/EU/Politik-A---O/EMU/', '2013-12-08 16:28:54', 2, 0, NULL, '2013-10-21 12:35:49', NULL, NULL, 1, 0, '0000-00-00 00:00:00'),
(16, 8, 'nej', '17', 'https://sverigedemokraterna.se/?page_id=11454', '2013-12-08 16:28:54', 2, 0, NULL, '2013-10-21 12:35:49', NULL, NULL, 1, 0, '0000-00-00 00:00:00'),
(18, 7, 'nej', '17', 'http://www.vansterpartiet.se/politik/euron-2/', '2013-12-08 16:28:54', 2, 0, NULL, '2013-10-21 12:35:49', NULL, NULL, 1, 0, '0000-00-00 00:00:00'),
(19, 7, 'nej', '18', 'http://www.vansterpartiet.se/politik/', '2013-12-08 16:28:54', 2, 0, NULL, '2013-10-21 12:35:49', NULL, NULL, 1, 0, '0000-00-00 00:00:00'),
(20, 7, 'ja', '19', 'http://www.vansterpartiet.se/politik/abort/', '2013-12-08 16:28:54', 2, 0, NULL, '2013-10-21 12:35:49', NULL, NULL, 1, 0, '0000-00-00 00:00:00'),
(21, 7, 'ja', '20', 'http://www.riksdagen.se/sv/Dokument-Lagar/Forslag/Motioner/Barnfattigdom_H102-8255882D-BC55-440F-914F-8B5C4C20EA21/?text=true', '2013-12-08 16:28:54', 2, 0, 2, '2013-10-21 12:35:49', '2013-10-22 19:47:08', '"Riksdagen beslutar vad som anförs i motionen om att riksnormen för försörjningsstöd bör höjas med 300 kronor i månaden per barn."', 1, 0, '0000-00-00 00:00:00'),
(22, 7, 'ja', '21', 'http://www.vansterpartiet.se/politik/dodshjalp/', '2013-12-08 16:28:54', 2, 0, NULL, '2013-10-21 12:35:49', NULL, NULL, 1, 0, '0000-00-00 00:00:00'),
(23, 7, 'nej', '22', 'http://www.vansterpartiet.se/politik/abort/', '2013-12-08 16:28:54', 2, 0, 2, '2013-10-21 12:35:49', '2013-10-22 19:45:40', '"Vänsterpartiet vill även att möjligheten till dispens för barn under 18 år att ingå äktenskap ska tas bort."', 1, 0, '0000-00-00 00:00:00'),
(24, 6, 'ja', '19', 'http://kristdemokraterna.se/VarPolitik/Korta-Svar-AO/Abort/', '2013-12-08 16:28:54', 2, 0, NULL, '2013-10-21 12:35:49', NULL, NULL, 1, 0, '0000-00-00 00:00:00'),
(25, 8, 'nej', '23', 'https://sverigedemokraterna.se/?page_id=10893', '2013-12-08 16:28:54', 2, 0, NULL, '2013-10-21 12:35:49', NULL, NULL, 1, 0, '0000-00-00 00:00:00'),
(26, 8, 'ja', '24', 'https://sverigedemokraterna.se/?page_id=10893', '2013-12-08 16:28:54', 2, 0, NULL, '2013-10-21 12:35:49', NULL, NULL, 1, 0, '0000-00-00 00:00:00'),
(27, 3, 'ja', '19', 'http://www.folkpartiet.se/var-politik/var-politik-a-o/abort/', '2013-12-08 16:28:54', 2, 0, NULL, '2013-10-21 12:35:49', NULL, NULL, 1, 0, '0000-00-00 00:00:00'),
(28, 3, 'ja', '25', 'http://www.folkpartiet.se/var-politik/var-politik-a-o/karnkraft/', '2013-12-08 16:28:54', 2, 0, NULL, '2013-10-21 12:35:49', NULL, NULL, 1, 0, '0000-00-00 00:00:00'),
(29, 3, 'nej', '26', 'http://www.folkpartiet.se/var-politik/var-politik-a-o/karnkraft/', '2013-12-08 16:28:54', 2, 0, NULL, '2013-10-21 12:35:49', NULL, NULL, 1, 0, '0000-00-00 00:00:00'),
(30, 3, 'ja', '27', 'http://www.folkpartiet.se/var-politik/var-politik-a-o/nato/', '2013-12-08 16:28:54', 2, 0, NULL, '2013-10-21 12:35:49', NULL, NULL, 1, 0, '0000-00-00 00:00:00'),
(31, 6, 'nej', '28', 'http://kristdemokraterna.se/VarPolitik/Korta-Svar-AO/Gardsforsaljning/', '2013-12-08 16:28:54', 2, 0, NULL, '2013-10-21 12:35:49', NULL, NULL, 1, 0, '0000-00-00 00:00:00'),
(32, 6, 'ja', '29', 'http://kristdemokraterna.se/VarPolitik/Korta-Svar-AO/Modersmalsundervisning/', '2013-12-08 16:28:54', 2, 0, NULL, '2013-10-21 12:35:49', NULL, NULL, 1, 0, '0000-00-00 00:00:00'),
(33, 5, 'ja', '19', 'http://www.centerpartiet.se/Centerpolitik/Politikomraden/Sociala-fragor-vard-och-omsorg/Politik-A---', '2013-12-08 16:28:54', 2, 0, NULL, '2013-10-21 12:35:49', NULL, NULL, 1, 0, '0000-00-00 00:00:00'),
(34, 5, 'ja', '30', 'http://www.centerpartiet.se/Centerpolitik/Politikomraden/Infrastruktur-och-trafik/Politik-A---O/Alko', '2013-12-08 16:28:54', 2, 0, NULL, '2013-10-21 12:35:49', NULL, NULL, 1, 0, '0000-00-00 00:00:00'),
(35, 5, 'ja', '31', 'http://www.centerpartiet.se/Centerpolitik/Politikomraden/Sociala-fragor-vard-och-omsorg/Politik-A---', '2013-12-08 16:28:54', 2, 0, NULL, '2013-10-21 12:35:49', NULL, NULL, 1, 0, '0000-00-00 00:00:00'),
(36, 5, '6', '32', 'http://www.centerpartiet.se/Centerpolitik/Politikomraden/Skola-och-utbildning/Politik-A---O/Betyg/', '2013-12-08 16:28:54', 2, 0, 2, '2013-10-21 12:35:49', '2013-10-22 20:16:37', '"Centerpartiet har tillsammans med Alliansen [...] infört en ny betygsskala i sex steg och eleverna får nu betyg från år 6"', 1, 0, '0000-00-00 00:00:00'),
(37, 5, 'ja', '21', 'http://www.centerpartiet.se/Centerpolitik/Politikomraden/Sociala-fragor-vard-och-omsorg/Politik-A---', '2013-12-08 16:28:54', 2, 0, NULL, '2013-10-21 12:35:49', NULL, NULL, 1, 0, '0000-00-00 00:00:00'),
(38, 1, 'ja', '19', 'http://www.socialdemokraterna.se/Webben-for-alla/S-kvinnor/S-kvinnor/Var-politik/Var-politik-A-O/Abort/', '2013-12-08 16:28:54', 2, 0, 2, '2013-10-21 12:35:49', '2013-10-22 08:24:55', '', 1, 0, '0000-00-00 00:00:00'),
(39, 8, 'ja', '19', 'http://sverigedemokraterna.se/?page_id=10893', '2013-12-08 16:28:54', 2, 0, NULL, '2013-10-21 12:35:49', NULL, NULL, 1, 0, '0000-00-00 00:00:00'),
(40, 2, 'ja', '19', 'http://www.moderat.se/debatt/ulrika-karlsson-orovackande-utveckling-i-synen-pa-abort-i-europa', '2013-12-08 16:28:54', 2, 0, NULL, '2013-10-21 12:35:49', NULL, NULL, 1, 0, '0000-00-00 00:00:00'),
(41, 1, '6', '32', 'http://www.socialdemokraterna.se/Var-politik/Var-politik-A-till-O/Skola/Betyg/', '2013-12-08 16:28:54', 2, 0, 2, '2013-10-21 12:35:49', '2013-10-22 20:14:20', '"Betyg i grundskolan ska finnas från årskurs 6"', 1, 0, '0000-00-00 00:00:00'),
(42, 2, '6', '32', 'http://www.moderat.se/skola-och-utbildning/grundskolan', '2013-12-08 16:28:54', 2, 0, 2, '2013-10-21 12:35:49', '2013-10-22 20:15:38', '"Dessutom har ett nytt betygssystem införts och från och med hösten 2012 ges betyg från årskurs 6."', 1, 0, '0000-00-00 00:00:00'),
(43, 3, '4', '32', 'http://www.folkpartiet.se/var-politik/var-politik-a-o/betyg/', '2013-12-08 16:28:54', 2, 0, 2, '2013-10-21 12:35:49', '2013-10-22 20:15:59', '"Vi vill [...] Införa betyg från åk 4"', 1, 0, '0000-00-00 00:00:00'),
(44, 6, '6', '32', 'http://kristdemokraterna.se/VarPolitik/Korta-Svar-AO/Betyg/', '2013-12-08 16:28:54', 2, 0, 2, '2013-10-21 12:35:49', '2013-10-22 20:18:06', '"Från höstterminen 2012 infördes betyg från årskurs sex, det tycker vi är bra för att tydliggöra kunskapsmål."', 1, 0, '0000-00-00 00:00:00'),
(45, 7, '9', '32', 'http://www.vansterpartiet.se/politik/betyg-2/', '2013-12-08 16:28:54', 2, 0, 2, '2013-10-21 12:35:49', '2013-10-22 20:16:57', '"Den typ av betyg vi istället vill se är ett intyg och omdöme som en elev får med sig efter att ha avslutat en utbildning och det första betyget ska då ges i årskurs 9."', 1, 0, '0000-00-00 00:00:00'),
(46, 8, '4', '32', 'http://www.riksdagen.se/sv/Dokument-Lagar/Forslag/Motioner/Betyg-fran-arskurs-4_GZ02Ub507/?text=true', '2013-12-08 16:28:54', 2, 0, 2, '2013-10-21 12:35:49', '2013-10-22 20:17:48', '"Vi menar dels att betyg skall införas redan i årskurs 4 i grundskolan [...]"', 1, 0, '0000-00-00 00:00:00'),
(47, 1, 'ja', '30', 'http://www.socialdemokraterna.se/Webben-for-alla/Partidistrikt/Kalmar/MediaN/Nyhetsarkiv/Alkolas-kan', '2013-12-08 16:28:54', 2, 0, NULL, '2013-10-21 12:35:49', NULL, NULL, 1, 0, '0000-00-00 00:00:00'),
(49, 3, 'nej', '22', 'http://www.folkpartiet.se/var-politik/var-politik-a-o/aktenskap/', '2013-12-07 23:00:00', 2, 0, 2, '2013-10-21 12:35:49', '2013-12-17 09:32:13', '"Dispensmöjligheten att ingå äktenskap före 18 års ålder bör avskaffas."', 0, 0, '0000-00-00 00:00:00'),
(50, 1, 'ja', '29', 'http://www.socialdemokraterna.se/Webben-for-alla/S-kvinnor/S-kvinnor-i-Jonkopings-lan/Var-Politik/A-', '2013-12-08 16:28:54', 2, 0, NULL, '2013-10-21 12:35:49', NULL, NULL, 1, 0, '0000-00-00 00:00:00'),
(51, 3, 'ja', '29', 'http://www.folkpartiet.se/var-politik/var-politik-a-o/modersmalsundervisning/', '2013-12-08 16:28:54', 2, 0, NULL, '2013-10-21 12:35:49', NULL, NULL, 1, 0, '0000-00-00 00:00:00'),
(52, 6, 'ja', '29', 'http://kristdemokraterna.se/VarPolitik/Korta-Svar-AO/Modersmalsundervisning/', '2013-12-08 16:28:54', 2, 0, NULL, '2013-10-21 12:35:49', NULL, NULL, 1, 0, '0000-00-00 00:00:00'),
(53, 8, 'nej', '29', 'http://sverigedemokraterna.se/?page_id=10893', '2013-12-08 16:28:54', 2, 0, NULL, '2013-10-21 12:35:49', NULL, NULL, 1, 0, '0000-00-00 00:00:00'),
(54, 1, 'ja', '15', 'http://www.socialdemokraterna.se/Webben-for-alla/Partidistrikt/Goteborg/Politik/Var-politik-A-till-O', '2013-12-08 16:28:54', 2, 1, 2, '2013-10-21 12:35:49', NULL, NULL, 1, 0, '0000-00-00 00:00:00'),
(55, 2, 'nej', '15', 'http://www.moderat.se/forsvar-och-krisberedskap/signalspaning', '2013-12-08 16:28:54', 2, 0, NULL, '2013-10-21 12:35:49', NULL, NULL, 1, 0, '0000-00-00 00:00:00'),
(56, 3, 'nej', '15', 'http://www.folkpartiet.se/var-politik/var-politik-a-o/fra-forsvarets-radioanstalt/', '2013-12-08 16:28:54', 2, 0, NULL, '2013-10-21 12:35:49', NULL, NULL, 1, 0, '0000-00-00 00:00:00'),
(57, 5, 'nej', '15', 'http://www.centerpartiet.se/Nyheter/Arkiv-2007/Annie-om-signalspaning/', '2013-12-08 16:28:54', 2, 0, NULL, '2013-10-21 12:35:49', NULL, NULL, 1, 0, '0000-00-00 00:00:00'),
(58, 6, 'nej', '15', 'http://www.overtornea.kristdemokraterna.se/web-Overtornea-content/web-Overtornea-leftmenu/FOV16-0002', '2013-12-08 16:28:54', 2, 0, NULL, '2013-10-21 12:35:49', NULL, NULL, 1, 0, '0000-00-00 00:00:00'),
(59, 1, 'nej', '15', 'http://www.dn.se/Pages/Article.aspx?id=1034640&epslanguage=sv', '2013-12-08 16:28:54', 2, 0, NULL, '2013-10-21 12:35:49', NULL, NULL, 1, 0, '0000-00-00 00:00:00'),
(60, 7, 'ja', '15', 'http://www.vansterpartiet.se/v-och-mp-motsatter-sig-okad-signalspaning/', '2013-12-08 16:28:54', 2, 0, NULL, '2013-10-21 12:35:49', NULL, NULL, 1, 0, '0000-00-00 00:00:00'),
(61, 9, 'ja', '15', 'http://www.mp.se/politik/internet-och-integritet', '2013-12-08 16:28:54', 2, 0, NULL, '2013-10-21 12:35:49', NULL, NULL, 1, 0, '0000-00-00 00:00:00'),
(62, 1, 'nej', '28', 'http://www.socialdemokraterna.se/Var-politik/Var-politik-A-till-O/Sociala-fragor/Alkohol/', '2013-12-08 16:28:54', 2, 0, NULL, '2013-10-21 12:35:49', NULL, NULL, 1, 0, '0000-00-00 00:00:00'),
(63, 2, 'ja', '28', 'http://www.moderat.se/sundsvall/alkohol-och-narkotikafragor', '2013-12-07 23:00:00', 2, 0, 2, '2013-10-21 12:35:49', '2014-01-18 16:14:00', '', 0, 0, '0000-00-00 00:00:00'),
(64, 3, 'nej', '28', 'http://www.folkpartiet.se/var-politik/var-politik-a-o/alkohol/', '2013-12-08 16:28:54', 2, 0, NULL, '2013-10-21 12:35:49', NULL, NULL, 1, 0, '0000-00-00 00:00:00'),
(65, 5, 'ja', '28', 'http://www.centerpartiet.se/Centerpolitik/Politikomraden/Jobb-och-arbetsliv/Politik-A---O/Gardsforsa', '2013-12-08 16:28:54', 2, 0, NULL, '2013-10-21 12:35:49', NULL, NULL, 1, 0, '0000-00-00 00:00:00'),
(66, 8, 'ja', '28', 'https://sverigedemokraterna.se/?p=4043‎', '2013-12-08 16:28:54', 2, 0, NULL, '2013-10-21 12:35:49', NULL, NULL, 1, 0, '0000-00-00 00:00:00'),
(67, 9, 'nej', '28', 'http://www.newsmill.se/artikel/2012/03/23/folkh-lsan-m-ste-g-f-re-g-rdsf-rs-ljning', '2013-12-08 16:28:54', 2, 0, NULL, '2013-10-21 12:35:49', NULL, NULL, 1, 0, '0000-00-00 00:00:00'),
(68, 1, 'ja', '26', 'http://www.socialdemokraterna.se/Var-politik/Var-politik-A-till-O/Energi/Karnkraft/', '2013-12-08 16:28:54', 2, 0, NULL, '2013-10-21 12:35:49', NULL, NULL, 1, 0, '0000-00-00 00:00:00'),
(69, 1, 'nej', '25', 'http://www.socialdemokraterna.se/Var-politik/Var-politik-A-till-O/Energi/Karnkraft/', '2013-12-08 16:28:54', 2, 0, NULL, '2013-10-21 12:35:49', NULL, NULL, 1, 0, '0000-00-00 00:00:00'),
(70, 2, 'nej', '26', 'http://www.moderat.se/sundsvall/energi', '2013-12-08 16:28:54', 2, 0, NULL, '2013-10-21 12:35:49', NULL, NULL, 1, 0, '0000-00-00 00:00:00'),
(71, 2, 'ja', '25', 'http://www.moderat.se/sundsvall/energi', '2013-12-08 16:28:54', 2, 0, NULL, '2013-10-21 12:35:49', NULL, NULL, 1, 0, '0000-00-00 00:00:00'),
(72, 5, 'ja', '26', 'http://www.centerpartiet.se/Centerpolitik/Politikomraden/Miljo-energi-och-klimat/Politik-A---O/Karnk', '2013-12-08 16:28:54', 2, 0, NULL, '2013-10-21 12:35:49', NULL, NULL, 1, 0, '0000-00-00 00:00:00'),
(73, 5, 'nej', '25', 'http://www.centerpartiet.se/Centerpolitik/Politikomraden/Miljo-energi-och-klimat/Politik-A---O/Karnk', '2013-12-08 16:28:54', 2, 0, NULL, '2013-10-21 12:35:49', NULL, NULL, 1, 0, '0000-00-00 00:00:00'),
(74, 6, 'nej', '26', 'http://kristdemokraterna.se/VarPolitik/Politikomraden/Miljo-och-energi/', '2013-12-08 16:28:54', 2, 0, NULL, '2013-10-21 12:35:49', NULL, NULL, 1, 0, '0000-00-00 00:00:00'),
(75, 7, 'ja', '26', 'http://www.vansterpartiet.se/fordjupning/energi-fordjupning/', '2013-12-08 16:28:54', 2, 0, NULL, '2013-10-21 12:35:49', NULL, NULL, 1, 0, '0000-00-00 00:00:00'),
(76, 7, 'nej', '25', 'http://www.vansterpartiet.se/fordjupning/energi-fordjupning/', '2013-12-08 16:28:54', 2, 0, NULL, '2013-10-21 12:35:49', NULL, NULL, 1, 0, '0000-00-00 00:00:00'),
(77, 9, 'ja', '26', 'http://www.mp.se/politik/karnkraft', '2013-12-08 16:28:54', 2, 0, NULL, '2013-10-21 12:35:49', NULL, NULL, 1, 0, '0000-00-00 00:00:00'),
(78, 9, 'nej', '25', 'http://www.mp.se/politik/karnkraft', '2013-12-08 16:28:54', 2, 0, NULL, '2013-10-21 12:35:49', NULL, NULL, 1, 0, '0000-00-00 00:00:00'),
(79, 8, 'nej', '26', 'http://sverigedemokraterna.se/?page_id=10893', '2013-12-08 16:28:54', 2, 0, NULL, '2013-10-21 12:35:49', NULL, NULL, 1, 0, '0000-00-00 00:00:00'),
(80, 8, 'ja', '25', 'http://sverigedemokraterna.se/?page_id=10893', '2013-12-08 16:28:54', 2, 0, NULL, '2013-10-21 12:35:49', NULL, NULL, 1, 0, '0000-00-00 00:00:00'),
(81, 1, 'ja', '31', 'http://www.socialdemokraterna.se/Webben-for-alla/Partidistrikt/Goteborg/Politik/Var-politik-A-till-O', '2013-12-08 16:28:54', 2, 0, NULL, '2013-10-21 12:35:49', NULL, NULL, 1, 0, '0000-00-00 00:00:00'),
(82, 3, 'ja', '31', 'http://www.folkpartiet.se/var-politik/var-politik-a-o/apoteksmarknaden/', '2013-12-08 16:28:54', 2, 0, NULL, '2013-10-21 12:35:49', NULL, NULL, 1, 0, '0000-00-00 00:00:00'),
(83, 5, 'ja', '31', 'http://www.centerpartiet.se/Centerpolitik/Politikomraden/Sociala-fragor-vard-och-omsorg/Politik-A---', '2013-12-08 16:28:54', 2, 0, NULL, '2013-10-21 12:35:49', NULL, NULL, 1, 0, '0000-00-00 00:00:00'),
(84, 3, 'nej', '21', 'http://www.folkpartiet.se/var-politik/var-politik-a-o/dodshjalp/', '2013-12-08 16:28:54', 2, 0, NULL, '2013-10-21 12:35:49', NULL, NULL, 1, 0, '0000-00-00 00:00:00'),
(85, 5, 'nej', '21', 'http://www.centerpartiet.se/Centerpolitik/Politikomraden/Sociala-fragor-vard-och-omsorg/Politik-A---', '2013-12-08 16:28:54', 2, 0, NULL, '2013-10-21 12:35:49', NULL, NULL, 1, 0, '0000-00-00 00:00:00'),
(86, 6, 'nej', '21', 'http://kristdemokraterna.se/VarPolitik/Korta-Svar-AO/Dodshjalp/', '2013-12-08 16:28:54', 2, 0, NULL, '2013-10-21 12:35:49', NULL, NULL, 1, 0, '0000-00-00 00:00:00'),
(87, 1, 'nej', '21', 'http://www.svt.se/nyheter/sverige/partier-sager-nej-till-aktiv-dodshjalp', '2013-12-08 16:28:54', 2, 0, NULL, '2013-10-21 12:35:49', NULL, NULL, 1, 0, '0000-00-00 00:00:00'),
(88, 2, 'nej', '21', 'http://www.svt.se/nyheter/sverige/partier-sager-nej-till-aktiv-dodshjalp', '2013-12-08 16:28:54', 2, 0, NULL, '2013-10-21 12:35:49', NULL, NULL, 1, 0, '0000-00-00 00:00:00'),
(89, 9, 'nej', '21', 'http://www.svt.se/nyheter/sverige/partier-sager-nej-till-aktiv-dodshjalp', '2010-04-06 22:00:00', 2, 0, 2, '2013-10-21 12:35:49', '2013-11-27 20:23:55', '', 1, 2, '2013-11-27 20:23:55'),
(90, 1, 'nej', '27', 'http://www.socialdemokraterna.se/Internationellt/Arkiv/Gamla-internationella-A-O/NATO/', '2013-12-08 16:28:54', 2, 0, NULL, '2013-10-21 12:35:49', NULL, NULL, 1, 0, '0000-00-00 00:00:00'),
(91, 2, 'ja', '27', 'http://www.moderat.se/sundsvall/forsvaret', '2013-12-08 16:28:54', 2, 0, NULL, '2013-10-21 12:35:49', NULL, NULL, 1, 0, '0000-00-00 00:00:00'),
(92, 5, 'nej', '27', 'http://www.centerpartiet.se/Centerpolitik/Politikomraden/Forsvars--och-sakerhetspolitik/Politik-A---', '2013-12-08 16:28:54', 2, 0, NULL, '2013-10-21 12:35:49', NULL, NULL, 1, 0, '0000-00-00 00:00:00'),
(93, 6, 'nej', '27', 'http://www.kristdemokraterna.se/VarPolitik/Korta-Svar-AO/Nato/', '2013-12-08 16:28:54', 2, 0, NULL, '2013-10-21 12:35:49', NULL, NULL, 1, 0, '0000-00-00 00:00:00'),
(94, 7, 'nej', '27', 'http://www.vansterpartiet.se/politik/forsvaret/', '2013-12-08 16:28:54', 2, 0, NULL, '2013-10-21 12:35:49', NULL, NULL, 1, 0, '0000-00-00 00:00:00'),
(95, 8, 'nej', '27', 'http://sverigedemokraterna.se/?page_id=10893', '2013-12-08 16:28:54', 2, 0, NULL, '2013-10-21 12:35:49', NULL, NULL, 1, 0, '0000-00-00 00:00:00'),
(96, 9, 'nej', '27', 'http://www.mp.se/karlskrona/just-nu/ja-till-fred-nej-till-nato', '2013-12-08 16:28:54', 2, 0, NULL, '2013-10-21 12:35:49', NULL, NULL, 1, 0, '0000-00-00 00:00:00'),
(97, 5, 'nej', '24', 'http://www.centerpartiet.se/Centerpolitik/Politikomraden/Infrastruktur-och-trafik/Politik-A---O/Jarn', '2013-12-08 16:28:54', 2, 0, NULL, '2013-10-21 12:35:49', NULL, NULL, 1, 0, '0000-00-00 00:00:00'),
(98, 5, 'ja', '23', 'http://www.centerpartiet.se/Centerpolitik/Politikomraden/Utrikes--och-bistandsfragor/Politik-A---O/E', '2013-12-08 16:28:54', 2, 0, NULL, '2013-10-21 12:35:49', NULL, NULL, 1, 0, '0000-00-00 00:00:00'),
(99, 3, 'ja', '23', 'http://www.folkpartiet.se/vara-politiker/cecilia-malmstrom/nar-jag-var-eu-minister/artiklar/turkiet-', '2013-12-08 16:28:54', 2, 0, NULL, '2013-10-21 12:35:49', NULL, NULL, 1, 0, '0000-00-00 00:00:00'),
(100, 2, 'ja', '18', 'http://www.moderat.se/debatt/vinstforbud-vore-ett-misstag', '2013-12-08 16:28:54', 2, 0, NULL, '2013-10-21 12:35:49', NULL, NULL, 1, 0, '0000-00-00 00:00:00'),
(101, 7, 'nej', '18', 'http://www.dn.se/nyheter/sverige/v-kraver-stopp-for-vinster-i-valfarden/', '2013-12-08 16:28:54', 2, 0, NULL, '2013-10-21 12:35:49', NULL, NULL, 1, 0, '0000-00-00 00:00:00'),
(102, 9, 'nej', '18', 'http://www.mp.se/haninge/just-nu/forbud-mot-vinster-i-valfarden-beslutad-pa-kongressen', '2013-12-08 16:28:54', 2, 0, NULL, '2013-10-21 12:35:49', NULL, NULL, 1, 0, '0000-00-00 00:00:00'),
(124, 1, 'ja', '14', 'http://www.folkpartiet.se/var-politik/var-politik-a-o/abort/', '2013-12-08 16:28:54', 2, 0, NULL, '2013-10-21 12:35:49', NULL, NULL, 1, 0, '0000-00-00 00:00:00'),
(130, 3, 'ja', '68', 'http://www.folkpartiet.se/var-politik/var-politik-a-o/arbetsloshetsforsakring/', '2013-12-08 16:28:54', 2, 1, 2, '2013-10-22 10:19:01', NULL, '"Att dagens a-kassor ska ersättas med en gemensam arbetslöshetskassa i statlig regi som omfattar alla som arbetar."', 1, 0, '0000-00-00 00:00:00'),
(131, 6, 'ja', '68', 'http://www.kristdemokraterna.se/Media/Nyhetsarkiv/Vi-satsar-tre-miljarder-pa-nya-reformer/', '2013-12-08 16:28:54', 2, 0, NULL, '2013-10-22 10:20:34', NULL, '"Det är dags att införa en obligatorisk a-kassa i Sverige. Alla som arbetar och uppfyller villkoren för försäkringen bör omfattas av en arbetslöshetsförsäkring med rätt till inkomstrelaterad ersättning om man blir arbetslös."', 1, 0, '0000-00-00 00:00:00'),
(132, 5, 'ja', '68', 'http://www.centerpartiet.se/Centerpolitik/Politikomraden/Socialforsakringar-och-bidrag/Politik-A---O/A-kassaarbetsloshetsersattning/', '2013-12-08 16:28:54', 2, 0, 2, '2013-10-22 10:22:01', '2013-10-22 10:22:12', '"För Centerpartiet är en obligatorisk arbetslöshetsförsäkring en viktig del i en flexibel arbetsmarknadsmodell."', 1, 0, '0000-00-00 00:00:00'),
(133, 9, 'ja', '68', 'http://www.dn.se/nyheter/politik/mp-vill-att-a-kassan-ska-bli-obligatorisk/', '2013-12-08 16:28:54', 2, 0, NULL, '2013-10-22 10:25:05', NULL, '"Inför en obligatorisk, statlig arbetslöshetsförsäkring som slås ihop med sjukförsäkringen. Låt en ny statlig myndighet sköta sjukpenning, a-kassa och försörjningsstöd (socialbidrag). Det föreslår miljöpartiet, som samtidigt slutar sträva efter en medborgarlön."', 1, 0, '0000-00-00 00:00:00'),
(134, 1, 'nej', '68', 'http://www.dn.se/debatt/hog-tid-for-nytankande-om-den-svenska-a-kassan/', '2013-11-06 23:00:00', 6, 0, 2, '2013-10-22 10:27:26', '2013-11-07 22:17:36', '', 1, 2, '2013-11-07 22:17:36'),
(135, 7, 'nej', '68', 'http://www.dn.se/debatt/hog-tid-for-nytankande-om-den-svenska-a-kassan/', '2013-12-08 16:28:54', 2, 0, NULL, '2013-10-22 10:27:59', NULL, '', 1, 0, '0000-00-00 00:00:00'),
(136, 8, 'ja', '68', 'http://sverigedemokraterna.se/wp-content/uploads/2013/08/Sverigedemokraterna-Inriktningsprogram-2011-Arbetsmarknad.pdf', '2013-12-08 16:28:54', 2, 0, NULL, '2013-10-22 10:31:53', NULL, '"Vi anser [...] att a-kassan görs till en obligatorisk och skattefinansierad inkomstförsäkring som sköts och administreras av Försäkringskassan."', 1, 0, '0000-00-00 00:00:00'),
(137, 3, 'nej', '70', 'http://www.folkpartiet.se/var-politik/var-politik-a-o/alkohol/', '2013-10-21 22:00:00', 2, 0, 2, '2013-10-22 10:36:28', '2013-12-02 19:12:38', '"Vi vill [...] Behålla Systembolagets monopol."', 1, 2, '2013-12-02 19:12:38'),
(138, 6, 'nej', '70', 'http://www.kristdemokraterna.se/VarPolitik/Korta-Svar-AO/Alkohol/', '2013-12-08 16:28:54', 2, 0, NULL, '2013-10-22 10:38:45', NULL, '"Kristdemokraterna värnar om Systembolagets försäljningsmonopol [...]"', 1, 0, '0000-00-00 00:00:00'),
(139, 5, 'nej', '70', 'http://www.centerpartiet.se/Centerpolitik/Politikomraden/Sociala-fragor-vard-och-omsorg/Politik-A---O/Alkoholpolitik/', '2013-12-08 16:28:54', 2, 0, NULL, '2013-10-22 10:39:39', NULL, '"Centerpartiet vill [...] Behålla Systembolaget som statligt monopol."', 1, 0, '0000-00-00 00:00:00'),
(140, 1, 'nej', '70', 'http://www.socialdemokraterna.se/Var-politik/Var-politik-A-till-O/Sociala-fragor/Alkohol/', '2013-12-08 16:28:54', 2, 0, 2, '2013-10-22 10:44:24', '2013-12-08 14:03:31', '"Vi slår vakt om Systembolagets monopol eftersom det motverkar en försäljning som inte går att kontrollera [...]"', 1, 2, '2013-12-08 14:03:03'),
(141, 8, 'nej', '70', 'http://sverigedemokraterna.se/var-politik/var-politik-a-till-o/', '2013-12-08 16:28:54', 2, 0, NULL, '2013-10-22 10:45:30', NULL, '"Vi önskar bevara Systembolagets alkoholmonopol [...]"', 1, 0, '0000-00-00 00:00:00'),
(142, 2, 'nej', '77', 'http://www.moderat.se/skola-och-utbildning/gymnasieskolan', '2012-06-25 22:00:00', 2, 0, 2, '2013-10-22 10:48:22', '2013-12-08 16:00:43', '"För de elever som väljer att läsa yrkesprogram eller lärlingsutbildning tas kravet på att läsa in högskolebehörighet bort."', 1, 2, '2013-12-08 16:00:43'),
(143, 1, 'ja', '77', 'http://www.socialdemokraterna.se/Webben-for-alla/Partidistrikt/Stockholm/Var-politik/Arkiv/A-O/Utbildning/Gymnasieskolan/', '2013-12-16 18:43:57', 2, 1, 2, '2013-10-22 10:49:51', '2013-12-11 22:33:12', '"Den viktigaste prioriteringen inom gymnasieskolan är att se till att alla elever går ut med goda kunskaper och högskolebehörighet."', 0, 2, '2013-12-02 19:12:52'),
(144, 3, 'nej', '77', 'http://www.folkpartiet.se/var-politik/var-politik-a-o/gymnasieskolan/', '2013-10-21 22:00:00', 2, 0, 2, '2013-10-22 10:53:46', '2013-12-02 19:12:45', '"Eleverna ska kunna välja om de vill läsa in högskolebehörighet eller inte."', 1, 2, '2013-12-02 19:12:45'),
(145, 9, 'ja', '77', 'http://www.mp.se/just-nu/mp-vill-starka-lasandet-i-skolan', '2013-12-08 16:28:54', 2, 0, NULL, '2013-10-22 10:56:42', NULL, '"Miljöpartiet vill återinföra högskolebehörigheten [...]"', 1, 0, '0000-00-00 00:00:00'),
(146, 7, 'ja', '77', 'http://www.svt.se/nyheter/blocken-oense-om-behorighet-for-larlingar', '2013-12-08 16:28:54', 2, 0, NULL, '2013-10-22 10:58:20', NULL, '', 1, 0, '0000-00-00 00:00:00'),
(147, 8, 'nej', '77', 'http://www.svt.se/nyheter/blocken-oense-om-behorighet-for-larlingar', '2013-12-08 16:28:54', 2, 0, NULL, '2013-10-22 10:58:52', NULL, '', 1, 0, '0000-00-00 00:00:00'),
(148, 1, 'ja', '20', 'http://www.socialdemokraterna.se/Var-politik/Var-politik-A-till-O/Barn/', '2013-12-08 16:28:54', 2, 1, 2, '2013-10-22 19:44:46', NULL, '"Underhållsstödet höjs med 50 kronor per barn och månad, barnbidraget med 100 kronor per barn och månad."', 1, 0, '0000-00-00 00:00:00'),
(149, 1, 'ja', '51', 'http://www.teknikensvarld.se/2011/04/10/12461/juholt-sager-ja-till-hojd-bensinskatt/', '2013-12-08 16:28:54', 2, 0, NULL, '2013-10-22 20:00:18', NULL, '"På frågan ”Ska bensinskatten höjas?” svarar Juholt – utan att tveka – ”ja”."', 1, 0, '0000-00-00 00:00:00'),
(150, 2, 'nej', '51', 'http://www.dn.se/nyheter/politik/moderat-nej-till-hojd-bensinskatt/', '2013-12-08 16:28:54', 2, 0, NULL, '2013-10-22 20:01:26', NULL, '"Statsminister Fredrik Reinfeldt säger nej till fortsatt höjd bensinskatt. Det skulle kunna slå tillbaka mot klimatarbetet, tror han"', 1, 0, '0000-00-00 00:00:00'),
(151, 3, 'nej', '51', 'http://www.folkpartiet.se/var-politik/var-politik-a-o/bensinskatt/', '2013-10-21 22:00:00', 2, 0, 2, '2013-10-22 20:02:41', '2013-11-27 21:42:44', '"Vi vill [...] Behålla bensinskatten oförändrad."', 1, 2, '2013-11-27 21:42:44'),
(152, 5, 'nej', '51', 'http://www.centerpartiet.se/Centerpolitik/Politikomraden/Miljo-energi-och-klimat/Politik-A---O/Bensinpriset/', '2013-12-08 16:28:54', 2, 0, NULL, '2013-10-22 20:04:08', NULL, '"Att sänka bensinskatten är dock inte en hållbar lösning på sikt, vare sig ekonomiskt eller miljömässigt."', 1, 0, '0000-00-00 00:00:00'),
(153, 9, 'ja', '51', 'http://www.mp.se/politik/bilar-och-bensinskatt', '2013-12-08 16:28:54', 2, 0, NULL, '2013-10-22 20:05:13', NULL, '"Miljöpartiet vill [...] höja bensinskatten och satsa på modernare bilar och bättre kollektivtrafik, och"', 1, 0, '0000-00-00 00:00:00'),
(154, 6, 'nej', '51', 'http://www.sydsvenskan.se/sverige/kd-ingen-hojning-av-bensinskatt/', '2013-12-08 16:28:54', 2, 0, NULL, '2013-10-22 20:11:25', NULL, '"Kristdemokraternas partiledare Göran Hägglund lovar att arbeta för att bensinskatten inte ska höjas under nästa mandatperiod."', 1, 0, '0000-00-00 00:00:00'),
(155, 8, 'nej', '51', 'http://sverigedemokraterna.se/var-politik/var-politik-a-till-o/', '2013-12-08 16:28:54', 2, 0, NULL, '2013-10-22 20:13:10', NULL, '"Sverigedemokraterna vill ha ett stopp för fortsatta höjningar av drivmedelskatterna."', 1, 0, '0000-00-00 00:00:00'),
(156, 5, 'nej', '57', 'http://expo.se/2011/sa-tycker-riksdagspartierna-om-heltackande-slojor_3935.html', '2013-12-08 16:28:54', 2, 0, NULL, '2013-10-22 20:26:49', NULL, '"- Att föreslå lagstiftning är överflödigt. Det finns redan idag möjlighet för rektorer och arbetsgivare att själva bestämma om deras anställda ska få bära heltäckande slöja, säger Peter Svensson." ', 1, 0, '0000-00-00 00:00:00'),
(157, 3, 'ja', '57', 'http://expo.se/2011/sa-tycker-riksdagspartierna-om-heltackande-slojor_3935.html', '2013-12-08 16:28:54', 2, 0, NULL, '2013-10-22 20:28:41', NULL, '"I ett filmklipp som partiet producerade i augusti förra året säger partiledare Jan Björklund att lagarna och reglerna måste förtydligas. Förbudet ska gälla både lärare och elever:\r\n\r\n- Det är orimligt att en person med täckt ansikte ska jobba med barn i en förskola, säger Björklund i filmklippet."', 1, 0, '0000-00-00 00:00:00'),
(158, 9, 'nej', '57', 'http://expo.se/2011/sa-tycker-riksdagspartierna-om-heltackande-slojor_3935.html', '2013-12-08 16:28:54', 2, 0, NULL, '2013-10-22 20:31:52', NULL, '"- Vi vill inte förbjuda niqab på allmänna platser, säger Maria Ferm."', 1, 0, '0000-00-00 00:00:00'),
(159, 2, 'ja', '57', 'http://expo.se/2011/sa-tycker-riksdagspartierna-om-heltackande-slojor_3935.html', '2013-12-08 16:28:54', 2, 0, NULL, '2013-10-22 20:34:11', NULL, '"I ett mejl till Expo skriver Moderaternas pressekreterare Edna Cedervall att partiet inte tror på ett förbud mot heltäckande slöja bland eleverna i skolorna. Däremot vill M öppna för ett förbud mot "lärare och förskollärare att dölja sitt ansikte i sin yrkesutövning"."', 1, 0, '0000-00-00 00:00:00'),
(160, 1, 'ja', '57', 'http://expo.se/2011/sa-tycker-riksdagspartierna-om-heltackande-slojor_3935.html', '2013-12-08 16:28:54', 2, 0, NULL, '2013-10-22 20:34:49', NULL, '"Men det kan finnas vissa situationer, t.ex. i vissa yrken, där det kan ha konsekvenser om man döljer hela ansiktet. Vi tycker inte att burka ska bäras i skolan, vare sig av lärare eller av elever."', 1, 0, '0000-00-00 00:00:00'),
(161, 8, 'ja', '57', 'http://expo.se/2011/sa-tycker-riksdagspartierna-om-heltackande-slojor_3935.html', '2013-12-08 16:28:54', 2, 0, NULL, '2013-10-22 20:35:31', NULL, '"Sverigedemokraterna välkomnade det franska förbudet mot heltäckande slöjor på allmän plats. De tar tydligt ställning mot den heltäckande slöjan och förknippar plagget med terrorism. Sverige bör följa i Frankrikes fotspår, menar Åkesson i ett pressmeddelande."', 1, 0, '0000-00-00 00:00:00'),
(162, 7, 'nej', '57', 'http://expo.se/2011/sa-tycker-riksdagspartierna-om-heltackande-slojor_3935.html', '2013-12-08 16:28:54', 2, 0, 2, '2013-10-22 20:35:57', '2013-10-22 20:36:09', '"Vänsterpartiet skriver på sin sajt att det inte ska finnas något förbud mot burka, niqab eller liknande i vare sig skolan eller samhället. Samtidigt är partiet mån om att ingen ska tvingas att bära ett klädesplagg de inte vill ha:"', 1, 0, '0000-00-00 00:00:00'),
(163, 6, 'nej', '59', 'http://www.kristdemokraterna.se/VarPolitik/Korta-Svar-AO/Formogenhetsskatt/', '2013-12-08 16:28:54', 2, 0, NULL, '2013-10-27 09:54:27', NULL, '"En förmögenhetsskatt är en form av dubbelbeskattning eftersom man redan har betalat skatt på inkomsten, och ska alltså inte återinföras i någon form."', 1, 0, '0000-00-00 00:00:00'),
(164, 3, 'nej', '59', 'https://www.folkpartiet.se/var-politik/var-politik-a-o/formogenhetsskatt/', '2013-12-08 16:28:54', 2, 0, NULL, '2013-10-27 09:55:11', NULL, '"Vi vill [...] Inte återinföra förmögenhetsskatten, som drev kapital och jobb ut ur Sverige."', 1, 0, '0000-00-00 00:00:00'),
(165, 9, 'ja', '59', 'http://www.di.se/artiklar/2010/4/27/rapport-rodgrona-aterinfor-formogenhetsskatt/', '2013-12-08 16:28:54', 2, 0, NULL, '2013-10-27 09:58:08', NULL, '"Om de rödgröna partierna vinner höstens riksdagsval så kommer förmögenhetsskatten att återinföras, erfar SVT:s Rapport. Detta sedan Miljöpartiet, som tidigare motsatt sig förslaget, har ändrat sig."', 1, 0, '0000-00-00 00:00:00'),
(166, 1, 'ja', '59', 'http://www.di.se/artiklar/2010/4/27/rapport-rodgrona-aterinfor-formogenhetsskatt/', '2013-12-08 16:28:54', 2, 0, NULL, '2013-10-27 09:58:37', NULL, '"Om de rödgröna partierna vinner höstens riksdagsval så kommer förmögenhetsskatten att återinföras [...]"', 1, 0, '0000-00-00 00:00:00'),
(167, 7, 'ja', '59', 'http://www.di.se/artiklar/2010/4/27/rapport-rodgrona-aterinfor-formogenhetsskatt/', '2013-12-08 16:28:54', 2, 0, NULL, '2013-10-27 09:59:06', NULL, '"Om de rödgröna partierna vinner höstens riksdagsval så kommer förmögenhetsskatten att återinföras [...]"', 1, 0, '0000-00-00 00:00:00'),
(168, 5, 'nej', '59', 'http://www.centerpartiet.se/Centerpolitik/Politikomraden/Ekonomi-och-skatter/Politik-A---O/Ekonomisk-politik/', '2013-12-08 16:28:54', 2, 0, NULL, '2013-10-27 10:00:11', NULL, '"Andra betydelsefulla reformer som har förbättrat den svenska konkurrenskraften är avskaffad förmögenhetsskatt [...]"', 1, 0, '0000-00-00 00:00:00'),
(169, 1, 'nej', '75', 'www.socialdemokraterna.se/upload/Radslag/Skola/dokument/Skolplattform.pdf', '2007-11-15 23:00:00', 2, 0, 2, '2013-10-27 10:20:47', '2013-12-04 14:02:10', '"[...] men vi säger nej till förstatligande av skolan."\r\n', 1, 2, '2013-12-04 14:02:10'),
(170, 3, 'ja', '75', 'https://www.folkpartiet.se/var-politik/var-politik-a-o/statlig-skola/', '2013-10-26 22:00:00', 2, 0, 2, '2013-10-27 10:24:23', '2013-12-04 14:02:17', '"Vi vill [...] Införa ett modernt statligt huvudmannaskap."', 1, 2, '2013-12-04 14:02:17'),
(171, 7, 'ja', '75', 'http://www.dn.se/nyheter/politik/vansterpartiet-vill-forstatliga-skolan/', '2013-12-08 16:28:54', 2, 0, NULL, '2013-10-27 10:29:00', NULL, '"V:s partistyrelse ville avvakta en parlamentarisk utredning om kommunaliseringens effekter. Men kongressen valde att sätta ner foten redan nu. Beslutet fattades med röstsiffrorna 125–87."', 1, 0, '0000-00-00 00:00:00'),
(172, 8, 'ja', '75', 'http://www.di.se/artiklar/2012/5/6/sd-v-och-fp-vill-forstatliga-skolan/', '2013-12-08 16:28:54', 2, 0, NULL, '2013-10-27 10:30:49', NULL, '', 1, 0, '0000-00-00 00:00:00'),
(173, 5, 'nej', '75', 'http://www.di.se/artiklar/2012/5/6/sd-v-och-fp-vill-forstatliga-skolan/', '2013-12-08 16:28:54', 2, 0, NULL, '2013-10-27 10:31:42', NULL, '"Jag kommer aldrig att tumma på det fria skolvalet, sade C-ledaren Annie Lööf [...]"', 1, 0, '0000-00-00 00:00:00'),
(174, 1, 'nej', '53', 'http://www.socialdemokraterna.se/Var-politik/Var-politik-A-till-O/Upphovsratt-och-fildelning/', '2013-12-08 16:28:54', 2, 0, NULL, '2013-10-27 14:53:15', NULL, '"Vi tar starkt avstånd från dem som anser att det rent principiellt ska vara tillåtet att ladda ned upphovsrättsskyddat material utan att den som har skapat filmen, musiken eller boken får betalt."', 1, 0, '0000-00-00 00:00:00'),
(175, 4, 'ja', '53', 'http://politik.piratpartiet.se/fildelning-2/', '2013-12-08 16:28:54', 2, 0, NULL, '2013-10-27 14:57:25', NULL, '"Piratpartiet anser att fri, icke-kommersiell inhämtning, nyttjande, förädlande och spridning av kultur ska uppmuntras."', 1, 0, '0000-00-00 00:00:00'),
(176, 9, 'ja', '53', 'http://www.mp.se/om/partiprogram/manniskan', '2013-12-08 16:28:54', 2, 0, NULL, '2013-10-27 14:59:25', NULL, '"Kopiering och fildelning för privat bruk ska inte vara straffbart, samtidigt som upphovsmän ska ha rätt till en rimlig ersättning."', 1, 0, '0000-00-00 00:00:00'),
(177, 2, 'nej', '53', 'http://www.dn.se/nyheter/sverige/sa-tycker-partierna-om-upphovsratten/', '2013-12-08 16:28:54', 2, 0, NULL, '2013-10-27 15:01:25', NULL, '"Det är viktigt med möjligheten att göra kopior för privat bruk från lagliga digitala förlagor, men vi har inget förslag om att legalisera fildelning från olagliga förlagor. Det är viktigt att upphovsrätten respekteras."', 1, 0, '0000-00-00 00:00:00'),
(178, 3, 'nej', '53', 'http://www.dn.se/nyheter/sverige/sa-tycker-partierna-om-upphovsratten/', '2013-12-08 16:28:54', 2, 0, NULL, '2013-10-27 15:02:10', NULL, '"Nej, det anser vi inte är en bra lösning."', 1, 0, '0000-00-00 00:00:00'),
(179, 5, 'nej', '53', 'http://www.dn.se/nyheter/sverige/sa-tycker-partierna-om-upphovsratten/', '2013-12-08 16:28:54', 2, 0, NULL, '2013-10-27 15:02:57', NULL, '"Vi vill ta bort förbudet mot nedladdning av upphovsrättsskyddade verk för privat bruk. En sådan kriminalisering är inte teknikneutral eftersom samma regler inte gäller för annan kopiering för privat bruk. Tillgängliggörande av upphovsrättsskyddat material ska även fortsättningsvis vara förbjudet."', 1, 0, '0000-00-00 00:00:00'),
(180, 6, 'nej', '53', 'http://www.dn.se/nyheter/sverige/sa-tycker-partierna-om-upphovsratten/', '2013-12-08 16:28:54', 2, 0, NULL, '2013-10-27 15:03:20', NULL, '"Nej. Vi anser att upphovsmännen har rätt till sina verk, även om de finns tillgängliga på internet. I de fall upphovsmännen medger fildelning är det naturligtvis okej."', 1, 0, '0000-00-00 00:00:00'),
(181, 7, 'ja', '53', 'http://www.dn.se/nyheter/sverige/sa-tycker-partierna-om-upphovsratten/', '2013-12-08 16:28:54', 2, 0, NULL, '2013-10-27 15:04:05', NULL, '"Ja, debatten om fildelningen är i akut behov av att byta spår."', 1, 0, '0000-00-00 00:00:00'),
(182, 8, 'nej', '53', 'http://sverigedemokraterna.se/var-politik/var-politik-a-till-o/', '2013-12-08 16:28:54', 2, 0, NULL, '2013-10-27 15:05:06', NULL, '"Vad gäller frågan om spridande av upphovsrättsskyddat material står Sverigedemokraterna upp för såväl äganderätten som upphovsrätten."', 1, 0, '0000-00-00 00:00:00'),
(183, 5, 'nej', '24', 'http://www.alliansen.se/2012/05/att-aterreglera-jarnvagen-hotar-jobben/', '2013-12-08 16:28:54', 2, 0, NULL, '2013-10-27 15:12:08', NULL, '', 1, 0, '0000-00-00 00:00:00'),
(184, 3, 'nej', '24', 'http://www.alliansen.se/2012/05/att-aterreglera-jarnvagen-hotar-jobben/', '2013-12-08 16:28:54', 2, 0, NULL, '2013-10-27 15:12:34', NULL, '', 1, 0, '0000-00-00 00:00:00'),
(185, 2, 'nej', '24', 'http://www.alliansen.se/2012/05/att-aterreglera-jarnvagen-hotar-jobben/', '2013-12-08 16:28:54', 2, 0, NULL, '2013-10-27 15:12:46', NULL, '', 1, 0, '0000-00-00 00:00:00'),
(186, 6, 'nej', '24', 'http://www.alliansen.se/2012/05/att-aterreglera-jarnvagen-hotar-jobben/', '2013-12-08 16:28:54', 2, 0, NULL, '2013-10-27 15:13:03', NULL, '', 1, 0, '0000-00-00 00:00:00'),
(187, 7, 'ja', '24', 'http://www.vansterpartiet.se/aterreglera-jarnvagen/', '2013-12-08 16:28:54', 2, 0, NULL, '2013-10-27 15:14:15', NULL, '"Vi föreslår en rad förändringar, bland annat en återreglering av järnvägen som innebär att SJ får ensamrätt för kommersiell trafik på stambanorna."', 1, 0, '0000-00-00 00:00:00'),
(188, 1, 'ja', '24', 'http://www.svt.se/nyheter/sverige/lat-trafikverket-ta-hand-om-jarnvagen', '2013-12-08 16:28:54', 2, 0, NULL, '2013-10-27 15:15:06', NULL, '', 1, 0, '0000-00-00 00:00:00'),
(189, 9, 'ja', '24', 'http://www.svt.se/nyheter/sverige/lat-trafikverket-ta-hand-om-jarnvagen', '2013-12-08 16:28:54', 2, 0, NULL, '2013-10-27 15:15:42', NULL, '', 1, 0, '0000-00-00 00:00:00'),
(190, 1, 'ja', '78', 'http://www.dn.se/nyheter/sverige/krav-pa-republik-far-laggas-pa-hyllan/', '2013-12-08 16:28:54', 2, 0, NULL, '2013-10-27 21:37:08', NULL, '"Det största partiet, Socialdemokraterna, har också republikkravet inskrivet i sitt principprogram."', 1, 0, '0000-00-00 00:00:00'),
(191, 3, 'nej', '78', 'http://www.folkpartiet.se/var-politik/var-politik-a-o/monarki-och-republik/', '2013-12-08 16:28:54', 2, 0, NULL, '2013-10-27 21:39:58', NULL, '"Vi vill [...] Behålla nuvarande kompromiss om Sveriges statsskick."', 1, 0, '0000-00-00 00:00:00'),
(192, 6, 'nej', '78', 'Därför ska Sveriges statsskick även fortsättningsvis vara konstitutionell monarki.', '2013-12-08 16:28:54', 2, 0, NULL, '2013-10-27 21:41:26', NULL, '"Därför ska Sveriges statsskick även fortsättningsvis vara konstitutionell monarki."', 1, 0, '0000-00-00 00:00:00'),
(193, 2, 'nej', '78', 'http://www.moderat.se/demokrati/sveriges-grundlagar', '2013-12-08 16:28:54', 2, 0, NULL, '2013-10-27 21:43:12', NULL, '"Sveriges statsskick, monarkin, ska bevaras."', 1, 0, '0000-00-00 00:00:00'),
(194, 7, 'ja', '78', 'http://www.vansterpartiet.se/politik/monarkin/', '2013-12-08 16:28:54', 2, 0, NULL, '2013-10-27 21:44:33', NULL, '"Vänsterpartiet är aldrig berett att kompromissa om demokratin. Därför anser vi att Sverige bör vara republik med en demokratiskt vald statschef."', 1, 0, '0000-00-00 00:00:00'),
(195, 8, 'nej', '78', 'http://sverigedemokraterna.se/var-politik/var-politik-a-till-o/', '2013-12-08 16:28:54', 2, 0, NULL, '2013-10-27 21:45:38', NULL, '"Vi ställer oss positiva till dagens konstitutionella monarki med monarken som Sveriges statschef."', 1, 0, '0000-00-00 00:00:00'),
(196, 5, 'nej', '78', 'http://www.centerpartiet.se/Centerpolitik/Politikomraden/Grundlag-och-samhallsutveckling/Politik-A---O/Monarki/', '2013-12-08 16:28:54', 2, 0, NULL, '2013-10-27 21:46:59', NULL, '"Centerpartiet vill [...] bevara monarkin i dess nuvarande form – ett kungahus som endast har en representativ funktion."', 1, 0, '0000-00-00 00:00:00'),
(197, 9, 'ja', '78', 'http://www.aftonbladet.se/nyheter/valet2010/article12322089.ab', '2013-12-08 16:28:54', 2, 0, NULL, '2013-10-27 21:48:51', NULL, '"– Som demokrat måste man vara kritisk till monarkin. I grunden är det inte demokratiskt med arvstro, sa Peter Eriksson i SVT:s partiledarutfrågning i morse."', 1, 0, '0000-00-00 00:00:00'),
(198, 9, 'ja', '56', 'http://www.mp.se/om/partiprogram/valfarden', '2013-12-08 16:28:54', 2, 0, NULL, '2013-10-27 21:55:43', NULL, '"Papperslösa och asylsökande ska ha rätt till vård."', 1, 0, '0000-00-00 00:00:00'),
(199, 1, 'ja2', '56', 'http://www.socialdemokraterna.se/Webben-for-alla/Landsting/Vastsverige/Kongressnyheter/Ja-till-vard-for-papperslosa/', '2013-12-07 23:00:00', 2, 0, 5, '2013-10-27 21:56:49', '2014-03-04 21:26:30', '"På den socialdemokratiska partikongressen beslutades att även papperslösa ska kunna få vård efter behov, inte enbart akutsjukvård som är fallet idag."', 1, 5, '2014-03-04 21:26:30'),
(200, 5, 'ja', '56', 'http://www.centerpartiet.se/Centerpolitik/Politikomraden/Sociala-fragor-vard-och-omsorg/Politik-A---O/Papperslosa/', '2013-12-08 16:28:54', 2, 0, NULL, '2013-10-27 21:57:38', NULL, '"Centerpartiet [...] Att papperslösa och gömda ska ha rätt till vård på motsvarande villkor som övriga befolkningen"', 1, 0, '0000-00-00 00:00:00'),
(201, 8, 'nej', '56', 'http://sverigedemokraterna.se/2012/07/06/betala-inte-for-vard-till-dem-som-vistas-olagligt-i-sverige/', '2013-12-08 16:28:54', 2, 0, NULL, '2013-10-27 22:02:59', NULL, '"Betala inte för vård till dem som vistas olagligt i Sverige"', 1, 0, '0000-00-00 00:00:00'),
(202, 2, 'ja', '56', 'http://www.dn.se/nyheter/politik/alliansen-papperslosa-kan-fa-vard/', '2013-12-08 16:28:54', 2, 0, NULL, '2013-10-27 22:04:01', NULL, '', 1, 0, '0000-00-00 00:00:00'),
(203, 3, 'ja', '56', 'http://www.dn.se/nyheter/politik/alliansen-papperslosa-kan-fa-vard/', '2013-12-08 16:28:54', 2, 0, NULL, '2013-10-27 22:04:16', NULL, '', 1, 0, '0000-00-00 00:00:00'),
(204, 6, 'ja', '56', 'http://www.dn.se/nyheter/politik/alliansen-papperslosa-kan-fa-vard/', '2013-12-08 16:28:54', 2, 0, NULL, '2013-10-27 22:04:42', NULL, '', 1, 0, '0000-00-00 00:00:00'),
(205, 1, 'ja', '60', 'http://www.socialdemokraterna.se/Var-politik/Var-politik-A-till-O/Pensionar/', '2013-12-08 16:28:54', 2, 0, NULL, '2013-10-28 18:48:14', NULL, '"Idag betalar en pensionär mer i skatt än en löntagare med samma inkomst. Men pension är uppskjuten lön. Det innebär att den ska beskattas lika som lön. Allt annat är oacceptabelt."', 1, 0, '0000-00-00 00:00:00'),
(206, 9, 'ja', '60', 'http://www.mp.se/sites/default/files/mp_budgetmotion_hosten_2013.pdf', '2013-12-08 16:28:54', 2, 0, NULL, '2013-10-28 18:53:52', NULL, '"Vi delar inte alliansregeringens principiella synsätt att\r\ndet ska vara högre skatt på pension än på lön."', 1, 0, '0000-00-00 00:00:00'),
(207, 7, 'ja', '60', 'http://haninge.vansterpartiet.se/2010/07/15/lars-ohlys-tal-i-almedalen/', '2013-12-08 16:28:54', 2, 0, NULL, '2013-10-28 18:55:58', NULL, '"Vi i Vänsterpartiet vill att alla ska betala samma skatt på samma inkomst. Arbetslösa, sjuka, föräldralediga och pensionärer ska betala samma skatt på en intjänad hundralapp som den som arbetar."', 1, 0, '0000-00-00 00:00:00'),
(208, 6, 'ja', '60', 'http://www.kristdemokraterna.se/VarPolitik/Korta-Svar-AO/', '2013-12-08 16:28:54', 2, 0, NULL, '2013-10-28 19:00:55', NULL, '"Kristdemokraterna vill på sikt sänka skatten för pensionärer så att den hamnar på samma nivå som för löntagare."', 1, 0, '0000-00-00 00:00:00'),
(212, 9, 'ja', '19', 'http://www.mp.se/sites/default/files/miljopartiets_partiprogram_2013_lagupplost.pdf', '2013-12-08 16:28:54', 2, 0, NULL, '2013-11-12 22:24:59', NULL, '"Miljöpartiet värnar kvinnors rätt till abort."', 1, 0, '0000-00-00 00:00:00'),
(213, 1, 'nej', '20', 'dsa', '2013-12-08 16:28:54', 2, 0, NULL, '2013-11-15 10:25:36', NULL, 'ads', 1, 0, '0000-00-00 00:00:00'),
(214, 1, 'bla', '20', 'asdsa', '2013-12-08 16:28:54', 2, 1, 2, '2013-11-15 10:32:17', NULL, '', 1, 0, '0000-00-00 00:00:00'),
(215, 9, 'contributor svar3', '84', 'dsadsa', '2013-12-08 16:28:54', 6, 0, 6, '2013-12-02 19:41:25', '2013-12-02 20:46:38', 'sadsa', 1, 0, '0000-00-00 00:00:00'),
(216, 4, 'contributor svar 2', '84', 'dsaf', '2013-12-08 16:28:54', 6, 1, 6, '2013-12-02 19:41:59', NULL, 'adsads', 1, 0, '0000-00-00 00:00:00'),
(217, 9, 'nej', '84', 'bla', '2013-12-08 16:28:54', 6, 0, NULL, '2013-12-02 20:53:21', NULL, '', 1, 0, '0000-00-00 00:00:00'),
(218, 5, 'ja', '68', 'dsadsa', '2013-12-08 16:28:54', 2, 0, NULL, '2013-12-05 14:23:10', NULL, 'ads', 1, 0, '0000-00-00 00:00:00'),
(219, 5, 'ja', '68', 'dsadsa', '2013-12-08 16:28:54', 2, 0, NULL, '2013-12-05 14:28:45', NULL, '', 1, 0, '0000-00-00 00:00:00'),
(220, 5, 'ja', '70', 'dsadsa', '2013-12-08 16:28:54', 2, 0, NULL, '2013-12-05 18:18:50', NULL, '', 1, 0, '0000-00-00 00:00:00'),
(221, 5, 'ja', '77', 'adsasdads', '2013-12-08 16:28:54', 2, 0, NULL, '2013-12-05 20:35:17', NULL, '', 1, 0, '0000-00-00 00:00:00'),
(222, 4, 'ja', '77', 'dsadsadsa', '2013-12-08 16:28:54', 2, 0, NULL, '2013-12-05 20:35:34', NULL, '', 1, 0, '0000-00-00 00:00:00'),
(223, 1, 'sad 2,5år', '84', 'http://expo.se/2011/sa-tycker-riksdagspartierna-om-heltackande-slojor_3935.html', '2013-12-02 23:00:00', 2, 0, 2, '2013-12-11 11:02:13', '2013-12-11 11:02:50', 'ads', 1, 2, '2013-12-11 11:02:50'),
(224, 1, 'ja', '97', 'dsadsadsa', '2014-01-08 23:00:00', 2, 0, 2, '2014-01-10 18:53:48', '2014-01-10 19:07:19', 'dsa', 1, 2, '2014-01-10 19:07:19'),
(225, 1, 'blaj', '72', 'dsadsa', '2014-01-07 23:00:00', 2, 0, 2, '2014-01-15 20:45:08', '2014-01-15 20:45:12', 'sad', 1, 2, '2014-01-15 20:45:12'),
(226, 1, 'aaa', '98', 'sad', '2014-01-13 23:00:00', 2, 0, 2, '2014-01-18 21:54:16', '2014-01-18 21:54:57', '', 1, 2, '2014-01-18 21:54:57'),
(227, 1, 'ja', '100', 'dsa', '2014-01-01 23:00:00', 2, 0, 2, '2014-01-26 20:14:22', '2014-01-26 20:14:41', 'dsa', 1, 2, '2014-01-26 20:14:41'),
(228, 1, 'asdsad', '100', 'asd', '2013-12-31 23:00:00', 2, 0, 2, '2014-01-26 20:14:54', '2014-01-26 20:16:38', '', 1, 2, '2014-01-26 20:16:38'),
(229, 2, 'nej', '100', 'dsadsa', '2013-12-31 23:00:00', 2, 0, 2, '2014-01-26 20:29:52', '2014-01-26 20:30:30', '', 1, 2, '2014-01-26 20:30:30'),
(230, 6, 'pung', '77', 'källa', '2014-03-02 23:00:00', 0, 0, NULL, '2014-03-04 22:06:19', NULL, 'adsdsa', 0, 0, '0000-00-00 00:00:00'),
(231, 2, 'ja', '28', 'asdasd.se', '2014-03-04 23:00:00', 0, 0, NULL, '2014-03-06 19:53:05', NULL, 'kom', 0, 0, '0000-00-00 00:00:00'),
(232, 4, 'ja', '26', 'asddsa.se', '2014-03-04 23:00:00', 0, 0, NULL, '2014-03-06 19:54:35', NULL, 'adsdsa', 0, 0, '0000-00-00 00:00:00'),
(233, 4, 'ja', '28', 'dsa', '2014-03-04 23:00:00', 0, 0, NULL, '2014-03-06 19:55:33', NULL, 'asdsa', 0, 0, '0000-00-00 00:00:00'),
(234, 4, 'ja', '75', 'dsadsa', '2014-03-11 23:00:00', 2, 0, 2, '2014-03-15 10:07:18', '2014-03-15 10:36:58', 'saddsa', 1, 2, '2014-03-15 10:36:58'),
(235, 1, 'ja1337', '53242d59-5c10-49fe-b342-189d7ddeb986', 'sadsa', '2014-03-06 23:00:00', 2, 0, 2, '0000-00-00 00:00:00', '2014-03-15 19:42:38', 'adsads', 0, 0, '0000-00-00 00:00:00'),
(236, 11, 'ads', '77', 'dsa', '2014-03-10 23:00:00', 2, 0, NULL, '2014-03-15 10:50:06', NULL, 'asd', 0, 0, '0000-00-00 00:00:00'),
(237, 1, 'ja', '53242d59-5c10-49fe-b342-189d7ddeb986', 'ads', '2014-03-03 23:00:00', 2, 0, NULL, '2014-03-15 11:05:44', NULL, '', 0, 0, '0000-00-00 00:00:00'),
(238, 9, 'hej', '53242d59-5c10-49fe-b342-189d7ddeb986', 'dsa', '2014-03-04 23:00:00', 2, 0, NULL, '2014-03-15 11:09:43', NULL, 'dsa', 0, 0, '0000-00-00 00:00:00'),
(239, 11, 'ja', '28', 'da', '2014-03-14 23:00:00', 2, 0, NULL, '2014-03-15 22:31:56', NULL, 'dsa', 0, 0, '0000-00-00 00:00:00'),
(240, 1, 'testsvar', '5325893f-55a0-4b33-8091-1c547ddeb986', 'dsa', '2014-03-15 23:00:00', 2, 0, 2, '2014-03-16 11:27:46', '2014-03-25 20:22:58', 'dsa', 1, 2, '2014-03-25 20:22:58'),
(241, 5, 'asdasd', '5325893f-55a0-4b33-8091-1c547ddeb986', 'asas', '2014-03-04 23:00:00', 2, 0, 2, '2014-03-25 20:40:20', '2014-03-25 20:40:26', 'dsadsadsa', 1, 2, '2014-03-25 20:40:26'),
(242, 2, 'ja', '75', 'dsasadsa', '2014-04-02 22:00:00', 2, 0, 2, '2014-04-28 14:24:16', '2014-04-28 14:24:25', 'asdsad', 1, 2, '2014-04-28 14:24:25');

-- --------------------------------------------------------

--
-- Table structure for table `answers_tags`
--

CREATE TABLE IF NOT EXISTS `answers_tags` (
  `id` int(11) NOT NULL AUTO_INCREMENT,
  `tag_id` int(11) NOT NULL,
  `answer_id` int(11) NOT NULL,
  PRIMARY KEY (`id`)
) ENGINE=InnoDB DEFAULT CHARSET=latin1 AUTO_INCREMENT=1 ;

-- --------------------------------------------------------

--
-- Table structure for table `feedback`
--

CREATE TABLE IF NOT EXISTS `feedback` (
  `id` int(11) NOT NULL AUTO_INCREMENT,
  `name` varchar(50) DEFAULT NULL,
  `email` varchar(100) DEFAULT NULL,
  `text` text NOT NULL,
  `ip` text,
  `date` timestamp NOT NULL DEFAULT CURRENT_TIMESTAMP,
  `referer` text,
  PRIMARY KEY (`id`)
) ENGINE=InnoDB  DEFAULT CHARSET=latin1 AUTO_INCREMENT=4 ;

--
-- Dumping data for table `feedback`
--

INSERT INTO `feedback` (`id`, `name`, `email`, `text`, `ip`, `date`, `referer`) VALUES
(1, 'asdasd', 'sad', 'sad', '127.0.0.1', '2014-01-18 16:53:16', 'http://localhost/Partisk/om'),
(2, 'asdasd', 'asd', 'sad', '127.0.0.1', '2014-01-18 16:54:41', 'http://localhost/Partisk/om'),
(3, 'asdasd', 'asdasd', 'asdasd', '127.0.0.1', '2014-01-18 16:55:49', 'http://localhost/Partisk/om');

-- --------------------------------------------------------

--
-- Table structure for table `parties`
--

CREATE TABLE IF NOT EXISTS `parties` (
  `id` int(11) NOT NULL AUTO_INCREMENT,
  `name` varchar(200) CHARACTER SET latin1 NOT NULL,
  `website` varchar(100) CHARACTER SET latin1 NOT NULL,
  `color` text COLLATE utf8_swedish_ci NOT NULL,
  `created_by` int(11) NOT NULL,
  `deleted` tinyint(1) NOT NULL DEFAULT '0',
  `last_result_parliment` decimal(10,2) NOT NULL DEFAULT '0.00',
  `last_result_eu` decimal(10,2) NOT NULL DEFAULT '0.00',
  `updated_by` int(11) DEFAULT NULL,
  `created_date` timestamp NOT NULL DEFAULT CURRENT_TIMESTAMP,
  `updated_date` timestamp NULL DEFAULT NULL,
  `description` text COLLATE utf8_swedish_ci,
  `short_name` varchar(5) COLLATE utf8_swedish_ci NOT NULL,
  PRIMARY KEY (`id`)
) ENGINE=InnoDB  DEFAULT CHARSET=utf8 COLLATE=utf8_swedish_ci AUTO_INCREMENT=13 ;

--
-- Dumping data for table `parties`
--

INSERT INTO `parties` (`id`, `name`, `website`, `color`, `created_by`, `deleted`, `last_result_parliment`, `last_result_eu`, `updated_by`, `created_date`, `updated_date`, `description`, `short_name`) VALUES
(1, 'socialdemokraterna', 'http://www.socialdemokraterna.se', '#ed1b34', 2, 0, '32.40', '44.55', 2, '2013-10-21 12:58:30', '2013-12-15 10:51:41', '', 'S'),
(2, 'moderaterna', 'http://www.modarat.se', '#66bee6', 2, 0, '30.00', '19.00', NULL, '2013-10-21 12:58:30', '0000-00-00 00:00:00', NULL, 'M'),
(3, 'folkpartiet', 'http://www.folkpartiet.se', '#004990', 2, 0, '7.00', '14.00', NULL, '2013-10-21 12:58:30', '0000-00-00 00:00:00', NULL, 'FP'),
(4, 'piratpartiet', 'http://www.piratpartiet.se', '#660087', 2, 0, '1.00', '7.00', NULL, '2013-10-21 12:58:30', '0000-00-00 00:00:00', NULL, 'PP'),
(5, 'centerpartiet', 'http://www.centerpartiet.se', '#099a54', 2, 0, '7.00', '6.00', NULL, '2013-10-21 12:58:30', '0000-00-00 00:00:00', NULL, 'C'),
(6, 'kristdemokraterna', 'http://www.kristdemokraterna.se', '#005aa9', 2, 0, '6.00', '5.00', NULL, '2013-10-21 12:58:30', '0000-00-00 00:00:00', NULL, 'KD'),
(7, 'vänsterpartiet', 'http://www.vansterpartiet.se', '#ed1c24', 2, 0, '6.00', '6.00', 2, '2013-10-21 12:58:30', '2013-12-05 14:46:02', '', 'V'),
(8, 'sverigedemokraterna', 'http://www.sverigedemokraterna.se', '#009ddc', 2, 0, '6.00', '3.00', NULL, '2013-10-21 12:58:30', '0000-00-00 00:00:00', NULL, 'SD'),
(9, 'miljöpartiet', 'http://www.mp.se', '#499754', 2, 0, '7.00', '11.00', NULL, '2013-10-21 12:58:30', '0000-00-00 00:00:00', NULL, 'MP'),
(10, 'Feministiskt Initiativ', 'http://feministisktinitiativ.se/', '#cc0066', 2, 0, '0.00', '2.00', NULL, '2013-12-08 20:04:50', NULL, '', 'F!'),
(11, 'Junilistan', 'http://junilistan.se/', '#f89a1c', 2, 0, '0.00', '4.00', NULL, '2013-12-08 20:05:17', NULL, '', 'JL'),
(12, 'bajs', 'dsadsa', '', 2, 1, '0.00', '0.00', 2, '2013-12-16 18:34:13', NULL, 'dsadsadsadsa', '');

-- --------------------------------------------------------

--
-- Table structure for table `questions`
--

CREATE TABLE IF NOT EXISTS `questions` (
  `revision_id` int(11) NOT NULL AUTO_INCREMENT,
  `question_id` int(40) NOT NULL,
  `title` varchar(200) CHARACTER SET latin1 NOT NULL,
  `type` tinytext COLLATE utf8_swedish_ci NOT NULL,
  `created_by` int(11) NOT NULL,
  `deleted` tinyint(1) NOT NULL DEFAULT '0',
  `updated_by` int(11) DEFAULT NULL,
  `updated_date` timestamp NOT NULL DEFAULT '0000-00-00 00:00:00',
  `created_date` timestamp NOT NULL DEFAULT '0000-00-00 00:00:00',
  `description` text COLLATE utf8_swedish_ci,
  `approved` tinyint(1) NOT NULL DEFAULT '0',
  `approved_by` int(11) NOT NULL,
  `approved_date` timestamp NOT NULL DEFAULT '0000-00-00 00:00:00',
  `done` tinyint(1) NOT NULL DEFAULT '0',
  `version` int(11) NOT NULL,
  PRIMARY KEY (`revision_id`)
) ENGINE=InnoDB  DEFAULT CHARSET=utf8 COLLATE=utf8_swedish_ci AUTO_INCREMENT=212 ;

--
-- Dumping data for table `questions`
--

INSERT INTO `questions` (`revision_id`, `question_id`, `title`, `type`, `created_by`, `deleted`, `updated_by`, `updated_date`, `created_date`, `description`, `approved`, `approved_by`, `approved_date`, `done`, `version`) VALUES
(14, 14, 'Patentsystemet ska avskaffas', 'YESNO', 2, 0, 2, '2013-11-05 21:29:04', '2013-10-21 13:05:42', '', 0, 0, '0000-00-00 00:00:00', 0, 0),
(17, 17, 'Sverige ska införa euro som valuta?', 'YESNO', 2, 0, 2, '2014-01-15 18:26:08', '2013-10-21 13:05:42', '', 0, 2, '2014-01-15 18:26:08', 0, 0),
(18, 18, 'Vinster i välfärden ska vara tillåtet', 'YESNO', 2, 0, 2, '2014-01-26 20:43:26', '2013-10-21 13:05:42', '', 1, 2, '2014-01-26 20:43:26', 0, 0),
(19, 19, 'Kvinnor ska ha rätt till lagliga och säkra abort', 'YESNO', 2, 0, 2, '2013-11-13 11:18:43', '2013-10-21 13:05:42', '', 1, 2, '2013-11-13 11:18:43', 0, 0),
(20, 20, 'Barnbidraget ska höjas', 'YESNO', 2, 0, 2, '2013-11-07 22:26:28', '2013-10-21 13:05:42', '', 0, 2, '2013-11-07 22:26:04', 0, 0),
(21, 21, 'Patienter ska ha rätt till dödshjälp', 'YESNO', 2, 1, 2, '2014-02-25 14:38:51', '2013-10-21 13:05:42', '', 1, 2, '2013-11-12 10:04:01', 0, 0),
(22, 22, 'Barn under 18 år ska kunna ingå i äktenskap', 'YESNO', 2, 0, 2, '2013-11-07 22:26:11', '2013-10-21 13:05:42', '', 0, 2, '2013-11-07 22:24:47', 0, 0),
(23, 23, 'Turkiet ska tillåtas gå med i EU', 'YESNO', 2, 0, 2, '2014-01-10 18:51:25', '2013-10-21 13:05:42', '', 1, 2, '2014-01-10 18:51:25', 0, 0),
(24, 24, 'Järnvägen ska återregleras', 'YESNO', 2, 0, 2, '2013-11-13 11:13:09', '2013-10-21 13:05:42', 'En återreglering av järnvägen skulle innebära att endast staten får nytja stambanorna för kommersiell trafik.', 0, 2, '2013-11-13 11:13:09', 0, 0),
(25, 25, 'Kärnkraften ska byggas ut', 'YESNO', 2, 0, 2, '2013-11-12 10:03:28', '2013-10-21 13:05:42', '', 1, 2, '2013-11-12 10:03:28', 0, 0),
(26, 26, 'Kärnkraften ska avvecklas', 'YESNO', 2, 0, 2, '2013-11-12 10:03:23', '2013-10-21 13:05:42', '', 1, 2, '2013-11-12 10:03:23', 0, 0),
(27, 27, 'Sverige ska gå med i NATO', 'YESNO', 2, 0, 2, '2014-01-26 20:36:53', '2013-10-21 13:05:42', '', 1, 2, '2014-01-26 20:36:53', 1, 0),
(28, 28, 'Gårdsförsäljning ska vara tillåtet', 'YESNO', 2, 0, 2, '2013-11-11 17:32:24', '2013-10-21 13:05:42', '', 1, 2, '2013-11-11 17:32:24', 0, 0),
(29, 29, 'Modersmålsundervisning ska vara en rättighet', 'YESNO', 2, 0, 2, '2013-11-12 10:03:42', '2013-10-21 13:05:42', '', 0, 2, '2013-11-12 10:03:42', 0, 0),
(30, 30, 'Nytillverkade bilar ska utrustas med alkolås', 'YESNO', 2, 0, 2, '2013-12-02 21:00:34', '2013-10-21 13:05:42', '', 1, 2, '2013-12-02 21:00:34', 0, 0),
(31, 31, 'Receptfria läkemedel ska kunna köpas i vanliga affärer', 'YESNO', 2, 0, 2, '2013-11-05 21:30:45', '2013-10-21 13:05:42', '', 0, 0, '0000-00-00 00:00:00', 0, 0),
(32, 32, 'Från vilken årskurs  ska elever ha betyg?', 'CHOICE', 2, 0, 2, '2014-01-10 18:36:51', '2013-10-21 13:05:42', '', 0, 2, '2014-01-10 18:36:51', 0, 0),
(48, 48, 'Trängselskatt ska införas i flera städer', 'YESNO', 2, 0, 2, '2013-11-05 21:32:57', '2013-10-22 08:33:53', '', 0, 0, '0000-00-00 00:00:00', 0, 0),
(49, 49, 'Sverige ska investera i höghastighetståg', 'YESNO', 2, 0, 2, '2013-11-05 21:32:23', '2013-10-22 08:35:04', '', 0, 0, '0000-00-00 00:00:00', 0, 0),
(50, 50, 'Licensjakt på varg ska vara tillåten', 'YESNO', 2, 0, 2, '2013-11-05 21:27:49', '2013-10-22 08:39:56', '', 0, 0, '0000-00-00 00:00:00', 0, 0),
(51, 51, 'Bensinskatten ska höjas', 'YESNO', 2, 0, 2, '2013-11-08 23:10:43', '2013-10-22 08:40:34', '', 0, 2, '2013-11-08 23:10:43', 0, 0),
(52, 52, 'Statliga museer ska ha fri entré', 'YESNO', 2, 0, 2, '2013-11-05 21:31:27', '2013-10-22 08:41:35', '', 0, 0, '0000-00-00 00:00:00', 0, 0),
(53, 53, 'Icke-kommersiell kopiering av upphovsrättsskyddat material ska vara tillåten', 'YESNO', 2, 0, 2, '2013-11-11 17:32:35', '2013-10-22 08:45:02', '', 1, 2, '2013-11-11 17:32:35', 0, 0),
(54, 54, 'TV-licensen ska avskaffas', 'YESNO', 2, 0, 2, '2013-11-05 21:33:13', '2013-10-22 08:45:54', '', 0, 0, '0000-00-00 00:00:00', 0, 0),
(55, 55, 'Kommuner ska kunna säga nej till att ta emot flyktingar', 'YESNO', 2, 0, 2, '2013-11-05 21:26:49', '2013-10-22 08:47:27', '', 0, 0, '0000-00-00 00:00:00', 0, 0),
(56, 56, 'Papperslösa flyktingar ska ha rätt till vård', 'YESNO', 2, 0, 2, '2013-11-13 11:25:29', '2013-10-22 08:48:10', '', 1, 2, '2013-11-13 11:25:29', 0, 0),
(57, 57, 'Förbud för lärare att bära heltäckande slöja', 'YESNO', 2, 0, 2, '2013-11-11 17:32:02', '2013-10-22 08:49:45', '', 0, 2, '2013-11-11 17:32:02', 0, 0),
(58, 58, 'Vårdnadsbidraget ska avskaffas', 'YESNO', 2, 0, 2, '2013-11-05 21:33:35', '2013-10-22 08:51:57', '', 0, 0, '0000-00-00 00:00:00', 0, 0),
(59, 59, 'Förmögenhetsskatten ska återinföras', 'YESNO', 2, 0, 2, '2013-11-11 17:32:09', '2013-10-22 08:52:38', '', 1, 2, '2013-11-11 17:32:09', 0, 0),
(60, 60, 'Det ska vara samma skatt på pension och lön2', 'YESNO', 2, 0, 2, '2013-12-04 21:37:50', '2013-10-22 08:53:39', '', 1, 2, '2013-12-04 21:37:50', 0, 0),
(61, 61, 'Rut-avdraget ska avskaffas', 'YESNO', 2, 0, 2, '2013-11-05 21:30:51', '2013-10-22 08:54:01', '', 0, 0, '0000-00-00 00:00:00', 0, 0),
(62, 62, 'Sexköpslagen ska avskaffas', 'YESNO', 2, 0, 2, '2013-11-05 21:31:02', '2013-10-22 08:57:43', '', 0, 0, '0000-00-00 00:00:00', 0, 0),
(63, 63, 'Rattfyllerister ska få hårdare straff', 'YESNO', 2, 0, 2, '2013-11-05 21:30:31', '2013-10-22 09:00:32', '', 0, 0, '0000-00-00 00:00:00', 0, 0),
(64, 64, 'Våldsbrott ska bestraffas hårdare', 'YESNO', 2, 0, 2, '2013-11-05 21:33:30', '2013-10-22 09:00:54', '', 0, 0, '0000-00-00 00:00:00', 0, 0),
(65, 65, 'Förtidspension ska vara möjlig när man är23', 'YESNO', 2, 0, 2, '2013-11-17 10:00:21', '2013-10-22 09:03:57', 'adsdsa', 0, 0, '0000-00-00 00:00:00', 0, 0),
(66, 66, 'Sjukförsäkringen ska vara tidsbegränsad', 'YESNO', 2, 0, 2, '2013-11-05 21:31:13', '2013-10-22 09:17:45', '', 0, 0, '0000-00-00 00:00:00', 0, 0),
(67, 67, 'Tandvård ska ingå i sjukförsäkringen', 'YESNO', 2, 0, 2, '2013-11-05 21:32:48', '2013-10-22 09:18:05', '', 0, 0, '0000-00-00 00:00:00', 0, 0),
(68, 68, 'A-kassan ska vara obligatorisk', 'YESNO', 6, 1, 2, '2013-11-07 22:26:17', '2013-10-22 09:19:03', '', 0, 2, '2013-11-07 22:21:49', 0, 0),
(69, 69, 'Omskärelse ska vara tillåtet endast av medicinska skäl', 'YESNO', 2, 0, 2, '2013-11-05 21:28:44', '2013-10-22 09:33:47', '', 0, 0, '0000-00-00 00:00:00', 0, 0),
(70, 70, 'Alkoholmonopolet ska avskaffas23', 'YESNO', 2, 1, 2, '2013-12-08 11:32:14', '2013-10-22 09:35:16', '', 0, 2, '2013-12-08 11:32:14', 0, 0),
(71, 71, 'Svenska soldater ska tas hem ifrån Afghanistan', 'YESNO', 2, 0, 2, '2013-11-05 21:31:35', '2013-10-22 09:58:47', '', 0, 0, '0000-00-00 00:00:00', 0, 0),
(72, 72, 'Sverige ska sluta exportera vapen', 'YESNO', 2, 0, 2, '2014-01-15 20:45:16', '2013-10-22 09:59:27', '', 1, 2, '2014-01-15 20:45:16', 0, 0),
(73, 73, 'Värnplikten ska återinföras', 'YESNO', 2, 0, 2, '2013-11-05 21:33:42', '2013-10-22 10:00:04', '', 0, 0, '0000-00-00 00:00:00', 0, 0),
(74, 74, 'Sverige ska gå ur EU', 'YESNO', 2, 0, 2, '2013-11-05 21:31:45', '2013-10-22 10:00:31', '', 0, 0, '0000-00-00 00:00:00', 0, 0),
(75, 75, 'Förstatliga skolan', 'YESNO', 2, 0, 2, '2013-11-11 17:32:16', '2013-10-22 10:00:59', '', 0, 2, '2013-11-11 17:32:16', 0, 0),
(76, 76, 'Begränsa antal friskolor', 'YESNO', 2, 0, 2, '2013-11-05 21:24:17', '2013-10-22 10:02:01', '', 0, 0, '0000-00-00 00:00:00', 0, 0),
(77, 77, 'Alla gymnasieprogram ska leda till högskolebehörighet4', 'YESNO', 2, 0, 2, '2013-12-14 23:06:43', '2013-10-22 10:02:27', '', 1, 2, '2013-12-14 23:06:43', 0, 0),
(78, 78, 'Monarkin ska avskaffas', 'YESNO', 2, 0, 2, '2013-11-12 10:03:48', '2013-10-22 10:03:36', '', 1, 2, '2013-11-12 10:03:48', 0, 0),
(79, 79, 'Sverige ska hålla fler folkomröstningar', 'YESNO', 2, 0, 2, '2013-11-05 21:32:06', '2013-10-22 10:04:21', '', 0, 0, '0000-00-00 00:00:00', 0, 0),
(81, 81, 'habana2', 'YESNO', 2, 1, 2, '2013-11-17 09:41:24', '2013-11-17 09:31:30', 'dsa\r\n', 1, 2, '2013-11-17 09:41:24', 0, 0),
(82, 82, 'aaaTest', 'YESNO', 2, 1, 2, '0000-00-00 00:00:00', '2013-11-25 12:22:08', 'testestestest', 0, 0, '0000-00-00 00:00:00', 0, 0),
(83, 83, 'AATEST', 'YESNO', 2, 1, 2, '0000-00-00 00:00:00', '2013-11-25 12:24:04', 'TEst', 0, 0, '0000-00-00 00:00:00', 0, 0),
(85, 85, 'Contributorfråga 2', 'YESNO', 6, 0, NULL, '0000-00-00 00:00:00', '2013-12-02 19:31:42', 'dsafds', 0, 0, '0000-00-00 00:00:00', 0, 0),
(86, 86, 'Contributorfråga 3', 'YESNO', 6, 1, 6, '0000-00-00 00:00:00', '2013-12-02 19:32:19', '', 0, 0, '0000-00-00 00:00:00', 0, 0),
(87, 87, 'rasnusfråga 1', 'YESNO', 26, 0, NULL, '0000-00-00 00:00:00', '2013-12-04 18:01:51', 'saddsadsa', 0, 0, '0000-00-00 00:00:00', 0, 0),
(88, 88, 'rasmus fråga 3', 'YESNO', 26, 0, NULL, '0000-00-00 00:00:00', '2013-12-04 18:03:45', 'saddsadsa', 0, 0, '0000-00-00 00:00:00', 0, 0),
(89, 89, 'rasmus fråga 3', 'YESNO', 26, 0, NULL, '0000-00-00 00:00:00', '2013-12-04 18:06:52', 'saddsadsa', 0, 0, '0000-00-00 00:00:00', 0, 0),
(90, 90, 'rasmus fin fråga', 'YESNO', 26, 0, NULL, '0000-00-00 00:00:00', '2013-12-04 18:07:14', 'dsa', 0, 0, '0000-00-00 00:00:00', 0, 0),
(91, 91, 'sadsaddsadsa', 'YESNO', 2, 0, NULL, '0000-00-00 00:00:00', '2013-12-05 13:20:52', '', 0, 0, '0000-00-00 00:00:00', 0, 0),
(92, 92, 'dsadsadsadsa', 'YESNO', 2, 0, NULL, '0000-00-00 00:00:00', '2013-12-05 13:48:06', '', 0, 0, '0000-00-00 00:00:00', 0, 0),
(93, 93, 'asdasdsad', 'YESNO', 2, 1, 2, '0000-00-00 00:00:00', '2013-12-05 14:35:40', '', 0, 0, '0000-00-00 00:00:00', 0, 0),
(94, 94, 'dsadsadsa', 'YESNO', 2, 0, NULL, '0000-00-00 00:00:00', '2013-12-05 18:21:12', '', 0, 0, '0000-00-00 00:00:00', 0, 0),
(95, 95, 'testfråga 1337', 'YESNO', 2, 0, 2, '2013-12-08 13:55:26', '2013-12-08 13:38:56', 'sad', 1, 2, '2013-12-08 13:55:26', 0, 0),
(96, 96, 'abc1234', 'YESNO', 2, 1, 2, '2013-12-15 10:49:12', '2013-12-09 20:09:58', 'dsa', 0, 0, '0000-00-00 00:00:00', 0, 0),
(97, 97, 'Testfråga', 'CHOICE', 2, 0, 2, '2014-01-26 19:31:56', '2014-01-10 18:53:24', 'blaj', 1, 2, '2014-01-26 19:31:56', 1, 0),
(98, 98, 'Testfråga', 'YESNO', 2, 0, 2, '2014-01-18 21:54:37', '2014-01-18 21:53:57', '', 1, 2, '2014-01-18 21:54:37', 0, 0),
(99, 99, 'blablabla %', 'YESNO', 2, 0, NULL, '0000-00-00 00:00:00', '2014-01-19 09:40:18', '', 0, 0, '0000-00-00 00:00:00', 0, 0),
(100, 100, 'uuuu', 'YESNO', 2, 0, 2, '2014-01-26 20:14:37', '2014-01-26 20:14:13', '', 1, 2, '2014-01-26 20:14:37', 0, 0),
(105, 56, 'Papperslösa flyktingar ska ha rätt till vård', 'YESNO', 0, 0, 2, '2014-02-25 13:04:24', '0000-00-00 00:00:00', 'blabla', 0, 0, '0000-00-00 00:00:00', 0, 1),
(106, 105, 'Papperslösa', 'YESNO', 0, 0, 2, '2014-02-25 13:08:13', '0000-00-00 00:00:00', 'blabla2', 0, 0, '0000-00-00 00:00:00', 0, 0),
(107, 105, 'Papperslösa flyktingar ska ha rätt till vård2', 'YESNO', 0, 0, 2, '2014-02-25 13:09:35', '0000-00-00 00:00:00', 'blabla2', 0, 0, '0000-00-00 00:00:00', 0, 2),
(108, 105, 'Papperslösa flyktingar ska ha rätt till vård', 'YESNO', 0, 0, 2, '2014-02-25 13:10:29', '0000-00-00 00:00:00', 'blabla', 0, 0, '0000-00-00 00:00:00', 0, 2),
(109, 21, 'Patienter ska ha rätt till dödshjälp2', 'YESNO', 2, 0, 2, '2014-02-25 13:42:02', '2013-10-21 13:05:42', '', 0, 0, '0000-00-00 00:00:00', 0, 1),
(110, 21, 'Patienter ska ha rätt till dödshjälp3', 'YESNO', 2, 0, 2, '2014-02-25 13:47:51', '2013-10-21 13:05:42', '', 0, 0, '0000-00-00 00:00:00', 0, 1),
(111, 21, 'Patienter ska ha rätt till dödshjälp', 'YESNO', 2, 0, 2, '2014-02-25 13:53:04', '2013-10-21 13:05:42', '', 0, 0, '0000-00-00 00:00:00', 0, 1),
(112, 21, '', '', 0, 1, 2, '0000-00-00 00:00:00', '0000-00-00 00:00:00', NULL, 0, 0, '0000-00-00 00:00:00', 0, 0),
(113, 21, '', '', 0, 1, 2, '2014-02-25 14:36:21', '0000-00-00 00:00:00', NULL, 0, 0, '0000-00-00 00:00:00', 0, 0),
(114, 77, 'Alla gymnasieprogram ska leda till högskolebehörighet4', 'YESNO', 2, 1, 2, '2014-02-25 14:39:46', '2013-10-22 10:02:27', '', 1, 2, '2013-12-14 23:06:43', 0, 0),
(115, 84, 'Contributorfråga2', '', 0, 1, 2, '2014-02-25 14:45:20', '0000-00-00 00:00:00', NULL, 0, 0, '0000-00-00 00:00:00', 0, 0),
(116, 84, 'Contributorfråga2', '', 0, 1, 2, '2014-02-25 14:45:44', '0000-00-00 00:00:00', NULL, 0, 0, '0000-00-00 00:00:00', 0, 0),
(118, 98, 'Testfråga', 'YESNO', 2, 0, NULL, '2014-01-18 21:54:37', '2014-01-18 21:53:57', '', 1, 2, '2014-01-18 21:54:37', 0, 0),
(119, 51, 'Bensinskatten ska höjas', 'YESNO', 2, 1, 2, '2014-02-25 15:02:53', '2013-10-22 08:40:34', '', 0, 2, '2013-11-08 23:10:43', 0, 0),
(120, 51, 'Bensinskatten ska höjas2', 'YESNO', 2, 0, 2, '2014-02-25 15:03:14', '2013-10-22 08:40:34', 'beskrivning', 0, 0, '0000-00-00 00:00:00', 1, 1),
(121, 51, 'Bensinskatten ska höjas', 'YESNO', 2, 1, 2, '2014-02-25 15:07:50', '2013-10-22 08:40:34', '', 1, 2, '2014-03-05 20:16:26', 0, 1),
(122, 15, 'FRA-lagen ska avvecklas', 'YESNO', 2, 1, 2, '2014-02-25 17:59:32', '2013-10-21 13:05:42', 'dsadsa', 0, 2, '2013-12-08 11:31:54', 0, 1),
(123, 84, 'Contributorfråga', 'YESNO', 6, 0, 2, '2014-02-25 18:40:11', '2013-12-02 19:28:20', 'a', 0, 0, '0000-00-00 00:00:00', 0, 1),
(124, 84, 'Contributorfråga2', 'YESNO', 6, 1, 2, '2014-02-25 18:44:53', '2013-12-02 19:28:20', '', 0, 2, '2013-12-11 11:02:56', 0, 1),
(127, 27, 'Sverige ska gå med i NATO2', 'YESNO', 2, 0, 2, '2014-02-25 20:24:29', '2013-10-21 13:05:42', '', 1, 0, '0000-00-00 00:00:00', 1, 1),
(128, 0, '', '', 0, 0, NULL, '0000-00-00 00:00:00', '0000-00-00 00:00:00', NULL, 0, 0, '0000-00-00 00:00:00', 0, 0),
(129, 24, 'Järnvägen ska återregleras2', 'YESNO', 2, 0, 2, '2014-02-25 22:16:49', '2013-10-21 13:05:42', 'En återreglering av järnvägen skulle innebära att endast staten får nytja stambanorna för kommersiell trafik.', 1, 0, '0000-00-00 00:00:00', 0, 1),
(130, 57, 'Förbud för lärare att bära heltäckande slöja', 'YESNO', 2, 0, 2, '2014-02-26 08:19:38', '2013-10-22 08:49:45', 'Slöja bla bla bla', 0, 0, '0000-00-00 00:00:00', 0, 1),
(131, 57, 'Förbud för lärare att bära heltäckande slöja1', 'YESNO', 2, 0, 2, '2014-02-26 08:49:17', '2013-10-22 08:49:45', 'Slöja bla bla bla', 1, 0, '0000-00-00 00:00:00', 0, 2),
(136, 17, 'Sverige ska införa euro som valuta?', 'YESNO', 2, 1, 2, '2014-02-27 21:38:47', '2013-10-21 13:05:42', '', 0, 2, '2014-01-15 18:26:08', 0, 1),
(137, 0, '', '', 0, 0, NULL, '0000-00-00 00:00:00', '0000-00-00 00:00:00', NULL, 0, 0, '0000-00-00 00:00:00', 0, 0),
(139, 17, 'Sverige ska införa euro som valuta?', 'YESNO', 2, 1, 2, '2014-02-27 22:03:57', '2013-10-21 13:05:42', '', 0, 0, '0000-00-00 00:00:00', 0, 2),
(141, 75, 'Förstatliga skolan', 'YESNO', 2, 0, 2, '2014-02-27 22:08:50', '2013-10-22 10:00:59', 'Bra beskrivning2', 0, 0, '0000-00-00 00:00:00', 0, 2),
(142, 75, 'Förstatliga skolan', 'YESNO', 2, 0, 2, '2014-02-27 22:08:58', '2013-10-22 10:00:59', 'Bra beskrivning3', 0, 0, '0000-00-00 00:00:00', 0, 2),
(144, 75, 'Förstatliga skolan', 'YESNO', 2, 1, 2, '2014-02-27 22:09:20', '2013-10-22 10:00:59', 'Bra beskrivning4', 0, 0, '0000-00-00 00:00:00', 1, 3),
(145, 75, 'Förstatliga skolan', 'YESNO', 2, 0, 2, '2014-02-27 22:09:26', '2013-10-22 10:00:59', 'Bra beskrivning43', 0, 0, '0000-00-00 00:00:00', 1, 3),
(158, 154, 'gggg', 'YESNO', 2, 0, 2, '2014-03-02 09:10:21', '2014-03-02 08:07:19', '', 0, 0, '0000-00-00 00:00:00', 0, 1),
(159, 154, 'gggg', 'YESNO', 2, 1, 2, '2014-03-02 09:46:40', '2014-03-02 08:07:19', 'saddsa', 0, 0, '0000-00-00 00:00:00', 0, 2),
(160, 0, 'gggg', 'YESNO', 2, 0, 2, '2014-03-02 09:12:29', '2014-03-02 08:07:19', '', 0, 0, '0000-00-00 00:00:00', 0, 1),
(163, 0, '', '', 0, 0, NULL, '0000-00-00 00:00:00', '0000-00-00 00:00:00', NULL, 0, 0, '0000-00-00 00:00:00', 0, 0),
(164, 0, '', '', 0, 0, NULL, '0000-00-00 00:00:00', '0000-00-00 00:00:00', NULL, 0, 0, '0000-00-00 00:00:00', 0, 0),
(165, 154, 'gggg', 'YESNO', 2, 1, 2, '2014-03-02 09:36:08', '2014-03-02 08:07:19', '', 1, 0, '0000-00-00 00:00:00', 0, 1),
(166, 154, 'gggg', 'YESNO', 2, 0, 2, '2014-03-02 09:49:35', '2014-03-02 08:07:19', '', 1, 0, '2014-03-02 09:54:13', 0, 2),
(174, 0, '', '', 0, 0, NULL, '0000-00-00 00:00:00', '0000-00-00 00:00:00', NULL, 0, 0, '0000-00-00 00:00:00', 0, 0),
(176, 0, '', '', 0, 0, NULL, '0000-00-00 00:00:00', '0000-00-00 00:00:00', NULL, 0, 0, '0000-00-00 00:00:00', 0, 0),
(177, 0, '', '', 0, 0, NULL, '0000-00-00 00:00:00', '0000-00-00 00:00:00', NULL, 0, 0, '0000-00-00 00:00:00', 0, 0),
(178, 32, 'Från vilken årskurs  ska elever ha betyg?', 'CHOICE', 2, 1, 2, '2014-03-02 10:18:13', '2013-10-21 13:05:42', '', 0, 2, '2014-01-10 18:36:51', 0, 1),
(186, 0, '', '', 0, 0, NULL, '0000-00-00 00:00:00', '0000-00-00 00:00:00', NULL, 0, 0, '0000-00-00 00:00:00', 0, 0),
(192, 0, '', '', 0, 0, NULL, '0000-00-00 00:00:00', '0000-00-00 00:00:00', NULL, 0, 0, '0000-00-00 00:00:00', 0, 0),
(195, 29, 'Modersmålsundervisning ska vara en rättighet', 'YESNO', 2, 1, 2, '2014-03-05 19:42:22', '2013-10-21 13:05:42', '', 1, 2, '2014-03-05 20:19:06', 0, 1),
(196, 75, 'Förstatliga skolan', 'YESNO', 2, 0, 2, '2014-03-05 20:18:19', '2013-10-22 10:00:59', 'Bra beskrivning43', 0, 0, '2014-03-05 20:18:43', 1, 4),
(197, 32, 'Från vilken årskurs  ska elever ha betyg?', 'CHOICE', 2, 1, 2, '2014-03-05 20:21:34', '2013-10-21 13:05:42', 'test', 1, 0, '2014-03-05 20:21:56', 0, 2),
(198, 26, 'Kärnkraften ska avvecklas', 'YESNO', 2, 1, 2, '2014-03-13 18:32:22', '2013-10-21 13:05:42', '', 0, 2, '2013-11-12 10:03:23', 0, 1),
(202, 75, 'Förstatliga skolan2', 'YESNO', 2, 0, 2, '2014-03-25 16:35:44', '2013-10-22 10:00:59', 'Bra beskrivning43', 1, 0, '2014-03-25 16:35:54', 1, 5),
(203, 0, '', '', 0, 0, NULL, '0000-00-00 00:00:00', '0000-00-00 00:00:00', NULL, 0, 0, '0000-00-00 00:00:00', 0, 0),
(204, 100, 'dsadsadsa', 'YESNO', 2, 0, NULL, '0000-00-00 00:00:00', '2014-03-26 17:00:12', 'dsadsadsa', 0, 0, '0000-00-00 00:00:00', 1, 0),
(205, 100, 'asdsadasd', 'YESNO', 2, 0, NULL, '0000-00-00 00:00:00', '2014-03-26 17:00:58', 'dsa', 0, 0, '0000-00-00 00:00:00', 0, 0),
(206, 155, 'aaa', 'YESNO', 2, 0, NULL, '0000-00-00 00:00:00', '2014-03-26 17:08:13', 'sadsa', 0, 0, '0000-00-00 00:00:00', 0, 0),
(207, 156, 'sadadsdsadsa', 'YESNO', 2, 0, NULL, '0000-00-00 00:00:00', '2014-03-26 17:08:21', '', 0, 0, '0000-00-00 00:00:00', 0, 0),
(208, 157, 'fråga7', 'YESNO', 2, 0, NULL, '0000-00-00 00:00:00', '2014-04-28 14:10:29', 'ads', 0, 0, '0000-00-00 00:00:00', 0, 0),
(211, 0, '', '', 0, 0, NULL, '0000-00-00 00:00:00', '0000-00-00 00:00:00', NULL, 1, 0, '2014-04-28 14:20:51', 0, 0);

-- --------------------------------------------------------

--
-- Table structure for table `question_quizzes`
--

CREATE TABLE IF NOT EXISTS `question_quizzes` (
  `id` int(11) NOT NULL AUTO_INCREMENT,
  `question_id` int(11) NOT NULL,
  `quiz_id` int(11) NOT NULL,
  PRIMARY KEY (`id`)
) ENGINE=InnoDB  DEFAULT CHARSET=latin1 AUTO_INCREMENT=30 ;

--
-- Dumping data for table `question_quizzes`
--

INSERT INTO `question_quizzes` (`id`, `question_id`, `quiz_id`) VALUES
(1, 68, 2),
(2, 76, 2),
(4, 59, 2),
(5, 28, 2),
(6, 75, 2),
(7, 76, 2),
(8, 65, 2),
(9, 59, 2),
(10, 26, 2),
(11, 53, 2),
(13, 65, 3),
(15, 79, 3),
(16, 26, 4),
(17, 28, 4),
(18, 21, 4),
(19, 17, 4),
(20, 32, 6),
(21, 53, 4),
(25, 77, 3),
(26, 75, 4),
(27, 75, 6),
(28, 59, 6),
(29, 53, 6);

-- --------------------------------------------------------

--
-- Table structure for table `question_tags`
--

CREATE TABLE IF NOT EXISTS `question_tags` (
  `id` int(11) NOT NULL AUTO_INCREMENT,
  `question_id` varchar(40) NOT NULL,
  `tag_id` int(11) NOT NULL,
  PRIMARY KEY (`id`)
) ENGINE=InnoDB  DEFAULT CHARSET=latin1 AUTO_INCREMENT=418 ;

--
-- Dumping data for table `question_tags`
--

INSERT INTO `question_tags` (`id`, `question_id`, `tag_id`) VALUES
(9, '76', 51),
(10, '76', 54),
(28, '55', 63),
(36, '50', 68),
(37, '50', 69),
(43, '69', 37),
(44, '69', 56),
(47, '14', 72),
(52, '63', 36),
(53, '63', 49),
(54, '63', 74),
(55, '31', 75),
(56, '31', 76),
(57, '61', 77),
(59, '62', 74),
(60, '62', 78),
(61, '66', 79),
(62, '52', 47),
(63, '71', 27),
(64, '71', 46),
(67, '74', 34),
(68, '79', 44),
(72, '49', 41),
(76, '67', 37),
(77, '67', 79),
(78, '67', 80),
(79, '48', 35),
(80, '48', 36),
(83, '54', 47),
(85, '64', 74),
(86, '58', 28),
(87, '73', 26),
(88, '73', 27),
(121, '22', 29),
(122, '22', 52),
(123, '68', 48),
(139, '59', 35),
(140, '59', 57),
(142, '28', 49),
(143, '53', 59),
(144, '53', 60),
(145, '53', 61),
(150, '26', 65),
(151, '26', 66),
(152, '26', 67),
(153, '25', 65),
(154, '25', 66),
(155, '25', 67),
(156, '29', 51),
(157, '29', 70),
(158, '78', 71),
(188, '81', 82),
(189, '81', 83),
(190, '81', 84),
(197, '65', 58),
(198, '65', 85),
(199, '65', 86),
(200, '30', 36),
(201, '30', 49),
(202, '89', 87),
(203, '89', 88),
(204, '90', 89),
(208, '60', 35),
(209, '60', 58),
(216, '20', 29),
(217, '20', 53),
(226, '19', 64),
(231, '70', 49),
(232, '70', 50),
(242, '95', 43),
(248, '77', 51),
(250, '32', 51),
(254, '72', 38),
(255, '72', 43),
(256, '97', 100),
(257, '101', 93),
(258, '102', 90),
(259, '102', 91),
(262, '56', 37),
(263, '56', 63),
(271, '105', 101),
(272, '105', 102),
(273, '105', 103),
(274, '105', 104),
(289, '21', 37),
(290, '21', 73),
(291, '51', 35),
(292, '51', 36),
(293, '24', 62),
(296, '57', 51),
(297, '57', 56),
(298, '132', 101),
(299, '132', 102),
(300, '132', 103),
(307, '146', 105),
(308, '146', 106),
(309, '2147483647', 105),
(310, '2147483647', 106),
(311, '2147483647', 105),
(312, '2147483647', 106),
(337, '5312e6b7-1b60-42f5-9631-15137ddeb986', 101),
(338, '5312e6b7-1b60-42f5-9631-15137ddeb986', 102),
(339, '5312e6b7-1b60-42f5-9631-15137ddeb986', 103),
(371, '162', 106),
(372, '162', 112),
(373, '5313008d-8a48-49bc-9d83-1d1b7ddeb986', 95),
(374, '5313008d-8a48-49bc-9d83-1d1b7ddeb986', 96),
(375, '5313008d-8a48-49bc-9d83-1d1b7ddeb986', 113),
(376, '531300b0-2440-43b3-8e79-79557ddeb986', 95),
(377, '531300b0-2440-43b3-8e79-79557ddeb986', 96),
(378, '531300b0-2440-43b3-8e79-79557ddeb986', 113),
(379, '170', 114),
(380, '170', 115),
(381, '170', 116),
(382, '171', 117),
(383, '171', 118),
(384, '172', 117),
(385, '172', 118),
(386, '172', 119),
(387, '175', 117),
(388, '175', 118),
(389, '175', 119),
(390, '179', 105),
(391, '179', 106),
(392, '181', 87),
(393, '181', 120),
(394, '182', 121),
(395, '182', 122),
(396, '184', 121),
(397, '184', 122),
(398, '184', 123),
(399, '187', 85),
(400, '188', 85),
(401, '189', 85),
(402, '190', 124),
(403, '193', 124),
(404, '194', 124),
(405, '196', 51),
(406, '196', 125),
(407, '197', 125),
(408, '200', 88),
(409, '200', 126),
(410, '201', 34),
(411, '201', 49),
(412, '202', 51),
(413, '202', 125),
(414, '204', 100),
(415, '205', 127);

-- --------------------------------------------------------

--
-- Table structure for table `quizzes`
--

CREATE TABLE IF NOT EXISTS `quizzes` (
  `id` int(11) NOT NULL AUTO_INCREMENT,
  `name` text NOT NULL,
  `description` text,
  `approved` tinyint(1) NOT NULL DEFAULT '0',
  `date` timestamp NOT NULL DEFAULT CURRENT_TIMESTAMP ON UPDATE CURRENT_TIMESTAMP,
  `created_by` int(11) DEFAULT NULL,
  `created_date` timestamp NULL DEFAULT NULL,
  `updated_by` int(11) DEFAULT NULL,
  `updated_date` timestamp NULL DEFAULT NULL,
  `deleted` tinyint(1) NOT NULL DEFAULT '0',
  `approved_by` int(11) DEFAULT NULL,
  `approved_date` timestamp NULL DEFAULT NULL,
  PRIMARY KEY (`id`)
) ENGINE=InnoDB  DEFAULT CHARSET=latin1 AUTO_INCREMENT=8 ;

--
-- Dumping data for table `quizzes`
--

INSERT INTO `quizzes` (`id`, `name`, `description`, `approved`, `date`, `created_by`, `created_date`, `updated_by`, `updated_date`, `deleted`, `approved_by`, `approved_date`) VALUES
(1, 'sad', 'dsa', 0, '2013-12-16 18:44:40', 2, '2013-11-17 20:12:08', 2, '2013-12-05 14:44:28', 1, NULL, NULL),
(2, 'bla', 'sad', 1, '2013-11-19 19:14:52', 2, '2013-11-17 20:13:18', 2, NULL, 1, NULL, NULL),
(3, 'dsadsa2321dsa', 'saffsafsafsa', 1, '2014-01-10 20:14:26', 2, '2013-11-17 20:13:48', 2, '2014-01-10 20:14:26', 0, 2, '2014-01-10 20:14:26'),
(4, 'dsadsa', 'sadafsasf', 1, '2014-01-10 20:10:08', 2, '2013-11-17 20:21:04', 2, '2014-01-10 20:10:08', 0, 2, '2014-01-10 20:10:08'),
(5, 'hmm', 'dsadsadsadsa', 0, '2013-11-19 19:14:49', 2, '2013-11-19 19:05:59', 2, NULL, 1, NULL, NULL),
(6, 'dsadsa', 'aa', 0, '0000-00-00 00:00:00', 2, '2013-12-05 14:45:34', NULL, NULL, 0, NULL, NULL),
(7, 'dsadsadsa', 'dsadsadsa', 0, '2013-12-05 18:36:32', 2, '2013-12-05 18:36:27', 2, NULL, 1, NULL, NULL);

-- --------------------------------------------------------

--
-- Table structure for table `quiz_answers`
--

CREATE TABLE IF NOT EXISTS `quiz_answers` (
  `id` varchar(40) NOT NULL,
  `question_id` int(11) NOT NULL,
  `answer` varchar(20) DEFAULT NULL,
  `date` date NOT NULL,
  `temp_quiz_id` varchar(40) NOT NULL,
  `importance` int(11) NOT NULL,
  PRIMARY KEY (`id`)
) ENGINE=InnoDB DEFAULT CHARSET=latin1;

--
-- Dumping data for table `quiz_answers`
--

INSERT INTO `quiz_answers` (`id`, `question_id`, `answer`, `date`, `temp_quiz_id`, `importance`) VALUES
('0aab029a32189674f27624a337a07731814ff2dc', 77, 'nej', '2014-02-16', '915d400ef87273ac66ec915d67651dbbbf04144b', 2),
('0c41836be920e181182a6372c5fa6e4196b618e6', 15, 'ja', '2014-02-16', 'd7b9fd3aa4073ea27310a815b4733076cd286ab4', 2),
('12421cfcfb71ebf7ea1c1a9a0f28309532561183', 21, 'ja', '2014-02-16', '25adc0e8a0eddc4fb8cd3e4b7e0c2f480b162f49', 2),
('13c62003b79eed87814511d5bfb7de93fe4808d8', 15, 'nej', '2014-02-15', '35d201bf8fb6f13dd6573bea5c67e7b77f86f9f4', 2),
('1482dd77e5a445e867a3f0254f55e9a958451486', 15, 'nej', '2014-02-15', '8ac85efe7af1fe1b34f3e0a99b3562bd4a3bc3cd', 2),
('1562a96d8cf8f094c9566853d1e67f8367bbbd51', 77, 'ja', '2014-02-16', '74f0483f2d0c8948a29168846e35c29955a790b6', 2),
('1aa4518d0b8be3ad2a180acbc46de8b4d8520fb6', 53, 'nej', '2014-03-13', '', 2),
('21ff3ce365b40d2c0da7e2fab996af1e3adf8b4a', 15, 'nej', '2014-02-16', '3843b71ed3048787138f54058500c973e726d437', 2),
('22000125a576a560842b3131d56adb90f2d8580f', 135, NULL, '2014-03-02', 'd0a06110360a4468e13fa48f8ef28248af66a53c', 2),
('272e79e0b940555ce732789a5b5eaae86b326c22', 53, NULL, '2014-04-28', '', 2),
('3468084c313ecb7534a4edb299c96ef891da5205', 53, NULL, '2014-02-16', '25adc0e8a0eddc4fb8cd3e4b7e0c2f480b162f49', 2),
('36d0db068b7537383e8e37120f2aa89efeda02ce', 77, 'ja', '2014-03-13', '', 2),
('37bbc56d5a88cebf1fd95f2f2bda989fb377b3d4', 77, NULL, '2014-02-18', '6b85d9e5bb9c1ae9774b59a8513a1f064bd5d6c8', 2),
('3a70af5cd3851864fcb78d4b1006e9a1ef244b77', 138, NULL, '2014-03-02', 'd0a06110360a4468e13fa48f8ef28248af66a53c', 2),
('3f85311cf7048797de3bb16694d9588766a7e467', 53, 'nej', '2014-03-02', 'd0a06110360a4468e13fa48f8ef28248af66a53c', 2),
('40c68e46326297ca2cf4ccecfb54886006d01bb4', 26, 'nej', '2014-03-14', '', 2),
('41f7efda90592c66347589a07a4aa284fc534cce', 75, 'ja', '2014-04-28', '', 2),
('44f64ab2cdcbcad2f671abb5ba25652e84be729f', 26, 'nej', '2014-04-28', '', 2),
('480fa1a7fa7b80f19ed0c2adca45d26ad6d3149b', 77, 'nej', '2014-02-16', '4ef324184fa274ce7f179a3361803b6824904b4f', 2),
('4a0859a309ef1015017df31f1975ac3e25f5c72a', 77, 'nej', '2014-02-16', 'b1bff14d9cdf6b6fa07726035374794987703b14', 2),
('4b9436de51a6d76f8956df0ffe569b88b0b0aaa7', 53, NULL, '2014-04-27', '', 2),
('4df5c6d8135acf32f8dbfd790729e03529cccdc5', 15, 'ja', '2014-02-16', '7510d168483d8b8b533ba774be65e172404a2122', 2),
('507d3658c353589304b856a384b79457a678ef4d', 15, 'ja', '2014-02-16', 'b1bff14d9cdf6b6fa07726035374794987703b14', 2),
('5134f780be6d1d93bb33de4a9e174b757b918aa1', 77, 'ja', '2014-02-16', '96dcf93fbe7c27f75714e3dd58b0f2899182af00', 2),
('52effac1-2ec0-454c-b7e3-06d47ddeb986', 15, '0', '0000-00-00', '52effac1-1c64-4678-9f79-06d47ddeb986', 2),
('52effac1-3ba4-4103-bb24-06d47ddeb986', 77, '0', '0000-00-00', '52effac1-1c64-4678-9f79-06d47ddeb986', 2),
('52effca9-0a34-4705-918a-11597ddeb986', 21, NULL, '2014-02-03', '52effca9-d8fc-4c8a-bb3c-11597ddeb986', 2),
('52effca9-1b64-436a-a9a8-11597ddeb986', 26, 'nej', '2014-02-03', '52effca9-d8fc-4c8a-bb3c-11597ddeb986', 3),
('52effca9-2bcc-4c67-8597-11597ddeb986', 17, 'ja', '2014-02-03', '52effca9-d8fc-4c8a-bb3c-11597ddeb986', 2),
('52effca9-3bd0-4e23-95fb-11597ddeb986', 28, NULL, '2014-02-03', '52effca9-d8fc-4c8a-bb3c-11597ddeb986', 3),
('52effca9-ec84-40c2-ab41-11597ddeb986', 53, 'ja', '2014-02-03', '52effca9-d8fc-4c8a-bb3c-11597ddeb986', 2),
('52f00017-e49c-4026-96a5-11a97ddeb986', 15, 'ja', '2014-02-03', '52f00017-d36c-4a23-aa57-11a97ddeb986', 2),
('52f00017-fcd4-4f90-b5d8-11a97ddeb986', 77, 'nej', '2014-02-03', '52f00017-d36c-4a23-aa57-11a97ddeb986', 2),
('52f00072-506c-4caf-a29f-1acf7ddeb986', 17, 'ja', '2014-02-03', '52f00072-3d48-415a-9401-1acf7ddeb986', 2),
('52f00072-6db8-4340-8d69-1acf7ddeb986', 21, 'nej', '2014-02-03', '52f00072-3d48-415a-9401-1acf7ddeb986', 2),
('52f00072-7e84-425c-8983-1acf7ddeb986', 53, NULL, '2014-02-03', '52f00072-3d48-415a-9401-1acf7ddeb986', 2),
('52f00072-8eec-4f67-ab0c-1acf7ddeb986', 26, 'nej', '2014-02-03', '52f00072-3d48-415a-9401-1acf7ddeb986', 2),
('52f00072-9ef0-4f78-9071-1acf7ddeb986', 28, 'ja', '2014-02-03', '52f00072-3d48-415a-9401-1acf7ddeb986', 2),
('52f0021a-8b80-45f7-ad2d-17177ddeb986', 21, 'ja', '2014-02-03', '52f0021a-78c0-4641-b6ef-17177ddeb986', 2),
('52f0021a-a7a0-456c-898f-17177ddeb986', 28, 'nej', '2014-02-03', '52f0021a-78c0-4641-b6ef-17177ddeb986', 3),
('52f0021a-b808-47df-a3a6-17177ddeb986', 53, 'ja', '2014-02-03', '52f0021a-78c0-4641-b6ef-17177ddeb986', 1),
('52f0021a-c80c-4464-81bf-17177ddeb986', 26, 'nej', '2014-02-03', '52f0021a-78c0-4641-b6ef-17177ddeb986', 3),
('52f0021a-d7ac-4f05-92fc-17177ddeb986', 17, 'ja', '2014-02-03', '52f0021a-78c0-4641-b6ef-17177ddeb986', 1),
('52f0046e-d1e4-4afd-b301-11a87ddeb986', 15, NULL, '2014-02-03', '52f0046e-c118-4427-b47b-11a87ddeb986', 2),
('52f0046e-ea1c-48d1-8a1e-11a87ddeb986', 77, NULL, '2014-02-03', '52f0046e-c118-4427-b47b-11a87ddeb986', 2),
('52f94421-1924-468e-99cc-6b607ddeb986', 77, 'nej', '2014-02-10', '52f94421-e918-4ce2-85a3-6b607ddeb986', 2),
('52f94421-fca0-46b6-8ea1-6b607ddeb986', 15, 'ja', '2014-02-10', '52f94421-e918-4ce2-85a3-6b607ddeb986', 2),
('52f94616-26ec-4aa9-b0bf-12617ddeb986', 15, 'ja', '2014-02-10', '52f94616-0428-4190-ad2d-12617ddeb986', 2),
('52f94616-50b8-4c52-8739-12617ddeb986', 77, 'nej', '2014-02-10', '52f94616-0428-4190-ad2d-12617ddeb986', 2),
('52f94805-d330-4584-bc3e-12617ddeb986', 15, 'ja', '2014-02-10', '52f94805-c00c-47e3-918e-12617ddeb986', 2),
('52f94805-ee24-46aa-a569-12617ddeb986', 77, 'nej', '2014-02-10', '52f94805-c00c-47e3-918e-12617ddeb986', 2),
('52f9482a-6278-4f72-9fc8-11e87ddeb986', 15, 'ja', '2014-02-10', '52f9482a-3f50-42e3-bd9e-11e87ddeb986', 2),
('52f9482a-9928-457b-bf83-11e87ddeb986', 77, 'nej', '2014-02-10', '52f9482a-3f50-42e3-bd9e-11e87ddeb986', 2),
('52f9488d-4428-4ab4-9bbd-11df7ddeb986', 15, 'ja', '2014-02-10', '52f9488d-209c-460e-a3c3-11df7ddeb986', 2),
('52f9488d-7ad8-4806-8945-11df7ddeb986', 77, 'nej', '2014-02-10', '52f9488d-209c-460e-a3c3-11df7ddeb986', 2),
('52f948db-9890-493f-8fa8-6b5f7ddeb986', 15, 'ja', '2014-02-10', '52f948db-84a4-4006-beba-6b5f7ddeb986', 2),
('52f948db-b2bc-4eb9-b843-6b5f7ddeb986', 77, 'nej', '2014-02-10', '52f948db-84a4-4006-beba-6b5f7ddeb986', 2),
('52f94be3-1590-4518-bc23-6b607ddeb986', 77, NULL, '2014-02-10', '52f94be3-f204-4123-997a-6b607ddeb986', 2),
('52f94be3-44d4-4173-bf16-6b607ddeb986', 15, 'nej', '2014-02-10', '52f94be3-f204-4123-997a-6b607ddeb986', 2),
('52f94c18-88d4-46ed-b82b-11e87ddeb986', 77, 'ja', '2014-02-10', '52f94c18-72f4-481f-bc47-11e87ddeb986', 2),
('52f94c18-a42c-4224-a1ff-11e87ddeb986', 15, 'nej', '2014-02-10', '52f94c18-72f4-481f-bc47-11e87ddeb986', 2),
('52f94c34-aad0-4e24-ba52-12617ddeb986', 77, NULL, '2014-02-10', '52f94c34-97ac-49a4-84f0-12617ddeb986', 2),
('52f94c34-c560-4e4c-bf4d-12617ddeb986', 15, 'nej', '2014-02-10', '52f94c34-97ac-49a4-84f0-12617ddeb986', 2),
('52f94d42-cbc8-4b37-87f8-6b617ddeb986', 77, 'ja', '2014-02-10', '52f94d42-b64c-4c07-8c6c-6b617ddeb986', 2),
('52f94d42-e8b0-4c3c-be08-6b617ddeb986', 15, 'nej', '2014-02-10', '52f94d42-b64c-4c07-8c6c-6b617ddeb986', 2),
('52f94d6e-1a90-470d-b711-142d7ddeb986', 15, 'ja', '2014-02-10', '52f94d6e-0640-4beb-8dd9-142d7ddeb986', 2),
('52f94d6e-35e8-417f-9973-142d7ddeb986', 77, 'nej', '2014-02-10', '52f94d6e-0640-4beb-8dd9-142d7ddeb986', 2),
('52f94eb8-0d18-4fcf-b186-14da7ddeb986', 15, 'nej', '2014-02-10', '52f94eb8-cc40-411a-9a84-14da7ddeb986', 2),
('52f94eb8-e9f0-4d9c-9d17-14da7ddeb986', 77, NULL, '2014-02-10', '52f94eb8-cc40-411a-9a84-14da7ddeb986', 2),
('52f94ef8-96c8-4364-8d1d-14e07ddeb986', 77, 'ja', '2014-02-10', '52f94ef8-8340-4968-9a89-14e07ddeb986', 2),
('52f94ef8-b66c-45a6-91fe-14e07ddeb986', 15, 'nej', '2014-02-10', '52f94ef8-8340-4968-9a89-14e07ddeb986', 2),
('52f94f11-0da4-4f12-8b3e-15637ddeb986', 15, 'ja', '2014-02-10', '52f94f11-fa1c-4418-8b74-15637ddeb986', 2),
('52f94f11-2e74-452e-9534-15637ddeb986', 77, 'nej', '2014-02-10', '52f94f11-fa1c-4418-8b74-15637ddeb986', 2),
('52fbd3f4-2cd0-478c-b87c-36187ddeb986', 15, 'ja', '2014-02-12', '52fbd3f4-1754-4f4c-8798-36187ddeb986', 2),
('52fbd3f4-4828-4f36-8421-36187ddeb986', 77, NULL, '2014-02-12', '52fbd3f4-1754-4f4c-8798-36187ddeb986', 2),
('54e0ea90865154287442459c7f18eaf4b6540f92', 75, 'ja', '2014-03-13', '', 2),
('5572bb5142e3cd5e477d71d31256e7fa21b65469', 77, 'ja', '2014-02-15', '8ac85efe7af1fe1b34f3e0a99b3562bd4a3bc3cd', 2),
('576efc9935dd200f0eeea2cc3af800dd284ec2e4', 77, 'ja', '2014-02-16', '3843b71ed3048787138f54058500c973e726d437', 2),
('60460f1133654a7e7302f72955fd0e34f8d06393', 15, 'ja', '2014-02-16', '5031b7dd7e8ffdc995acb695fa937f76972b100d', 2),
('638638dd2a2ded340055c54bf676e32979975e79', 77, 'nej', '2014-02-16', 'd7b9fd3aa4073ea27310a815b4733076cd286ab4', 2),
('679427e2969719203eb39f73bb690dc147873665', 75, 'ja', '2014-03-13', '', 2),
('6f54f124db16a05808673ce37af5ce9b94377c9a', 28, 'nej', '2014-02-16', '25adc0e8a0eddc4fb8cd3e4b7e0c2f480b162f49', 2),
('72766d77562ab491ce8a75d8d03b21a3d989f5f5', 53, 'ja', '2014-02-16', '9af6afb669e118d5fc2a8c5cb7b6b7466a4d345f', 2),
('7559f80fd408ccf5123b81fa37c4a14c902f25e7', 77, 'ja', '2014-02-18', '31444d3e22cb37d15bf75f43b9802dfd30f58321', 2),
('779da75d2542d16d12b555548ee48f23ba9ef209', 28, 'ja', '2014-03-14', '', 2),
('7967826aaded43a8a5622e5e928357fc849a937b', 15, NULL, '2014-02-18', '4264babce543685c4615e5e634a307e689cd9119', 2),
('7aef10084d760e12326ced191633c81d016921d6', 77, 'ja', '2014-02-16', '5031b7dd7e8ffdc995acb695fa937f76972b100d', 2),
('7f172d36ded7023f4ce15cdc8de320b5c78b0d6f', 26, 'ja', '2014-03-02', 'd0a06110360a4468e13fa48f8ef28248af66a53c', 2),
('80107dcab4ee68582c407890cdc889239ce67b51', 26, NULL, '2014-04-27', '', 2),
('81e3cbd080fda43b7615be3763ac192f3b2db1c2', 15, 'ja', '2014-02-16', '4ef324184fa274ce7f179a3361803b6824904b4f', 2),
('82998c6187989e35983744056d6b1401882920c9', 77, 'ja', '2014-03-06', '756071d2f9927125a3f20a1e5009a104b7533eb7', 2),
('83dbc58becec1b1a2724ee55f50c4c8f4c9534b3', 77, 'nej', '2014-02-16', '28bc3477a9fe089aa8d7dafbb18a93388b910e38', 2),
('87d900856bc10d00804588ce9a3d9518bb78c08c', 26, 'ja', '2014-02-16', '25adc0e8a0eddc4fb8cd3e4b7e0c2f480b162f49', 2),
('8b57e51573f251848080c120209ac7bafd9dca57', 77, 'ja', '2014-02-15', '35d201bf8fb6f13dd6573bea5c67e7b77f86f9f4', 2),
('8b7d29a624f8280f1b570296de6b0932527262f8', 15, NULL, '2014-02-18', 'a95561e08b31e3c234c94cce3b7e64f03672b5eb', 2),
('8c9f8fed74eb671890de9377bd24917f508ec1c2', 77, 'nej', '2014-02-16', 'bb9eae34972d2b5f483c592ebd68a79caf7d54ff', 2),
('8ffb833443a4ed3dce650f59ec4688d7dacc9611', 15, NULL, '2014-02-18', '31444d3e22cb37d15bf75f43b9802dfd30f58321', 2),
('921493a22bb2470332d05e9500b8dc01e4d4e4a9', 75, 'nej', '2014-04-28', '', 2),
('94163791831d121d9a5675b190b0367d642db01f', 15, 'ja', '2014-02-16', '915d400ef87273ac66ec915d67651dbbbf04144b', 2),
('95a20178dbdfab5fd98154b17b8f9a73962d85c5', 15, 'ja', '2014-02-16', '28bc3477a9fe089aa8d7dafbb18a93388b910e38', 2),
('977643a5cbb67d41cca4e773e328fea1dc4a4418', 15, 'ja', '2014-02-16', '75af3885388f50a133fef34f92dcb61d3d8865b6', 2),
('97a403bd98b291587ad49c4bbc8e0de03cac0db1', 75, NULL, '2014-04-27', '', 2),
('997241c01271c43ab60c5cf0abf5b24f1ff986ea', 15, 'nej', '2014-02-18', '6b85d9e5bb9c1ae9774b59a8513a1f064bd5d6c8', 2),
('9a60d1727d0a1d0d449abf01ac6fe3bb9ae55c67', 140, NULL, '2014-03-02', 'd0a06110360a4468e13fa48f8ef28248af66a53c', 2),
('9dba09e760ca41591ad12f92148f80703c53dad2', 53, 'ja', '2014-03-14', '', 2),
('a0faaef83476d76e41edd8d33db9183bcc78ba44', 15, 'ja', '2014-02-16', '96dcf93fbe7c27f75714e3dd58b0f2899182af00', 2),
('a6a862c061c788cdf346d944e41aaa3910bb7c60', 15, 'ja', '2014-02-16', 'bb9eae34972d2b5f483c592ebd68a79caf7d54ff', 2),
('a7d4f16f0a7f649123eb96d196af6b9bd6944da0', 77, NULL, '2014-02-18', 'a95561e08b31e3c234c94cce3b7e64f03672b5eb', 2),
('a80d60d150a960c7a6833e175c47702277e947b6', 15, 'nej', '2014-02-16', '74f0483f2d0c8948a29168846e35c29955a790b6', 2),
('aea858c58dfd207389104b8e4bbc3447b59c8139', 21, 'ja', '2014-02-16', '9af6afb669e118d5fc2a8c5cb7b6b7466a4d345f', 2),
('b11429ad8be3277864c9feff105abf4103865c52', 77, 'nej', '2014-02-16', 'a5cd2cd2b807efbe7ebdfb099f3090f3002a4935', 2),
('b4df9bedda2736f43b487d68e305dedfc4a56544', 77, 'nej', '2014-02-16', '75af3885388f50a133fef34f92dcb61d3d8865b6', 2),
('b8ed9571ac78c51755acba453a933d1ddc0fead9', 77, 'nej', '2014-02-16', '7510d168483d8b8b533ba774be65e172404a2122', 2),
('baa8b8491f521fdbf9c7fd38e9474c359e1f6ab6', 17, 'nej', '2014-02-16', '9af6afb669e118d5fc2a8c5cb7b6b7466a4d345f', 2),
('bc36f6f84ac7a52206549f3bc8b7fa64f730e282', 77, 'nej', '2014-02-18', '4264babce543685c4615e5e634a307e689cd9119', 2),
('bd9e09186e188225754b8b6d1e8b0483cd0ec466', 53, 'nej', '2014-04-28', '', 2),
('c2563a302462848c4f12fb832fe46e4bea5c9bb8', 75, 'ja', '2014-03-13', '', 2),
('c2813021d9765ba5589612636baf6b3a3aa179a6', 28, 'ja', '2014-04-27', '', 2),
('c70174ec198fd651a6856f342b3723b96759ca82', 77, 'ja', '2014-02-16', '855172370cb5f7334548e1dde252c4718c6d3f53', 2),
('c7f60ffaebdeb39414cb22c7defe0e46ecb1db41', 75, 'nej', '2014-03-14', '', 2),
('c9bd2e1d20e447eb04cd123d2dd68184cb7e8ae2', 15, 'ja', '2014-02-16', 'a5cd2cd2b807efbe7ebdfb099f3090f3002a4935', 2),
('ca460061027e0514a8f6974697f3591d33f91ab6', 26, NULL, '2014-04-28', '', 2),
('d4337cd3acb6856b07e4fcd40b24377bccc7f4b7', 77, 'ja', '2014-03-13', '', 2),
('d580f7fd41e8836b3b561b70e477ac587d6b0866', 77, 'ja', '2014-03-13', '', 2),
('d7658027e27dedb5b7a2d8acb98dbcacf3703131', 28, NULL, '2014-04-28', '', 2),
('e639e01c592d2d91765cfe00a8aa3d9bd2d49ad3', 26, 'nej', '2014-03-13', '', 2),
('ea3dce112631c7a7a4cc9bba6dd0c893068b91b8', 28, 'ja', '2014-03-02', 'd0a06110360a4468e13fa48f8ef28248af66a53c', 2),
('ebcfe5eca41a669dc06bcb30fe825b038fbdfce7', 15, 'nej', '2014-02-16', '855172370cb5f7334548e1dde252c4718c6d3f53', 2),
('ed9de6a409b697a41623c96a230f59abc029a55e', 17, 'nej', '2014-02-16', '25adc0e8a0eddc4fb8cd3e4b7e0c2f480b162f49', 2),
('eefc82fa61ef012007b1c1ab64c6fa948eb78a8e', 28, 'nej', '2014-03-13', '', 2),
('f68ab66c4bcd49ba60829113968aee84c188239e', 26, 'nej', '2014-02-16', '9af6afb669e118d5fc2a8c5cb7b6b7466a4d345f', 2),
('f9688797c5ccfe6c59dbba6e0b6044013f633779', 28, 'ja', '2014-02-16', '9af6afb669e118d5fc2a8c5cb7b6b7466a4d345f', 2),
('f9d75933e2d564b71603b27b0ff52fd2adadad04', 28, 'nej', '2014-04-28', '', 2);

-- --------------------------------------------------------

--
-- Table structure for table `quiz_results`
--

CREATE TABLE IF NOT EXISTS `quiz_results` (
  `id` varchar(40) NOT NULL,
  `data` text NOT NULL,
  `created` timestamp NOT NULL DEFAULT CURRENT_TIMESTAMP ON UPDATE CURRENT_TIMESTAMP,
  `version` int(11) NOT NULL DEFAULT '1',
  `quiz_id` int(11) NOT NULL,
  PRIMARY KEY (`id`)
) ENGINE=InnoDB DEFAULT CHARSET=latin1;

--
-- Dumping data for table `quiz_results`
--

INSERT INTO `quiz_results` (`id`, `data`, `created`, `version`, `quiz_id`) VALUES
('0833b2853066fe0dc43a7f3a4d52312f6aea5e3a', '', '2014-02-16 14:45:51', 2, 3),
('08963f13afa51f1f8f88b04ea222467b1f9e662f', 'BHBE3k4Sw0SE10AVljDukT/DpD5/OW8MFmUWbThqo3oSFDhtj0CpJYmffV5tAT7YF1VKtOLC90itcCz4EP0asQ4MV5zCI78ZlQmTgfNdrN7u/Ykq7jZimPKEWgW+P6S1R4Xu7npXX15f1hu4btZKSJV4DfTBx71dsfZQpL41z5lbDdv+3kcpYuzml/DDHxSPLBU1ljjUDy7yepcNDSoSNeZPUdIYQXux586Tt3EXhoDoMzevY1gUB+BZ8E47NFxEyXqtxSUYd6QDDFMJO5Nk9Z1VFgR5DB/99ZEBQze9BEsr2XH31qlhJH5OYRdKSHO7giDvbrqDlb2I+D+EQ2sCktQh+yyR1y2LJ5Uu2Z1NVhtV4ejwDB2QJho6j6GxznTSoF/2OEsjFHgZRPIAQHSFX+Fsz9zd9HEHeUaNmKStQwniN2ShRtSUQFqRIOg+wORB71tSD/TZhY4enlxd5EPIl8qb7R30xjM/78N6KWntQryROSEgmLOrhNBJtUnQqPyNQQT/RhEoIwGyFM7rwOS5XbiGGHtuMcGmznaovveEB3zQVrvVwhEugtxTmyok/LOt+c05v+S4wGIYuEW7W319oNBM9unGRaXm6ofGIlYhDocngmwShubfbIHiXoQfyZf7cvlLBSnqblP/LDiWfKpbYKsHfuuUz9HatITKkl034MXSJDQ8UYmK2KPeiRxe273oN+GhjqqPRGSKN9zxNmZyDdUzrzfCsNfdbHWdT4XnqtAG/v8mfMcw1OAjDrpQg57L9Q57F6WP58Tse5W2WIsx5nSSdmNUB1D6kjK4cvJI4SKEZLT6CWn0Yg9ef0LQvQ2Fl1y4MC+GzWIbX6aEke5EZJ1ZrV50s09XID7mTBf+9ibE/82+/7h5UfWEm4JhW1riQSvAWSLjmLmIq+NnTLybhTfxA5nuMs/Ddbg136Q7/U7DlYZzUfx4MgPRLHfcw0mrt7FymldY0xyQTpI3ipVQLnq6I5eB1QuQJEMrtVCS7S+xsXwD3K+10ogLvD4G2Yaf1zcngcvd+FiWDcxniShPQ4spMPgxwHWot4gGwpfJliAtLQMNfdYwXh3GkWGGiMUFWXm0asLunH9ztX3XZkhsnYn6MEXpIhaPaLGJ31Axzy/W0Fylm4fS/5tDI0X3X8l15PkOoUKvYdVilZOiOkqIjZBLNzmBsuJUmIJPOVTIg2X/8tCcoPR6BfpkEwvMQZxP/n6vlC6XvloNmIkQ8LDXjMLFt93E86afrVgfOjkjF8EhEqeR12NxAZ29Qc0qXgvurYX4MHoLH4Nk72xnFbX5Sz/t5oAHes9hdX9k1CLEpuyoGdqLA0NXluFe1DgKPllPCgDB/GnE77oeb9d8a2gAcC1Y1SobcGTapToEbhIokcNHFfDf9CtYLTrgqDMkGdwdrp4herCpw+ELAVDbpulr2oFmD9TbQwJae7mNq1FUeG1SUfJHx+uD7BMsELNCoxSbpymwPn8SKbhB9IFULvgtacBkXPXcqUB2UPxRlPvawecjgUz+yeWiqd3NqRTZEXpqPftd', '2014-02-16 09:33:46', 2, 3),
('09ee69bc500f7bcac9bd082a9619597406279a0f', '9aSW7gPoIWTk5yRJUoLD5dTEHCK3vdz0R0tY7LL45848HIBS+QaYRnA411nuUezTfAwFGuYXnws0A0Na5xLcb6T/vPKKzY9Yx0/vi/QOsEHMFoJCGj7qrxOtBZV3C7beJCUPsbm3rOGgdaTBTMgsxsneN4N6icd40dyzHxCWFl4XA8OXTcbGixary38xGONRXRcFoVTsaeNgMPBahkJXU+I+VcV1AGrHCxoJI3U8FOsq4U7oHuYM+mLJKPI2C63XqIJW2ki1WpefZPCOwzU2v185zYO0nogHcTmeUTm9C6aD3r5kUQYKJEZAIvHQNbivJAHRiJF0R21ops2Z4V+N/9m3TEpTN8toKG+d9oGNejoWPF7MrAO7jxe3yb5pTL8wXCPWLUCl6KPsZegAdfi9v4tHDOkmh3Mi5UVBlonyylcyYR0PdWYjEwMfDqOI23osOthXCrQvIv3CRw1YRwmXrXxlCwoZraryAWrpiWD+ovYW3wjnIJSqR4ilmHMNzhZ3kYc3cABIExKv+y8QfcqXbiERzfbM3H9OqllfcpXAVp6hTLLUO4LE0FjA5dfr12a/v+uSTKwz2Izqd0G7RkeDZ4+cvflcCDSyJNxX8+qF4/Us6T0xkMqfGmtr3J0fHL0ZElu46y1qln06Xajlz5MAJUXw+qJnRpxVVYWRfKKsw/Ov07zSnDco5E5RDTsT1Gxh7UXbDVp1wluSPDuGQI6gUY0IUETLt8qukqi7Muc8RrjPUv2bJqZfkLSC3xM33MJsI8ub88z9e/Jw/AxgUowwsNSmNGikYQ1cpX2HgaXo/AZF13/somzXs1shrJfvhHru1IJeRUNvJOCO4oD13TiXy5qepYI07wj64bwz8KsfMpqGGOx13X+4iwCiJE7ZdhnkwzmpnXPGIV578UpOEVNA0HwiK64EG0uS8oYwcKtN7PhHsU35cqgYRZeFRGDVwOqFdiuhwNqOCvWX3tp+f0iWwd7fa9oad2uVSp62saQCxO/FGvCDzqRpARiYX1PRZUES0HmpgG+r993gwD3tVt2CQEusbLz6njNYot91F3Ax6lqcnP/DVMyXjgWWMm9GSolFKsjkXs5mFiZe2swWYdxImY4sTmSMncwKnXUZyKto5EKAa8XSJT5LLzA6w2li8RD4wQek1NHz9itlqXdRW1FFn9z+f7IvNszvI0dakrYOtEf5qg6L88j9ukgj2YwKHEdaPrluJF1+iCA/ZPR7ohVsSTV6bor7wktgnqv2sVROyGZbPhC/Mx0OdX5gMZ791OHnnEptxrMfrQWirp29bjfihooXYCnC2b/PPq60ibUSaymUU4dFos71DiH6veqa+hO4mX93cinJT1oL/B2e5bVKoIdntRQ/iQJ/cicHktr0mf/Fjg2EHt6xHzMs/RASXEU3yQXo36ImVyyMEMdN8SN1Az8eOoYpqcxYgAYdKNR9KwpEW2F8ksXC0IUcqd3wKk95DaTR0sbHFGOVRjUpwqOwZioZIeCmrzvYp7ZiT9VMLRfMpRLNfx7stkKboNQVgwuvu2CkMvU/ofntLyGBs+C8', '2014-02-16 09:30:14', 2, 4),
('2fa6a5298be9ccd2f61d775cb8398b13ad9c7cf8', 'hFxfIbNKXdDw9vz9vz1Jjonp3iVZyKw3SY/XavPmNWIkJDeNiJA4SO5nLiw36BjiURYCZU6MdUkK9W37+KknVIpLWhxw37mARn2pMaK0eU/CmlrZsEwOrUe/a05e0KRs1vcwJTsOi96nJKvPpAcpJmFcNA5NSat6yzOj+IBvKoARtnDw/F6duRZdXJ2VrSpP4UonquQO6PKRqkxlN9KpPI9/Z0jMGCVOg4OlbpjyyiCsrP/x7GhqS5l2t/QjTKDcEUoLgv/nMQlZL72VXrzeqjl0j1pXBUBJC953CvoL2AULRsdGzgEgclpW12KdqORhX6jbcpr4iZnGvZnqoOL8FtVG4KZhujlNB6RQ00xWKSbiKkDDtbjGmUtIsuED6Zn9hBdynNO63+vcOQiL49fMM32Pe0v5YynrRKvTWH14avunIvJwZNYo3d+K4I3tyHbDFOB3KFO4XdaMk1SwZx44dMRF3KUJ7YqG25FrdWqDsfee5dKHHkAolljH0Q7WgWGhwGwNucQFkD7gPGzRGOaU3L2OFKpA0ERxA/0BSlYVKG3vZ+f/nPpJWWsZvsWiChbWoyc7Mjb03UHSLZTK0DaCNUuf+jPut8v8/+Un4JXR4zXWt84bTBkL+5vQFIe2F7VxU2d6SUWxdvjn/ml1/F9zH0QRiELnlv1giZqN6VcaZXEDQsokvY4BxomFqk2LWZq5BegR59wfxcuJqgbvLzcQXWv+ICo2i95rxe6aAYcBawR5PD/5Z6r1bymTl4Oto7CKZq8z0ys6jJiipprdeUv2KrgaUxrPj7qBK8jkjTq1MpRw/jrbnntBHPZBlkQe1FQLvSTPbtquJhClys62gc2CXoYIMyKKmn2vbz3I6YJsY5pxpn/6Ynm5l1vEiqMEdcNW1/HrbsNo91LMF0+Zv6yq3U3iCgPHZnpYYnhKGYKJ+rQaD4JL+XpEFKnNmFhunU44CxKphmgc++YUZWxwcMgvakukveNqRcO6RdMsZunT+v7En3YbgeBFkar9gUDoXIHAiznF0QIdbsUujVdQr+vGKxRhnc9rOhTMekfYI1S5fxhrC79mC2YABWmBOSPumJe35KLjM8vdgXTJ/+n8fUCgd/wQcjrVCggWr3mbmwZgi3Xnol29SlKpFxonPJtYYqcB7XhmxszPY+LuN7PkVC+E+BJNxdM69UXWe5f1XLm4hKYgLXvtQ5B/9JKO8I7uxKm3YeFIl6Yjq+h3KSXqHAzMYYzRf8WHZ4WQMfyjDE/rLlqvkfcB2Y5kkLb1gdbV0amUgq0DvF2/DQn8r/Ado6WD34NsX+upd3okRfYWkBtHaOt49JEcR5o29XqicN+qcxEZZrf6s2/vMXmSRVImj9FygG6w0n0YCEQYzTIezwPvYJoRG04JE/YvtZFzOC4zkV/y5OlLbMEYFhBaij02J41BvLwEtnOvoGQaSujkhelua2gd4xxaTvFuaY0iI4yYJaam4h8QX0COz0WV6MpN64yN4Kia0htz3e+BbgmTbsEPqr8wC7QOFqQ6kwSZ72Y/nXa0Ur5VNa2wV4+1fMezPKJ8MTHfZcWo+MSRFRX3T78TZ2npbQ==', '2014-02-16 14:44:24', 2, 3),
('352b9f7682cbd22666ec4a225fdf503c9b5126df', 'Gc3bj4527rhHb5R9auesN7JgpQoUmKv6fxQBdFFcjokkJHfoGigPGBvy9qp0ZiC0XbUpGwIG+yXJ/GkK9bLKr/qmZfVnaxcfbj6GVPE+ibl6LPySxwGMnpUBK6zuq+hBsAlY4gRUVLckv2m/bAArYNr/3qStLlGcnPllN4mMYHhX+RAimuShPmuaMgmkkBhVpl8Z/0Z9RQMJC6zsPDzLQk+7tsEMStiDiHXAWoshkm/51VQz31JE+a6H1h6RZXssKpQ4aVsj2wWyuoxlmLYDLlRJY3yDiPZUbfUbUKQ0OjoG/PrPcD5evnVK+VkwRAgVSxiXaGz8FdwFEeni7GT4hB0QqPQqydmOmCdz7a6+2AIzhUzX57lpS7AQybJuxnZiQr6FjKBVatSgwGZIRUyilyWS1h458jFN6a+uKDH3wKA6t50f6Hlqycneq6khKXQN+Et7XI5NsRZpaVTb+oP0G/d9EydWTMeZ+/njfHrsGiBMkjppWJ5d8xpSxvrgepnqOpEYuL5I7enY8GAf7sGMqOGZn1jnDiuq4xg2zN50fTO856KSl0RtbUO2J8eorz5tTLJxE42fKp1w9SxuFyUgkQF+aqKlwMKeeh9kiUuy7pC7FRZxyX0FZ4bAcXTvc1VAkbctVdPRc5j3HtSNzJntPkqXZUuIJPMnC25P3Z4MVvRQLCqsrkR91K38WDGRtjedei09YeBJsSoMfGqSPDFyg3xpmirHkuV8rVZdQZxGeUnGq6dPC2c/NFLWsk7wasAyYuA3lo45zdvg/QwMtGWBKRaDEShU2fZfqufc/Lbvf6giO08MCa9lWxgT7j1VxLpIXr9gyY5pM07OqaqCDsIptDhwOnXQruRkXxIv1IWQvKrVJPL+w/cgTNKANHLW5ao15QmkePzV7xaJufHvA5ghnKMczL+BmrYuwUO0Bj9cWJd0QOVNFDx861X/KOlV0d3mxFD9x/jIXJyfbI8n5xO8gJ5j0ovG3cRYLOnxM8qd/PMTnZpCV9MBXjyD9HxuJVb7HKJUBrbUesdgI7fu7KHB7a7x69nXGwXZxo4AcBb5md2oCZ3GsmLsM3tXC0Im3Y/iU4PdreBa2O1DwTG3IrnIBsAROyNpny+HIrICqiXQYFeP8/1F+w+A70OOVpYdorDoGWUUOEp3qow9pR/ggWvLG6ZPsbDfiGHTlzI/PKET/jAO+yE+3RPW+nDJ/bhkaoBiIerEQs/WHiOVbNwjGiLBAKO3gRKPPG9VacUBwssLWcgTYod7QEuKQnZQIam2qCpOcluF6dQaGKXw0szJV7oeJSluQDtEZHuuL2H/FBoIfvlXUPjzwp2Cqf1hw/aI55a9tJljUSaOSyJfzI11e2ZnimUK9R/vJBoI5U35U5cZMYE26EjtyG6a4DDE0qVZ7ODBLHmGIWFbMFv1+CpAkWrS8NCpdmq12d3O2/1CBdn19mvsvCBiEu0Px4+Me24Oelr3FSlZ24YbcPuVrB/PWYftYtVAHkouMVFg025hxg8Rjv5fFrfIIqCOQvxx2dAgXNMhngssgDoRcE/wlP9V6/+fHis2dWc2X3iTO3NWZdI3ibZmmg==', '2014-03-13 22:03:20', 2, 4),
('36fccb823f23c15638e12d903cbc97ff1205f483', 'anqyFwmdqJvfeXSXE3qxkN/aRu/jRg6Un+uWuFTddlMkJExa30hNUTtlMRbIbcjA5jTmf1NjglnDTiWYlUqrattt2uNfQi4SlPoBdSToXimyyn5mls2lmlLof2CNPb4okuc01UTXma9eNCUxROdB0mA7u084ONxLQIEDTittEXUPFB52YHSRIWRvov4xszq1ruJ4kMejU7XSzyAaDRCQQ+SOuAS46SyS5xUHWnfoN5OtOBfdljiubQJwlEiwPLPqv4yQXkTijsHwx0ut6A7rU+pmYVYla2vS/PbCIpqFeBrALhc3ZG3AGcTqz0Vakr2Nhr9yAA6XdP1BdIRT6kyDcpv4CxBKk8GAzB6Tgg+Sd9XGMnPft4QiVgcGJXopIJUanqwC8UW7dfbxN1Zr4mTDIA5OeClNEG5DzcPUkS2XdPZSVPf/YhRm1U9zyZ/BmihPaozlFsu6L3ave71MyMvLAjdnzsiVQB5xxeuS6UrMHKfGIMZI4vb1YVV4Z11ivXMeZfSFnw1D4/mXsxdQQ0aSYCwPph/cyM2OJroIOIwOOBHkshxGfTlVIFYGXmmmc+d8WfUI1zGSjMCIcsNkqXhDcBND90W6hR8Qf+CLyNKzuWRiGlY3fzqSH2b0XGCBI/p1KAzSkHB4qp772r85kJNdBGWhQypDzoZKPRH8EOdeyspwR1uQMQWy+BbaqQxONZLHHiVzeP64wgP/rSsfZH8FZx/Kb3VimHpdrg2NcNAPZ7BRnPuMSUD1BRcUdGo+HmIttp8Twz3P6wNcOzcJUJ4Fxqy2hJKjOEKhPRp4yuDb4vTOttz340WX1yeFlPIH49rcu+1po4joqS0yhruHYOVmnePAkc3+yAo8Rhy5c/7Hnnz47oZ1/6nMpqoITy6jQoOlpUhlvl1L/xHkTPbF6ZKL8RhJWOBzuBeu/5j/gi9PVMkaMNC/U1Avzy6jPRCHuYJ70p2qKgQ4282jNdEYOqQqqyqgqkuCSqND2QneW+llC/n10Cm0lMz+PoWz8JTFuNEc48m0JsUowk2Am0J9WF3QvuQLdUeainx9xngDFXHG6fCQK2TLcvfSXC3suQe3/JWqMv0P6NhJu1fBMiQO61D9nmPtuzSGc0VPQFaVx6m3lt3szZvUm+1LOtxbg5uHghVt7bxk/mRnyJpuvIVJzCRHUtKHvHz2Oj48N/EJgFHovLqPC+4jERB5hwRU5NT4SCV1nwUK5sH/mY66L7lM5EtQ0jBjrLnAYtHSV8w8eOYnhIW25RDgqYeK2Dtgf6BstR7ugOUv4TnqAPT7/8bNz5zD3HOPE1v7ZAcg0MJJKzq6gE2wQsOiusqDPpyoTv9rsbABO8fmMeE2TZeahgj3xehaKR0MIoDwaO+2OARKW9/1LSny6QaWht75k1d7F89IUJZOf/MRgI7KiUUvgHwskZdTDdK2RHDNDaX//xtH2E8q5N07BF3N0IqQ4MdhdoW8bhdLch1B0W/4gk7PYqAnofw1WmHCYMT7QHMJ6hz1VCp25tXtsbw8gk3VjREnWXTXAMugs/2x6DK5vcyczgPH4DyW6zgng7tdP8UP1C2Rw3CkzwWOqTQFtQuZ05JtzcFqN5TUz3kgIU7xXcXl3IdBahcRnv5N', '2014-03-06 21:30:29', 2, 3),
('38d2a9c0ecb2d894adc482ce3033c2410e81be68', 't1Tj5ZHfbOs7aIIxT1AWorsOoJsJZg2JFMudPd8Ka9AkJHUs6lu4l01K76BiH5rkx7W7RbYERSs6ktFVTTSYEAcQv9aneXQ/+pNLEo8NA3GSYsuM3uoa7V0zOo2VThxJ/NcPoN6qCdPnuxU0Chc4PpLM8ylRQLJJcfotsUE1f2hm1SehcNUbvwfZCsfBopZfEx0Zk1ifZjeone5Cl/ApqjAT586agHynZFGV0xEzTbJ0JzRD+TFUXpZxHZVb9uLN3QkZhO5zgJN2U6IRlhI11u8mJxYhjZSNsJEedp1br95si+GoZ18GdlHb1bCMMX4h3qP/tMnAKsddkp8tFfLng9S6VClJxfWoVnPZqnyVSMcHZlRX0a096lLO3oTeGJeUGBkTjhQccfViWI2m17VguKjmx3z6FKJMYz2fWtjqFOIJ0jrD6FT2DD9/YiVQhLDByuAQ2dv9z/JQF/HkicNn2PNi98qQ8+ssvJpc3o62yGID+7l7x1gxNU15lIA+3vh6Y8Sm/tmSMolO1iWX+MuycekCvg1fNC3FkYnXFPgisecsd/b+gjZuW60oyWMlWh0cqhU2dcclOsyCZhQvuYBO6Brqhi6KO94Q1Tc4by/Om6e9bmbnWmkX8xBRgS5+AiiEylB+QCHaMIOCdvTLNvqOigWH1i92rvLsx0pMUnmPyAAt2HIMPywpufYQ6mmweD/PW2/Lky0Yk5qJKnxVdkAd3ogISP3T+LejzN8VNjFwxU6F7Tu9q/M9kTV3HJR2QM33t99GUZ0j8mAH0uWoaerh+2EakwNBz2Sop4w/WPx/wTO1mgDBb/gT29E8Ekqt85aS9u+16VQiWC+WDG+A4Xvluzt+nCJWBBWOddX7zGXL71I0wsfWw8E8cMeYgpKZyqxmdreYeNapakGYFFIO+UOa7iJf2qUaHo3IAqkyNfuZaA+TSKNJ1zPNUt9kVmX9bdKYDlsjM9uVs8wpx7782IE6w9YbP9i7Pe0NcwmvY0tE66I6W597+vYJIThICpl7t8q/BREfoHiUgeCHL5E9I7iIwWpXBITLTZNHqe4OmUk4aQTn18gQqhv8VR6W11qY4YNvg3bCybHbtSoDatAPfnJ0OCFDmXnFmkdrwv3GSe9qw95du1lxkCSf77B8JL/Vdp1F9kY6wuVy9I6tzb+XT2sk7EM4ECHMT9h4/zTrTYwOZd5aAHrQJw7MSdue0lFG8Dsl92esVkbnSSRUndI/CH9h9l0Un7QZBp+NDgVxxyrAgG2+7HTpkjX2BqUneXGeVwZvYKSmWBDPvhspDYTeemH5L0IKA9dj8aam3MbxuhS7i6diPYgOhM9h9JlCSANP1PC5oUBEGg8g1AlZrTVEFqxqGtAI6utvUUZvrOoWNe2eTqa4OAwZijFd+gheS6WICw2ygUa8nZyg2lHPZ6izje5D6mzg76M279mtE5ysOXk7aB0JnGuQp81nsjLjvrVIvdQzkDDPo7svrG3jf1m/AKUOkLT1HHKIGwbweDOm2bQiMHgXbUVy5Z8+PhTjmn8TyIbWLVepqv+Olg1WYfzSPxUITU4krsV9sGDYyU9Ji+hh+3W+fR29tTtXRKYoXoH3UspzY4ZybmOld0oqasNAfLzMWKV+', '2014-02-16 15:57:41', 2, 3),
('3fc3c35ab5c44edcde47612fdc6b8e396008683b', 'lVdFjxmwvO3udV0+bhF8wWili3q7mrfbVYvBJuLGzmzZdDmE1cVnoljE0Y5UA06I057UdnLMfHBoFNQXZYk7A3UxlAJ//Si0XVonTPmjrKam3ByMDI7D5vu33lEt+IKuwaxypZI1iiTEXkhcyRuW6K6n9Iotw7D6eL6TtoEMWiw6EN2/2yV0gnDF1rWRKoexdbxm+oZIlLMe9CdDzzSp1/zQpFIoNUrNw8CSuhOZRmWBI9p/u/mxGz8aqB4CayIeDazKqZOnXaOlnMO+9bqWFNEVeOyoVLqzIwPo2YzaXaTHm0707YfI+HYw89GSyI2FCux0xo2JxOOMdyd3vpd1wUVSpfsh6+7FrY3LwwAD42bV02fzDOJkNV34uhjqkdgkqT74Hay4aO9j57epvmmaVYIv/Jv3lf1xe2ari9bWPQrVniB6OgklmAMYteP4UBv//14XMI416wBgFpKBuyq8XvNkqQtUp4tr/rvH8qjyAAPwAsVDu7ttvH4tFdr2LKRIWGj51kJD9zF1BIXviQ2bANe9tuYuSySrt0Neh1JU5PzTxQeSkyL6W9mXLrsHvaQq/81XAdW+6esS+q5k/aMEnluvBPAS6jZTkf0W0HOdb2vljU4BVDC+PI70E+nNJLOiu0lnbiJ1hu1vU2bRGyjoAjuRmdqPEWjoc8FOSA9H+yarmMK/i+KAWo/hpYnX72jLE7vzimj8vxIn54obCk9P18Oo3zQYYhtBHARA/9veRMw48LYaiD++4bpZbAESNvA0PBBSLA8dlMjiI7DfgdwGuqq5ZZOj+jKvCbrM2bgizBAu9Z3+Ols26u7nv/LA+CRgBzoE1aHf9U5rS8gPOKzyi6gGS4w9GsAVqJc4G/w/UD/Qu43z3JZ7pC/nRxQGq5wQfftz6SC+MVWDxEFVJzMQZUc3HnnmWHiCRb8f+0uaiwOEg4MySzpEy7GW/OXYsfGo5c2mRJ3KsxvSvOiRMYaoKLrEKW1IHSnEmVTYhzCkoNq+D1hq6RgCk3E1ErcXp8stPe6Du9Nl1pyaNzJZBT9DIxcHsyvl2q6II1PGo0NbL6udA0lwulw5+npRxH9Prp3QR+EWxYoTjTA4zR1PdOOzXrwLwrrp/s6ky3PbqIdjX3sjfyb0yy0bbt4F2X5Xg5uNUz95K7MlCrxeTnFXughdOVdrpMfMcvHIJ1WfQJRkVrBfLrFMmp9NyLkG5OMOXzxsss5mwH7XYzmYpcGQFmK+rXZ26/0O+gMMBevRUe8YqpPwmgLs8GlOOwJLN1U3GbDNbzfJ5XwlNPXhQrfMpV9G+cdzEuDAbOc5QsTNkaPS7hsmlq3paLHbd7g0onvpxUUrOSNxbek0hSozfXbPSPy/7I92dmtG97DA5tCHuait9Dc8ong+VfiY0GLwU0fahA45gX0ySRyciXRG5VnDWlDgZBAxU8pOFji3d856SBjqWzlc5g0QSsWwCxibe91RLtbLKsUoWeexAstjuD+5S/FFmvVV0YEbERnPc4cB5y7AYYs9pidRcg==', '2014-02-16 08:26:11', 2, 3),
('5280015b-5ad8-4860-8091-1ee4f70e163e', '', '2013-11-10 21:59:18', 1, 0),
('5280031b-970c-4d7f-bded-1ee4f70e163e', '{"question_agree_rate":{"1":100,"2":0,"3":33.333333333333,"4":0,"5":50,"6":50,"7":100,"8":33.333333333333,"9":100},"points_percentage":{"1":50,"2":0,"3":0,"4":0,"5":8.3333333333333,"6":8.3333333333333,"7":8.3333333333333,"8":0,"9":25}}', '2013-11-10 22:05:34', 1, 0),
('52810025-3e88-492f-b164-29b8f70e163e', '{"question_agree_rate":{"1":50,"2":25,"3":40,"4":100,"5":25,"6":25,"7":33,"8":50,"9":67},"points_percentage":{"1":13,"2":0,"3":0,"4":38,"5":0,"6":0,"7":0,"8":0,"9":50}}', '2013-11-11 16:05:17', 1, 0),
('52810830-2344-417c-958a-29b8f70e163e', '{"question_agree_rate":{"1":50,"2":25,"3":40,"4":100,"5":25,"6":25,"7":33,"8":50,"9":67},"points_percentage":{"1":15,"2":8,"3":15,"4":8,"5":8,"6":8,"7":8,"8":15,"9":15}}', '2013-11-11 16:40:08', 1, 0),
('5281090d-8c00-43ea-859a-29b8f70e163e', '{"question_agree_rate":{"1":50,"2":25,"3":40,"4":100,"5":25,"6":25,"7":33,"8":50,"9":67},"points_percentage":{"1":17,"2":6,"3":14,"4":8,"5":8,"6":8,"7":8,"8":14,"9":17}}', '2013-11-11 16:43:18', 1, 0),
('52810bd9-e3ac-423d-80f0-3267f70e163e', '{"question_agree_rate":{"1":50,"2":25,"3":40,"4":100,"5":25,"6":25,"7":33,"8":50,"9":67},"points_percentage":{"1":17,"2":6,"3":14,"4":8,"5":8,"6":8,"7":8,"8":14,"9":17}}', '2013-11-11 16:55:16', 1, 0),
('52810c4c-90f0-4172-9ce9-3167f70e163e', '{"question_agree_rate":{"1":0,"2":50,"3":40,"4":100,"5":25,"6":25,"7":33,"8":50,"9":33},"points_percentage":{"1":0,"2":19,"3":19,"4":7,"5":11,"6":11,"7":7,"8":19,"9":7}}', '2013-11-11 16:56:57', 1, 0),
('52811450-110c-4e83-a417-329bf70e163e', '{"question_agree_rate":{"1":0,"2":50,"3":40,"4":100,"5":25,"6":25,"7":33,"8":50,"9":33},"points_percentage":{"1":3,"2":14,"3":11,"4":17,"5":9,"6":9,"7":11,"8":14,"9":11}}', '2013-11-11 17:31:12', 1, 0),
('528114b9-1ed8-4b53-b67b-31e4f70e163e', '{"question_agree_rate":{"1":56,"2":29,"3":50,"4":100,"5":11,"6":29,"7":57,"8":50,"9":71},"points_percentage":{"1":14,"2":5,"3":13,"4":12,"5":4,"6":8,"7":15,"8":12,"9":17}}', '2013-11-11 17:33:24', 1, 0),
('52811ac3-ce5c-4d06-b67a-35f5f70e163e', '{"question_agree_rate":{"1":0,"2":0,"3":0,"4":0,"5":0,"6":0,"7":0,"8":0,"9":0},"points_percentage":{"1":4,"2":13,"3":0,"4":33,"5":4,"6":13,"7":13,"8":8,"9":13}}', '2013-11-11 17:59:18', 1, 0),
('52811f7f-57c0-49e2-9ed5-36c8f70e163e', '{"question_agree_rate":{"1":0,"2":0,"3":0,"4":0,"5":0,"6":0,"7":0,"8":0,"9":0},"points_percentage":{"1":11,"2":11,"3":11,"4":11,"5":11,"6":11,"7":11,"8":11,"9":11}}', '2013-11-11 18:18:51', 1, 0),
('5281313c-50b0-46bd-b0b2-3af0f70e163e', '{"question_agree_rate":{"1":0,"2":0,"3":0,"4":0,"5":0,"6":0,"7":0,"8":0,"9":0},"points_percentage":{"1":11,"2":11,"3":11,"4":12,"5":11,"6":11,"7":11,"8":11,"9":12}}', '2013-11-11 19:35:02', 1, 0),
('528131aa-e1f8-43f6-a6fc-3ab7f70e163e', '{"question_agree_rate":{"1":22,"2":14,"3":20,"4":100,"5":22,"6":29,"7":57,"8":13,"9":71},"points_percentage":{"1":8,"2":6,"3":7,"4":15,"5":8,"6":10,"7":18,"8":6,"9":21}}', '2013-11-11 19:36:28', 1, 0),
('528131e9-c560-4c3f-97ab-37daf70e163e', '{"question_agree_rate":{"1":56,"2":29,"3":50,"4":100,"5":11,"6":29,"7":57,"8":50,"9":71},"points_percentage":{"1":15,"2":6,"3":13,"4":11,"5":4,"6":7,"7":15,"8":12,"9":17}}', '2013-11-11 19:38:08', 1, 0),
('52814fcc-a7f8-4729-b03a-452bf70e163e', '{"question_agree_rate":{"1":0,"2":0,"3":0,"4":0,"5":0,"6":0,"7":0,"8":0,"9":0},"points_percentage":{"1":4,"2":13,"3":0,"4":33,"5":4,"6":13,"7":13,"8":8,"9":13}}', '2013-11-11 21:44:54', 1, 0),
('528150b2-73e4-4376-9bf9-4636f70e163e', '{"question_agree_rate":{"1":0,"2":0,"3":0,"4":0,"5":0,"6":0,"7":0,"8":0,"9":0},"points_percentage":{"1":11,"2":11,"3":11,"4":11,"5":11,"6":11,"7":11,"8":11,"9":11}}', '2013-11-11 21:48:43', 1, 0),
('528150ca-dae0-4a31-b087-41e3f70e163e', '{"question_agree_rate":{"1":0,"2":0,"3":0,"4":0,"5":0,"6":0,"7":0,"8":0,"9":0},"points_percentage":{"1":11,"2":11,"3":11,"4":12,"5":11,"6":11,"7":11,"8":11,"9":12}}', '2013-11-11 21:49:23', 1, 0),
('5281511e-9744-41b8-8bc9-452bf70e163e', '{"question_agree_rate":{"1":0,"2":0,"3":0,"4":0,"5":0,"6":0,"7":0,"8":0,"9":0},"points_percentage":{"1":11,"2":11,"3":11,"4":12,"5":11,"6":11,"7":11,"8":11,"9":12}}', '2013-11-11 21:50:41', 1, 0),
('528152a0-b870-4cb4-977a-452cf70e163e', '{"question_agree_rate":{"1":0,"2":0,"3":0,"4":0,"5":0,"6":0,"7":0,"8":0,"9":0},"points_percentage":{"1":4,"2":13,"3":0,"4":33,"5":4,"6":13,"7":13,"8":8,"9":13}}', '2013-11-11 21:57:05', 1, 0),
('52815340-6a80-4757-8540-452bf70e163e', '{"question_agree_rate":{"1":0,"2":29,"3":10,"4":100,"5":22,"6":14,"7":29,"8":25,"9":29},"points_percentage":{"1":1,"2":14,"3":5,"4":20,"5":11,"6":9,"7":14,"8":13,"9":14}}', '2013-11-11 22:02:25', 1, 0),
('5281f566-1bc4-4874-9122-4636f70e163e', '{"question_agree_rate":{"1":0,"2":0,"3":0,"4":0,"5":0,"6":0,"7":0,"8":0,"9":0},"points_percentage":{"1":11,"2":11,"3":11,"4":11,"5":11,"6":11,"7":11,"8":11,"9":11}}', '2013-11-12 09:31:27', 1, 0),
('5281f63b-e160-4f1d-94b3-452cf70e163e', '{"question_agree_rate":{"1":25,"2":0,"3":11,"4":50,"5":13,"6":17,"7":33,"8":14,"9":29},"points_percentage":{"1":15,"2":7,"3":10,"4":10,"5":10,"6":10,"7":14,"8":11,"9":14}}', '2013-11-12 09:35:03', 1, 0),
('5281f751-302c-40f9-b043-4814f70e163e', '{"question_agree_rate":{"1":0,"2":0,"3":0,"4":0,"5":0,"6":0,"7":0,"8":0,"9":0},"points_percentage":{"1":11,"2":11,"3":11,"4":11,"5":11,"6":11,"7":11,"8":11,"9":11}}', '2013-11-12 09:39:40', 1, 0),
('5281fb66-29b8-428a-9e74-452cf70e163e', '{"question_agree_rate":{"1":38,"2":33,"3":33,"4":50,"5":13,"6":33,"7":17,"8":29,"9":29},"points_percentage":{"1":16,"2":11,"3":16,"4":8,"5":7,"6":12,"7":7,"8":12,"9":11}}', '2013-11-12 09:57:07', 1, 0),
('5281fd4c-1d8c-4bd2-a754-452bf70e163e', '{"question_agree_rate":{"1":78,"2":31,"3":40,"4":100,"5":39,"6":50,"7":88,"8":53,"9":82},"points_percentage":{"1":15,"2":7,"3":9,"4":8,"5":8,"6":10,"7":17,"8":11,"9":16}}', '2013-11-12 10:06:34', 1, 0),
('5282bff5-e2a8-41bf-815b-759cf70e163e', '{"question_agree_rate":{"1":0,"2":6,"3":0,"4":67,"5":6,"6":6,"7":13,"8":6,"9":11},"points_percentage":{"1":9,"2":11,"3":8,"4":13,"5":11,"6":11,"7":13,"8":11,"9":13}}', '2013-11-12 23:56:30', 1, 0),
('5282c158-3ff4-405a-b4c7-7a37f70e163e', '{"question_agree_rate":{"1":0,"2":50,"3":0,"4":100,"5":50,"6":50,"7":100,"8":100,"9":100},"points_percentage":{"1":9,"2":11,"3":8,"4":13,"5":11,"6":11,"7":13,"8":11,"9":13}}', '2013-11-13 00:01:50', 1, 0),
('5282c1be-ba9c-494c-9aca-77c0f70e163e', '{"question_agree_rate":{"1":75,"2":30,"3":40,"4":100,"5":37,"6":51,"7":90,"8":56,"9":84},"points_percentage":{"1":15,"2":6,"3":9,"4":8,"5":8,"6":10,"7":16,"8":11,"9":17}}', '2013-11-13 00:21:24', 1, 0),
('5282cbf7-ab40-41e8-8d7e-77cff70e163e', '{"question_agree_rate":{"1":0,"2":50,"3":0,"4":100,"5":38,"6":38,"7":60,"8":60,"9":60},"points_percentage":{"1":11,"2":11,"3":7,"4":15,"5":10,"6":10,"7":12,"8":12,"9":12}}', '2013-11-13 00:47:12', 1, 0),
('5282d0bd-f55c-44cb-9d1e-79b7f70e163e', '{"question_agree_rate":{"1":73,"2":25,"3":35,"4":100,"5":44,"6":49,"7":95,"8":49,"9":91},"points_percentage":{"1":17,"2":0,"3":0,"4":19,"5":0,"6":3,"7":30,"8":3,"9":28}}', '2013-11-13 01:09:18', 1, 0),
('5282d75c-6858-4f44-80f4-79b7f70e163e', '{"question_agree_rate":{"1":20,"2":50,"3":25,"4":100,"5":38,"6":50,"7":50,"8":50,"9":38},"points_percentage":{"1":0,"2":0,"3":0,"4":100,"5":0,"6":0,"7":0,"8":0,"9":0}}', '2013-11-13 01:35:48', 1, 0),
('52833885-64f8-4e70-aa9e-79b7f70e163e', '{"question_agree_rate":{"1":70,"2":31,"3":48,"4":100,"5":30,"6":54,"7":83,"8":54,"9":78},"points_percentage":{"1":23,"2":0,"3":0,"4":7,"5":0,"6":4,"7":32,"8":4,"9":30}}', '2013-11-13 08:32:21', 1, 0),
('52834144-b074-4f62-ad7c-03d3f70e163e', '{"question_agree_rate":{"1":{"result":43,"range":7,"plus_points":3},"2":{"result":31,"range":13,"plus_points":4},"3":{"result":0,"range":13,"plus_points":0},"4":{"result":100,"range":4,"plus_points":4},"5":{"result":15,"range":13,"plus_points":2},"6":{"result":18,"range":11,"plus_points":2},"7":{"result":69,"range":13,"plus_points":9},"8":{"result":78,"range":9,"plus_points":7},"9":{"result":54,"range":13,"plus_points":7}},"points_percentage":{"1":0,"2":0,"3":0,"4":27,"5":0,"6":0,"7":33,"8":33,"9":7}}', '2013-11-13 09:07:37', 1, 0),
('528345cf-dbfc-4003-afdf-130ef70e163e', '{"question_agree_rate":{"1":{"result":0,"range":4,"points":0},"2":{"result":40,"range":10,"points":4},"3":{"result":0,"range":8,"points":0},"4":{"result":100,"range":4,"points":4},"5":{"result":25,"range":8,"points":2},"6":{"result":25,"range":8,"points":2},"7":{"result":60,"range":10,"points":6},"8":{"result":50,"range":4,"points":2},"9":{"result":40,"range":10,"points":4}},"points_percentage":{"1":{"result":0,"range":6,"points":-4},"2":{"result":0,"range":6,"points":-2},"3":{"result":0,"range":6,"points":-8},"4":{"result":67,"range":6,"points":4},"5":{"result":0,"range":6,"points":-4},"6":{"result":0,"range":6,"points":-4},"7":{"result":33,"range":6,"points":2},"8":{"result":0,"range":6,"points":0},"9":{"result":0,"range":6,"points":-2}}}', '2013-11-13 09:26:55', 1, 0),
('52834dae-9a5c-4fe2-90da-14adf70e163e', '{"question_agree_rate":{"1":{"result":57,"range":7,"plus_points":4,"minus_points":3},"2":{"result":38,"range":16,"plus_points":6,"minus_points":10},"3":{"result":29,"range":14,"plus_points":4,"minus_points":10},"4":{"result":100,"range":6,"plus_points":6,"minus_points":0},"5":{"result":50,"range":14,"plus_points":7,"minus_points":7},"6":{"result":46,"range":13,"plus_points":6,"minus_points":7},"7":{"result":100,"range":16,"plus_points":16,"minus_points":0},"8":{"result":88,"range":8,"plus_points":7,"minus_points":1},"9":{"result":81,"range":16,"plus_points":13,"minus_points":3}},"points_percentage":{"1":{"result":3,"range":39,"points":1},"2":{"result":0,"range":39,"points":-4},"3":{"result":0,"range":39,"points":-6},"4":{"result":15,"range":39,"points":6},"5":{"result":0,"range":39,"points":0},"6":{"result":0,"range":39,"points":-1},"7":{"result":41,"range":39,"points":16},"8":{"result":15,"range":39,"points":6},"9":{"result":26,"range":39,"points":10}}}', '2013-11-13 10:01:00', 1, 0),
('52835b08-d244-41f6-8c1b-1ec7f70e163e', '{"question_agree_rate":{"1":{"result":70,"range":43,"plus_points":30,"minus_points":13},"2":{"result":35,"range":40,"plus_points":14,"minus_points":26},"3":{"result":42,"range":48,"plus_points":20,"minus_points":28},"4":{"result":100,"range":9,"plus_points":9,"minus_points":0},"5":{"result":36,"range":45,"plus_points":16,"minus_points":29},"6":{"result":55,"range":42,"plus_points":23,"minus_points":19},"7":{"result":85,"range":39,"plus_points":33,"minus_points":6},"8":{"result":56,"range":39,"plus_points":22,"minus_points":17},"9":{"result":80,"range":45,"plus_points":36,"minus_points":9}},"points_percentage":{"1":{"result":19,"range":89,"points":17},"2":{"result":0,"range":89,"points":-12},"3":{"result":0,"range":89,"points":-8},"4":{"result":10,"range":89,"points":9},"5":{"result":0,"range":89,"points":-13},"6":{"result":4,"range":89,"points":4},"7":{"result":30,"range":89,"points":27},"8":{"result":6,"range":89,"points":5},"9":{"result":30,"range":89,"points":27}}}', '2013-11-13 10:58:58', 1, 0),
('52838218-e3c0-4f87-aeec-2217f70e163e', '{"question_agree_rate":{"1":{"result":0,"range":0,"plus_points":0,"minus_points":0},"2":{"result":0,"range":2,"plus_points":0,"minus_points":2},"3":{"result":0,"range":2,"plus_points":0,"minus_points":2},"4":{"result":100,"range":2,"plus_points":2,"minus_points":0},"5":{"result":0,"range":2,"plus_points":0,"minus_points":2},"6":{"result":0,"range":2,"plus_points":0,"minus_points":2},"7":{"result":100,"range":2,"plus_points":2,"minus_points":0},"8":{"result":0,"range":0,"plus_points":0,"minus_points":0},"9":{"result":100,"range":2,"plus_points":2,"minus_points":0}},"points_percentage":{"1":{"result":0,"range":6,"points":0},"2":{"result":0,"range":6,"points":-2},"3":{"result":0,"range":6,"points":-2},"4":{"result":33,"range":6,"points":2},"5":{"result":0,"range":6,"points":-2},"6":{"result":0,"range":6,"points":-2},"7":{"result":33,"range":6,"points":2},"8":{"result":0,"range":6,"points":0},"9":{"result":33,"range":6,"points":2}}}', '2013-11-13 13:43:59', 0, 0),
('52838239-be20-48a8-b9cb-1fbef70e163e', '{"question_agree_rate":{"1":{"result":0,"range":0,"plus_points":0,"minus_points":0},"2":{"result":67,"range":6,"plus_points":4,"minus_points":2},"3":{"result":0,"range":4,"plus_points":0,"minus_points":4},"4":{"result":100,"range":4,"plus_points":4,"minus_points":0},"5":{"result":50,"range":4,"plus_points":2,"minus_points":2},"6":{"result":50,"range":4,"plus_points":2,"minus_points":2},"7":{"result":67,"range":6,"plus_points":4,"minus_points":2},"8":{"result":100,"range":2,"plus_points":2,"minus_points":0},"9":{"result":67,"range":6,"plus_points":4,"minus_points":2}},"points_percentage":{"1":{"result":0,"range":12,"points":0},"2":{"result":17,"range":12,"points":2},"3":{"result":0,"range":12,"points":-4},"4":{"result":33,"range":12,"points":4},"5":{"result":0,"range":12,"points":0},"6":{"result":0,"range":12,"points":0},"7":{"result":17,"range":12,"points":2},"8":{"result":17,"range":12,"points":2},"9":{"result":17,"range":12,"points":2}}}', '2013-11-13 13:44:44', 2, 0),
('5283b2b3-9bc0-4eab-8eca-03d3f70e163e', '{"question_agree_rate":{"1":{"result":0,"range":0,"plus_points":0,"minus_points":0},"2":{"result":0,"range":2,"plus_points":0,"minus_points":2},"3":{"result":0,"range":2,"plus_points":0,"minus_points":2},"4":{"result":100,"range":2,"plus_points":2,"minus_points":0},"5":{"result":0,"range":2,"plus_points":0,"minus_points":2},"6":{"result":0,"range":2,"plus_points":0,"minus_points":2},"7":{"result":100,"range":2,"plus_points":2,"minus_points":0},"8":{"result":0,"range":0,"plus_points":0,"minus_points":0},"9":{"result":100,"range":2,"plus_points":2,"minus_points":0}},"points_percentage":{"1":{"result":0,"range":6,"points":0},"2":{"result":0,"range":6,"points":-2},"3":{"result":0,"range":6,"points":-2},"4":{"result":33,"range":6,"points":2},"5":{"result":0,"range":6,"points":-2},"6":{"result":0,"range":6,"points":-2},"7":{"result":33,"range":6,"points":2},"8":{"result":0,"range":6,"points":0},"9":{"result":33,"range":6,"points":2}}}', '2013-11-13 17:11:32', 2, 0),
('529cee1b-4058-483f-b8ee-2497f70e163e', '{"question_agree_rate":{"1":{"result":0,"range":3,"plus_points":0,"minus_points":3},"2":{"result":0,"range":3,"plus_points":0,"minus_points":3},"3":{"result":0,"range":3,"plus_points":0,"minus_points":3},"4":{"result":100,"range":3,"plus_points":3,"minus_points":0},"5":{"result":0,"range":3,"plus_points":0,"minus_points":3},"6":{"result":0,"range":3,"plus_points":0,"minus_points":3},"7":{"result":100,"range":3,"plus_points":3,"minus_points":0},"8":{"result":0,"range":0,"plus_points":0,"minus_points":0},"9":{"result":100,"range":3,"plus_points":3,"minus_points":0},"10":{"result":0,"range":0,"plus_points":0,"minus_points":0}},"points_percentage":{"1":{"result":0,"range":9,"points":-3},"2":{"result":0,"range":9,"points":-3},"3":{"result":0,"range":9,"points":-3},"4":{"result":33,"range":9,"points":3},"5":{"result":0,"range":9,"points":-3},"6":{"result":0,"range":9,"points":-3},"7":{"result":33,"range":9,"points":3},"8":{"result":0,"range":9,"points":0},"9":{"result":33,"range":9,"points":3},"10":{"result":0,"range":9,"points":0}}}', '2013-12-02 20:31:31', 2, 0),
('529cee52-c818-4a21-93bc-103bf70e163e', '{"question_agree_rate":{"1":{"result":0,"range":3,"plus_points":0,"minus_points":3},"2":{"result":67,"range":9,"plus_points":6,"minus_points":3},"3":{"result":0,"range":3,"plus_points":0,"minus_points":3},"4":{"result":100,"range":6,"plus_points":6,"minus_points":0},"5":{"result":50,"range":6,"plus_points":3,"minus_points":3},"6":{"result":50,"range":6,"plus_points":3,"minus_points":3},"7":{"result":67,"range":9,"plus_points":6,"minus_points":3},"8":{"result":100,"range":3,"plus_points":3,"minus_points":0},"9":{"result":67,"range":9,"plus_points":6,"minus_points":3},"10":{"result":0,"range":0,"plus_points":0,"minus_points":0}},"points_percentage":{"1":{"result":0,"range":18,"points":-3},"2":{"result":17,"range":18,"points":3},"3":{"result":0,"range":18,"points":-3},"4":{"result":33,"range":18,"points":6},"5":{"result":0,"range":18,"points":0},"6":{"result":0,"range":18,"points":0},"7":{"result":17,"range":18,"points":3},"8":{"result":17,"range":18,"points":3},"9":{"result":17,"range":18,"points":3},"10":{"result":0,"range":18,"points":0}}}', '2013-12-02 20:32:37', 2, 0),
('529cf940-ac20-42eb-bd56-296ef70e163e', '', '2013-12-02 21:32:07', 2, 0),
('529d0070-1b04-44bc-80c6-2cbef70e163e', '{"question_agree_rate":{"1":{"result":100,"range":3,"plus_points":3,"minus_points":0},"2":{"result":0,"range":3,"plus_points":0,"minus_points":3},"3":{"result":0,"range":3,"plus_points":0,"minus_points":3},"4":{"result":0,"range":0,"plus_points":0,"minus_points":0},"5":{"result":0,"range":3,"plus_points":0,"minus_points":3},"6":{"result":0,"range":3,"plus_points":0,"minus_points":3},"7":{"result":0,"range":0,"plus_points":0,"minus_points":0},"8":{"result":0,"range":3,"plus_points":0,"minus_points":3},"9":{"result":100,"range":3,"plus_points":3,"minus_points":0},"10":{"result":0,"range":0,"plus_points":0,"minus_points":0}},"points_percentage":{"1":{"result":50,"range":6,"points":3},"2":{"result":0,"range":6,"points":-3},"3":{"result":0,"range":6,"points":-3},"4":{"result":0,"range":6,"points":0},"5":{"result":0,"range":6,"points":-3},"6":{"result":0,"range":6,"points":-3},"7":{"result":0,"range":6,"points":0},"8":{"result":0,"range":6,"points":-3},"9":{"result":50,"range":6,"points":3},"10":{"result":0,"range":6,"points":0}}}', '2013-12-02 21:49:39', 2, 3),
('529d00e8-f4a8-4a77-8ba4-2c08f70e163e', '{"question_agree_rate":{"1":{"result":0,"range":3,"plus_points":0,"minus_points":3},"2":{"result":100,"range":3,"plus_points":3,"minus_points":0},"3":{"result":100,"range":3,"plus_points":3,"minus_points":0},"4":{"result":0,"range":0,"plus_points":0,"minus_points":0},"5":{"result":100,"range":3,"plus_points":3,"minus_points":0},"6":{"result":100,"range":3,"plus_points":3,"minus_points":0},"7":{"result":0,"range":0,"plus_points":0,"minus_points":0},"8":{"result":100,"range":3,"plus_points":3,"minus_points":0},"9":{"result":0,"range":3,"plus_points":0,"minus_points":3},"10":{"result":0,"range":0,"plus_points":0,"minus_points":0}},"points_percentage":{"1":{"result":0,"range":15,"points":-3},"2":{"result":20,"range":15,"points":3},"3":{"result":20,"range":15,"points":3},"4":{"result":0,"range":15,"points":0},"5":{"result":20,"range":15,"points":3},"6":{"result":20,"range":15,"points":3},"7":{"result":0,"range":15,"points":0},"8":{"result":20,"range":15,"points":3},"9":{"result":0,"range":15,"points":-3},"10":{"result":0,"range":15,"points":0}}}', '2013-12-02 21:51:40', 2, 3),
('529d019b-d054-4dc5-a277-2e94f70e163e', '{"question_agree_rate":{"1":{"result":100,"range":3,"plus_points":3,"minus_points":0},"2":{"result":0,"range":3,"plus_points":0,"minus_points":3},"3":{"result":100,"range":3,"plus_points":3,"minus_points":0},"4":{"result":0,"range":0,"plus_points":0,"minus_points":0},"5":{"result":0,"range":3,"plus_points":0,"minus_points":3},"6":{"result":100,"range":3,"plus_points":3,"minus_points":0},"7":{"result":0,"range":0,"plus_points":0,"minus_points":0},"8":{"result":0,"range":3,"plus_points":0,"minus_points":3},"9":{"result":100,"range":3,"plus_points":3,"minus_points":0},"10":{"result":0,"range":0,"plus_points":0,"minus_points":0}},"points_percentage":{"1":{"result":25,"range":12,"points":3},"2":{"result":0,"range":12,"points":-3},"3":{"result":25,"range":12,"points":3},"4":{"result":0,"range":12,"points":0},"5":{"result":0,"range":12,"points":-3},"6":{"result":25,"range":12,"points":3},"7":{"result":0,"range":12,"points":0},"8":{"result":0,"range":12,"points":-3},"9":{"result":25,"range":12,"points":3},"10":{"result":0,"range":12,"points":0}}}', '2013-12-02 21:54:41', 2, 4),
('529f35b0-1f54-41da-8a20-630ef70e163e', '{"question_agree_rate":{"1":{"result":0,"range":0,"plus_points":0,"minus_points":0},"2":{"result":0,"range":0,"plus_points":0,"minus_points":0},"3":{"result":0,"range":3,"plus_points":0,"minus_points":3},"4":{"result":0,"range":0,"plus_points":0,"minus_points":0},"5":{"result":0,"range":0,"plus_points":0,"minus_points":0},"6":{"result":0,"range":0,"plus_points":0,"minus_points":0},"7":{"result":0,"range":0,"plus_points":0,"minus_points":0},"8":{"result":0,"range":0,"plus_points":0,"minus_points":0},"9":{"result":0,"range":0,"plus_points":0,"minus_points":0},"10":{"result":0,"range":0,"plus_points":0,"minus_points":0}},"points_percentage":{"1":{"result":0,"range":0,"points":0},"2":{"result":0,"range":0,"points":0},"3":{"result":0,"range":0,"points":-3},"4":{"result":0,"range":0,"points":0},"5":{"result":0,"range":0,"points":0},"6":{"result":0,"range":0,"points":0},"7":{"result":0,"range":0,"points":0},"8":{"result":0,"range":0,"points":0},"9":{"result":0,"range":0,"points":0},"10":{"result":0,"range":0,"points":0}}}', '2013-12-04 14:01:24', 2, 3),
('529f35c7-8d64-40cb-aca7-630cf70e163e', '{"question_agree_rate":{"1":{"result":0,"range":0,"plus_points":0,"minus_points":0},"2":{"result":0,"range":0,"plus_points":0,"minus_points":0},"3":{"result":100,"range":3,"plus_points":3,"minus_points":0},"4":{"result":0,"range":0,"plus_points":0,"minus_points":0},"5":{"result":0,"range":0,"plus_points":0,"minus_points":0},"6":{"result":0,"range":0,"plus_points":0,"minus_points":0},"7":{"result":0,"range":0,"plus_points":0,"minus_points":0},"8":{"result":0,"range":0,"plus_points":0,"minus_points":0},"9":{"result":0,"range":0,"plus_points":0,"minus_points":0},"10":{"result":0,"range":0,"plus_points":0,"minus_points":0}},"points_percentage":{"1":{"result":0,"range":3,"points":0},"2":{"result":0,"range":3,"points":0},"3":{"result":100,"range":3,"points":3},"4":{"result":0,"range":3,"points":0},"5":{"result":0,"range":3,"points":0},"6":{"result":0,"range":3,"points":0},"7":{"result":0,"range":3,"points":0},"8":{"result":0,"range":3,"points":0},"9":{"result":0,"range":3,"points":0},"10":{"result":0,"range":3,"points":0}}}', '2013-12-04 14:01:47', 2, 3),
('529f35ed-acc4-4254-b96f-630bf70e163e', '{"question_agree_rate":{"1":{"result":0,"range":0,"plus_points":0,"minus_points":0},"2":{"result":0,"range":0,"plus_points":0,"minus_points":0},"3":{"result":0,"range":3,"plus_points":0,"minus_points":3},"4":{"result":0,"range":0,"plus_points":0,"minus_points":0},"5":{"result":0,"range":0,"plus_points":0,"minus_points":0},"6":{"result":0,"range":0,"plus_points":0,"minus_points":0},"7":{"result":0,"range":0,"plus_points":0,"minus_points":0},"8":{"result":0,"range":0,"plus_points":0,"minus_points":0},"9":{"result":0,"range":0,"plus_points":0,"minus_points":0},"10":{"result":0,"range":0,"plus_points":0,"minus_points":0}},"points_percentage":{"1":{"result":0,"range":0,"points":0},"2":{"result":0,"range":0,"points":0},"3":{"result":0,"range":0,"points":-3},"4":{"result":0,"range":0,"points":0},"5":{"result":0,"range":0,"points":0},"6":{"result":0,"range":0,"points":0},"7":{"result":0,"range":0,"points":0},"8":{"result":0,"range":0,"points":0},"9":{"result":0,"range":0,"points":0},"10":{"result":0,"range":0,"points":0}}}', '2013-12-04 14:02:26', 2, 3),
('529f35fc-b7cc-4659-9f14-06fdf70e163e', '{"question_agree_rate":{"1":{"result":100,"range":3,"plus_points":3,"minus_points":0},"2":{"result":0,"range":0,"plus_points":0,"minus_points":0},"3":{"result":0,"range":3,"plus_points":0,"minus_points":3},"4":{"result":0,"range":0,"plus_points":0,"minus_points":0},"5":{"result":0,"range":0,"plus_points":0,"minus_points":0},"6":{"result":0,"range":0,"plus_points":0,"minus_points":0},"7":{"result":0,"range":0,"plus_points":0,"minus_points":0},"8":{"result":0,"range":0,"plus_points":0,"minus_points":0},"9":{"result":0,"range":0,"plus_points":0,"minus_points":0},"10":{"result":0,"range":0,"plus_points":0,"minus_points":0}},"points_percentage":{"1":{"result":100,"range":3,"points":3},"2":{"result":0,"range":3,"points":0},"3":{"result":0,"range":3,"points":-3},"4":{"result":0,"range":3,"points":0},"5":{"result":0,"range":3,"points":0},"6":{"result":0,"range":3,"points":0},"7":{"result":0,"range":3,"points":0},"8":{"result":0,"range":3,"points":0},"9":{"result":0,"range":3,"points":0},"10":{"result":0,"range":3,"points":0}}}', '2013-12-04 14:02:40', 2, 3),
('529f8c0a-f2a4-4460-b041-0b78f70e163e', '{"question_agree_rate":{"1":{"result":100,"range":3,"plus_points":3,"minus_points":0},"2":{"result":0,"range":0,"plus_points":0,"minus_points":0},"3":{"result":0,"range":6,"plus_points":0,"minus_points":6},"4":{"result":0,"range":0,"plus_points":0,"minus_points":0},"5":{"result":0,"range":0,"plus_points":0,"minus_points":0},"6":{"result":0,"range":0,"plus_points":0,"minus_points":0},"7":{"result":0,"range":0,"plus_points":0,"minus_points":0},"8":{"result":0,"range":0,"plus_points":0,"minus_points":0},"9":{"result":0,"range":0,"plus_points":0,"minus_points":0},"10":{"result":0,"range":0,"plus_points":0,"minus_points":0}},"points_percentage":{"1":{"result":100,"range":3,"points":3},"2":{"result":0,"range":3,"points":0},"3":{"result":0,"range":3,"points":-6},"4":{"result":0,"range":3,"points":0},"5":{"result":0,"range":3,"points":0},"6":{"result":0,"range":3,"points":0},"7":{"result":0,"range":3,"points":0},"8":{"result":0,"range":3,"points":0},"9":{"result":0,"range":3,"points":0},"10":{"result":0,"range":3,"points":0}}}', '2013-12-04 20:09:50', 2, 3),
('529f8efe-1468-42c0-b1dc-1472f70e163e', '{"question_agree_rate":{"1":{"result":100,"range":3,"plus_points":3,"minus_points":0},"2":{"result":0,"range":0,"plus_points":0,"minus_points":0},"3":{"result":0,"range":6,"plus_points":0,"minus_points":6},"4":{"result":0,"range":0,"plus_points":0,"minus_points":0},"5":{"result":0,"range":0,"plus_points":0,"minus_points":0},"6":{"result":0,"range":0,"plus_points":0,"minus_points":0},"7":{"result":0,"range":0,"plus_points":0,"minus_points":0},"8":{"result":0,"range":0,"plus_points":0,"minus_points":0},"9":{"result":0,"range":0,"plus_points":0,"minus_points":0},"10":{"result":0,"range":0,"plus_points":0,"minus_points":0}},"points_percentage":{"1":{"result":100,"range":3,"points":3},"2":{"result":0,"range":3,"points":0},"3":{"result":0,"range":3,"points":-6},"4":{"result":0,"range":3,"points":0},"5":{"result":0,"range":3,"points":0},"6":{"result":0,"range":3,"points":0},"7":{"result":0,"range":3,"points":0},"8":{"result":0,"range":3,"points":0},"9":{"result":0,"range":3,"points":0},"10":{"result":0,"range":3,"points":0}}}', '2013-12-04 20:22:26', 2, 3),
('529f90d3-025c-4cc6-92cd-1232f70e163e', '{"question_agree_rate":{"1":{"result":0,"range":3,"plus_points":0,"minus_points":3},"2":{"result":0,"range":0,"plus_points":0,"minus_points":0},"3":{"result":0,"range":6,"plus_points":0,"minus_points":6},"4":{"result":0,"range":0,"plus_points":0,"minus_points":0},"5":{"result":0,"range":0,"plus_points":0,"minus_points":0},"6":{"result":0,"range":0,"plus_points":0,"minus_points":0},"7":{"result":0,"range":0,"plus_points":0,"minus_points":0},"8":{"result":0,"range":0,"plus_points":0,"minus_points":0},"9":{"result":0,"range":0,"plus_points":0,"minus_points":0},"10":{"result":0,"range":0,"plus_points":0,"minus_points":0}},"points_percentage":{"1":{"result":0,"range":0,"points":-3},"2":{"result":0,"range":0,"points":0},"3":{"result":0,"range":0,"points":-6},"4":{"result":0,"range":0,"points":0},"5":{"result":0,"range":0,"points":0},"6":{"result":0,"range":0,"points":0},"7":{"result":0,"range":0,"points":0},"8":{"result":0,"range":0,"points":0},"9":{"result":0,"range":0,"points":0},"10":{"result":0,"range":0,"points":0}}}', '2013-12-04 20:30:15', 2, 3),
('529f9103-5b14-4e32-8bd9-08b3f70e163e', '{"question_agree_rate":{"1":{"result":100,"range":3,"plus_points":3,"minus_points":0},"2":{"result":0,"range":0,"plus_points":0,"minus_points":0},"3":{"result":0,"range":6,"plus_points":0,"minus_points":6},"4":{"result":0,"range":0,"plus_points":0,"minus_points":0},"5":{"result":0,"range":0,"plus_points":0,"minus_points":0},"6":{"result":0,"range":0,"plus_points":0,"minus_points":0},"7":{"result":0,"range":0,"plus_points":0,"minus_points":0},"8":{"result":0,"range":0,"plus_points":0,"minus_points":0},"9":{"result":0,"range":0,"plus_points":0,"minus_points":0},"10":{"result":0,"range":0,"plus_points":0,"minus_points":0}},"points_percentage":{"1":{"result":100,"range":3,"points":3},"2":{"result":0,"range":3,"points":0},"3":{"result":0,"range":3,"points":-6},"4":{"result":0,"range":3,"points":0},"5":{"result":0,"range":3,"points":0},"6":{"result":0,"range":3,"points":0},"7":{"result":0,"range":3,"points":0},"8":{"result":0,"range":3,"points":0},"9":{"result":0,"range":3,"points":0},"10":{"result":0,"range":3,"points":0}}}', '2013-12-04 20:31:03', 2, 3),
('52a0c7eb-dd98-438b-82ad-4f48f70e163e', '{"question_agree_rate":{"1":{"result":100,"range":3,"plus_points":3,"minus_points":0},"2":{"result":0,"range":0,"plus_points":0,"minus_points":0},"3":{"result":0,"range":6,"plus_points":0,"minus_points":6},"4":{"result":0,"range":0,"plus_points":0,"minus_points":0},"5":{"result":0,"range":0,"plus_points":0,"minus_points":0},"6":{"result":0,"range":0,"plus_points":0,"minus_points":0},"7":{"result":0,"range":0,"plus_points":0,"minus_points":0},"8":{"result":0,"range":0,"plus_points":0,"minus_points":0},"9":{"result":0,"range":0,"plus_points":0,"minus_points":0},"10":{"result":0,"range":0,"plus_points":0,"minus_points":0},"11":{"result":0,"range":0,"plus_points":0,"minus_points":0},"12":{"result":0,"range":0,"plus_points":0,"minus_points":0}},"points_percentage":{"1":{"result":100,"range":3,"points":3},"2":{"result":0,"range":3,"points":0},"3":{"result":0,"range":3,"points":-6},"4":{"result":0,"range":3,"points":0},"5":{"result":0,"range":3,"points":0},"6":{"result":0,"range":3,"points":0},"7":{"result":0,"range":3,"points":0},"8":{"result":0,"range":3,"points":0},"9":{"result":0,"range":3,"points":0},"10":{"result":0,"range":3,"points":0},"11":{"result":0,"range":3,"points":0},"12":{"result":0,"range":3,"points":0}}}', '2013-12-05 18:37:36', 2, 3),
('52a0c8f8-db0c-4f80-b732-4157f70e163e', '{"question_agree_rate":{"1":{"result":100,"range":3,"plus_points":3,"minus_points":0},"2":{"result":0,"range":0,"plus_points":0,"minus_points":0},"3":{"result":0,"range":6,"plus_points":0,"minus_points":6},"4":{"result":0,"range":0,"plus_points":0,"minus_points":0},"5":{"result":0,"range":0,"plus_points":0,"minus_points":0},"6":{"result":0,"range":0,"plus_points":0,"minus_points":0},"7":{"result":0,"range":0,"plus_points":0,"minus_points":0},"8":{"result":0,"range":0,"plus_points":0,"minus_points":0},"9":{"result":0,"range":0,"plus_points":0,"minus_points":0},"10":{"result":0,"range":0,"plus_points":0,"minus_points":0},"11":{"result":0,"range":0,"plus_points":0,"minus_points":0},"12":{"result":0,"range":0,"plus_points":0,"minus_points":0}},"points_percentage":{"1":{"result":100,"range":3,"points":3},"2":{"result":0,"range":3,"points":0},"3":{"result":0,"range":3,"points":-6},"4":{"result":0,"range":3,"points":0},"5":{"result":0,"range":3,"points":0},"6":{"result":0,"range":3,"points":0},"7":{"result":0,"range":3,"points":0},"8":{"result":0,"range":3,"points":0},"9":{"result":0,"range":3,"points":0},"10":{"result":0,"range":3,"points":0},"11":{"result":0,"range":3,"points":0},"12":{"result":0,"range":3,"points":0}}}', '2013-12-05 18:42:04', 2, 3),
('52a0c989-4d58-44b8-81ca-7408f70e163e', '{"question_agree_rate":{"1":{"result":100,"range":3,"plus_points":3,"minus_points":0},"2":{"result":0,"range":0,"plus_points":0,"minus_points":0},"3":{"result":0,"range":6,"plus_points":0,"minus_points":6},"4":{"result":0,"range":0,"plus_points":0,"minus_points":0},"5":{"result":0,"range":0,"plus_points":0,"minus_points":0},"6":{"result":0,"range":0,"plus_points":0,"minus_points":0},"7":{"result":0,"range":0,"plus_points":0,"minus_points":0},"8":{"result":0,"range":0,"plus_points":0,"minus_points":0},"9":{"result":0,"range":0,"plus_points":0,"minus_points":0}},"points_percentage":{"1":{"result":100,"range":3,"points":3},"2":{"result":0,"range":3,"points":0},"3":{"result":0,"range":3,"points":-6},"4":{"result":0,"range":3,"points":0},"5":{"result":0,"range":3,"points":0},"6":{"result":0,"range":3,"points":0},"7":{"result":0,"range":3,"points":0},"8":{"result":0,"range":3,"points":0},"9":{"result":0,"range":3,"points":0}}}', '2013-12-05 18:44:29', 2, 3),
('52a0cacf-7b28-4618-a312-4f63f70e163e', '{"question_agree_rate":{"1":{"result":100,"range":3,"plus_points":3,"minus_points":0},"2":{"result":0,"range":0,"plus_points":0,"minus_points":0},"3":{"result":0,"range":6,"plus_points":0,"minus_points":6},"4":{"result":0,"range":0,"plus_points":0,"minus_points":0},"5":{"result":0,"range":0,"plus_points":0,"minus_points":0},"6":{"result":0,"range":0,"plus_points":0,"minus_points":0},"7":{"result":0,"range":0,"plus_points":0,"minus_points":0},"8":{"result":0,"range":0,"plus_points":0,"minus_points":0},"9":{"result":0,"range":0,"plus_points":0,"minus_points":0}},"points_percentage":{"1":{"result":100,"range":3,"points":3},"2":{"result":0,"range":3,"points":0},"3":{"result":0,"range":3,"points":-6},"4":{"result":0,"range":3,"points":0},"5":{"result":0,"range":3,"points":0},"6":{"result":0,"range":3,"points":0},"7":{"result":0,"range":3,"points":0},"8":{"result":0,"range":3,"points":0},"9":{"result":0,"range":3,"points":0}}}', '2013-12-05 18:49:56', 2, 3),
('52a0de32-f0a4-4f5b-8f7b-527cf70e163e', '{"question_agree_rate":{"1":{"result":100,"range":3,"plus_points":3,"minus_points":0},"2":{"result":0,"range":0,"plus_points":0,"minus_points":0},"3":{"result":0,"range":6,"plus_points":0,"minus_points":6},"4":{"result":0,"range":0,"plus_points":0,"minus_points":0},"5":{"result":0,"range":0,"plus_points":0,"minus_points":0},"6":{"result":0,"range":0,"plus_points":0,"minus_points":0},"7":{"result":0,"range":0,"plus_points":0,"minus_points":0},"8":{"result":0,"range":0,"plus_points":0,"minus_points":0},"9":{"result":0,"range":0,"plus_points":0,"minus_points":0}},"points_percentage":{"1":{"result":100,"range":3,"points":3},"2":{"result":0,"range":3,"points":0},"3":{"result":0,"range":3,"points":-6},"4":{"result":0,"range":3,"points":0},"5":{"result":0,"range":3,"points":0},"6":{"result":0,"range":3,"points":0},"7":{"result":0,"range":3,"points":0},"8":{"result":0,"range":3,"points":0},"9":{"result":0,"range":3,"points":0}}}', '2013-12-05 20:12:38', 2, 3),
('52a0de3e-a628-462d-92ca-5387f70e163e', '{"question_agree_rate":{"1":{"result":0,"range":3,"plus_points":0,"minus_points":3},"2":{"result":0,"range":0,"plus_points":0,"minus_points":0},"3":{"result":100,"range":6,"plus_points":6,"minus_points":0},"4":{"result":0,"range":0,"plus_points":0,"minus_points":0},"5":{"result":0,"range":0,"plus_points":0,"minus_points":0},"6":{"result":0,"range":0,"plus_points":0,"minus_points":0},"7":{"result":0,"range":0,"plus_points":0,"minus_points":0},"8":{"result":0,"range":0,"plus_points":0,"minus_points":0},"9":{"result":0,"range":0,"plus_points":0,"minus_points":0}},"points_percentage":{"1":{"result":0,"range":6,"points":-3},"2":{"result":0,"range":6,"points":0},"3":{"result":100,"range":6,"points":6},"4":{"result":0,"range":6,"points":0},"5":{"result":0,"range":6,"points":0},"6":{"result":0,"range":6,"points":0},"7":{"result":0,"range":6,"points":0},"8":{"result":0,"range":6,"points":0},"9":{"result":0,"range":6,"points":0}}}', '2013-12-05 20:12:50', 2, 3),
('52a0e05c-186c-4fe2-b29f-51baf70e163e', '{"question_agree_rate":{"1":{"result":0,"range":0,"plus_points":0,"minus_points":0},"2":{"result":0,"range":0,"plus_points":0,"minus_points":0},"3":{"result":0,"range":0,"plus_points":0,"minus_points":0},"4":{"result":0,"range":3,"plus_points":0,"minus_points":3},"5":{"result":0,"range":0,"plus_points":0,"minus_points":0},"6":{"result":0,"range":0,"plus_points":0,"minus_points":0},"7":{"result":0,"range":0,"plus_points":0,"minus_points":0},"8":{"result":0,"range":0,"plus_points":0,"minus_points":0},"9":{"result":0,"range":0,"plus_points":0,"minus_points":0}},"points_percentage":{"1":{"result":0,"range":0,"points":0},"2":{"result":0,"range":0,"points":0},"3":{"result":0,"range":0,"points":0},"4":{"result":0,"range":0,"points":-3},"5":{"result":0,"range":0,"points":0},"6":{"result":0,"range":0,"points":0},"7":{"result":0,"range":0,"points":0},"8":{"result":0,"range":0,"points":0},"9":{"result":0,"range":0,"points":0}}}', '2013-12-05 20:22:01', 2, 0),
('52a49af7-eadc-4a41-8f9b-7d4df70e163e', '{"question_agree_rate":{"1":{"result":100,"range":3,"plus_points":3,"minus_points":0},"2":{"result":0,"range":0,"plus_points":0,"minus_points":0},"3":{"result":0,"range":6,"plus_points":0,"minus_points":6},"4":{"result":0,"range":0,"plus_points":0,"minus_points":0},"5":{"result":0,"range":0,"plus_points":0,"minus_points":0},"6":{"result":0,"range":0,"plus_points":0,"minus_points":0},"7":{"result":0,"range":0,"plus_points":0,"minus_points":0},"8":{"result":0,"range":0,"plus_points":0,"minus_points":0},"9":{"result":0,"range":0,"plus_points":0,"minus_points":0}},"points_percentage":{"1":{"result":100,"range":3,"points":3},"2":{"result":0,"range":3,"points":0},"3":{"result":0,"range":3,"points":-6},"4":{"result":0,"range":3,"points":0},"5":{"result":0,"range":3,"points":0},"6":{"result":0,"range":3,"points":0},"7":{"result":0,"range":3,"points":0},"8":{"result":0,"range":3,"points":0},"9":{"result":0,"range":3,"points":0}}}', '2013-12-08 16:14:56', 2, 3);
INSERT INTO `quiz_results` (`id`, `data`, `created`, `version`, `quiz_id`) VALUES
('52a49be2-c51c-4683-982f-7d76f70e163e', '{"question_agree_rate":{"1":{"result":0,"range":0,"plus_points":0,"minus_points":0},"2":{"result":0,"range":0,"plus_points":0,"minus_points":0},"3":{"result":0,"range":0,"plus_points":0,"minus_points":0},"4":{"result":0,"range":0,"plus_points":0,"minus_points":0},"5":{"result":0,"range":0,"plus_points":0,"minus_points":0},"6":{"result":0,"range":0,"plus_points":0,"minus_points":0},"7":{"result":0,"range":0,"plus_points":0,"minus_points":0},"8":{"result":0,"range":0,"plus_points":0,"minus_points":0},"9":{"result":100,"range":3,"plus_points":3,"minus_points":0}},"points_percentage":{"1":{"result":0,"range":3,"points":0},"2":{"result":0,"range":3,"points":0},"3":{"result":0,"range":3,"points":0},"4":{"result":0,"range":3,"points":0},"5":{"result":0,"range":3,"points":0},"6":{"result":0,"range":3,"points":0},"7":{"result":0,"range":3,"points":0},"8":{"result":0,"range":3,"points":0},"9":{"result":100,"range":3,"points":3}}}', '2013-12-08 16:19:10', 2, 4),
('52a49c1a-329c-44cf-ab9a-06f3f70e163e', '{"question_agree_rate":{"1":{"result":0,"range":0,"plus_points":0,"minus_points":0},"2":{"result":0,"range":0,"plus_points":0,"minus_points":0},"3":{"result":0,"range":0,"plus_points":0,"minus_points":0},"4":{"result":0,"range":0,"plus_points":0,"minus_points":0},"5":{"result":0,"range":0,"plus_points":0,"minus_points":0},"6":{"result":0,"range":0,"plus_points":0,"minus_points":0},"7":{"result":0,"range":0,"plus_points":0,"minus_points":0},"8":{"result":0,"range":0,"plus_points":0,"minus_points":0},"9":{"result":0,"range":3,"plus_points":0,"minus_points":3}},"points_percentage":{"1":{"result":0,"range":0,"points":0},"2":{"result":0,"range":0,"points":0},"3":{"result":0,"range":0,"points":0},"4":{"result":0,"range":0,"points":0},"5":{"result":0,"range":0,"points":0},"6":{"result":0,"range":0,"points":0},"7":{"result":0,"range":0,"points":0},"8":{"result":0,"range":0,"points":0},"9":{"result":0,"range":0,"points":-3}}}', '2013-12-08 16:19:47', 2, 4),
('52a49c7f-1784-4212-82a3-0b21f70e163e', '{"question_agree_rate":{"1":{"result":0,"range":0,"plus_points":0,"minus_points":0},"2":{"result":0,"range":0,"plus_points":0,"minus_points":0},"3":{"result":0,"range":0,"plus_points":0,"minus_points":0},"4":{"result":0,"range":0,"plus_points":0,"minus_points":0},"5":{"result":0,"range":0,"plus_points":0,"minus_points":0},"6":{"result":0,"range":0,"plus_points":0,"minus_points":0},"7":{"result":0,"range":0,"plus_points":0,"minus_points":0},"8":{"result":0,"range":0,"plus_points":0,"minus_points":0},"9":{"result":100,"range":3,"plus_points":3,"minus_points":0}},"points_percentage":{"1":{"result":0,"range":3,"points":0},"2":{"result":0,"range":3,"points":0},"3":{"result":0,"range":3,"points":0},"4":{"result":0,"range":3,"points":0},"5":{"result":0,"range":3,"points":0},"6":{"result":0,"range":3,"points":0},"7":{"result":0,"range":3,"points":0},"8":{"result":0,"range":3,"points":0},"9":{"result":100,"range":3,"points":3}}}', '2013-12-08 16:21:27', 2, 4),
('52a49c97-8cf0-45d3-9147-09ecf70e163e', '{"question_agree_rate":{"1":{"result":0,"range":0,"plus_points":0,"minus_points":0},"2":{"result":0,"range":0,"plus_points":0,"minus_points":0},"3":{"result":0,"range":0,"plus_points":0,"minus_points":0},"4":{"result":0,"range":0,"plus_points":0,"minus_points":0},"5":{"result":0,"range":0,"plus_points":0,"minus_points":0},"6":{"result":0,"range":0,"plus_points":0,"minus_points":0},"7":{"result":0,"range":0,"plus_points":0,"minus_points":0},"8":{"result":0,"range":0,"plus_points":0,"minus_points":0},"9":{"result":0,"range":3,"plus_points":0,"minus_points":3}},"points_percentage":{"1":{"result":0,"range":0,"points":0},"2":{"result":0,"range":0,"points":0},"3":{"result":0,"range":0,"points":0},"4":{"result":0,"range":0,"points":0},"5":{"result":0,"range":0,"points":0},"6":{"result":0,"range":0,"points":0},"7":{"result":0,"range":0,"points":0},"8":{"result":0,"range":0,"points":0},"9":{"result":0,"range":0,"points":-3}}}', '2013-12-08 16:21:52', 2, 4),
('52a49e8e-a654-4bfb-8956-0bb7f70e163e', '{"question_agree_rate":{"1":{"result":67,"range":9,"plus_points":6,"minus_points":3},"2":{"result":25,"range":12,"plus_points":3,"minus_points":9},"3":{"result":33,"range":9,"plus_points":3,"minus_points":6},"4":{"result":100,"range":3,"plus_points":3,"minus_points":0},"5":{"result":75,"range":12,"plus_points":9,"minus_points":3},"6":{"result":50,"range":12,"plus_points":6,"minus_points":6},"7":{"result":100,"range":9,"plus_points":9,"minus_points":0},"8":{"result":33,"range":9,"plus_points":3,"minus_points":6},"9":{"result":75,"range":12,"plus_points":9,"minus_points":3}},"points_percentage":{"1":{"result":11,"range":27,"points":3},"2":{"result":0,"range":27,"points":-6},"3":{"result":0,"range":27,"points":-3},"4":{"result":11,"range":27,"points":3},"5":{"result":22,"range":27,"points":6},"6":{"result":0,"range":27,"points":0},"7":{"result":33,"range":27,"points":9},"8":{"result":0,"range":27,"points":-3},"9":{"result":22,"range":27,"points":6}}}', '2013-12-08 16:30:13', 2, 4),
('52a4b5d3-6a04-4528-bc66-14e0f70e163e', '{"question_agree_rate":{"1":{"result":67,"range":9,"plus_points":6,"minus_points":3},"2":{"result":25,"range":12,"plus_points":3,"minus_points":9},"3":{"result":33,"range":9,"plus_points":3,"minus_points":6},"9":{"result":75,"range":12,"plus_points":9,"minus_points":3},"4":{"result":100,"range":3,"plus_points":3,"minus_points":0},"5":{"result":75,"range":12,"plus_points":9,"minus_points":3},"7":{"result":100,"range":9,"plus_points":9,"minus_points":0},"8":{"result":33,"range":9,"plus_points":3,"minus_points":6},"6":{"result":50,"range":12,"plus_points":6,"minus_points":6}},"points_percentage":{"1":{"result":11,"range":27,"points":3},"2":{"result":0,"range":27,"points":-6},"3":{"result":0,"range":27,"points":-3},"9":{"result":22,"range":27,"points":6},"4":{"result":11,"range":27,"points":3},"5":{"result":22,"range":27,"points":6},"7":{"result":33,"range":27,"points":9},"8":{"result":0,"range":27,"points":-3},"6":{"result":0,"range":27,"points":0}}}', '2013-12-08 18:09:31', 2, 4),
('52a5b7c9-7604-40be-8c56-4154f70e163e', '{"question_agree_rate":{"1":{"result":0,"range":0,"plus_points":0,"minus_points":0},"2":{"result":0,"range":0,"plus_points":0,"minus_points":0},"3":{"result":0,"range":0,"plus_points":0,"minus_points":0},"9":{"result":0,"range":0,"plus_points":0,"minus_points":0},"4":{"result":0,"range":0,"plus_points":0,"minus_points":0},"5":{"result":0,"range":0,"plus_points":0,"minus_points":0},"7":{"result":0,"range":0,"plus_points":0,"minus_points":0},"8":{"result":0,"range":0,"plus_points":0,"minus_points":0},"6":{"result":0,"range":0,"plus_points":0,"minus_points":0},"11":{"result":0,"range":0,"plus_points":0,"minus_points":0},"10":{"result":0,"range":0,"plus_points":0,"minus_points":0}},"points_percentage":{"1":{"result":0,"range":0,"points":0},"2":{"result":0,"range":0,"points":0},"3":{"result":0,"range":0,"points":0},"9":{"result":0,"range":0,"points":0},"4":{"result":0,"range":0,"points":0},"5":{"result":0,"range":0,"points":0},"7":{"result":0,"range":0,"points":0},"8":{"result":0,"range":0,"points":0},"6":{"result":0,"range":0,"points":0},"11":{"result":0,"range":0,"points":0},"10":{"result":0,"range":0,"points":0}}}', '2013-12-09 12:30:15', 2, 0),
('52a5b7ee-e8b0-4719-bc90-4af4f70e163e', '{"question_agree_rate":{"1":{"result":100,"range":3,"plus_points":3,"minus_points":0},"2":{"result":0,"range":3,"plus_points":0,"minus_points":3},"3":{"result":0,"range":3,"plus_points":0,"minus_points":3},"9":{"result":100,"range":3,"plus_points":3,"minus_points":0},"4":{"result":0,"range":0,"plus_points":0,"minus_points":0},"5":{"result":100,"range":3,"plus_points":3,"minus_points":0},"7":{"result":100,"range":3,"plus_points":3,"minus_points":0},"8":{"result":0,"range":3,"plus_points":0,"minus_points":3},"6":{"result":0,"range":3,"plus_points":0,"minus_points":3},"11":{"result":0,"range":0,"plus_points":0,"minus_points":0},"10":{"result":0,"range":0,"plus_points":0,"minus_points":0}},"points_percentage":{"1":{"result":25,"range":12,"points":3},"2":{"result":0,"range":12,"points":-3},"3":{"result":0,"range":12,"points":-3},"9":{"result":25,"range":12,"points":3},"4":{"result":0,"range":12,"points":0},"5":{"result":25,"range":12,"points":3},"7":{"result":25,"range":12,"points":3},"8":{"result":0,"range":12,"points":-3},"6":{"result":0,"range":12,"points":-3},"11":{"result":0,"range":12,"points":0},"10":{"result":0,"range":12,"points":0}}}', '2013-12-09 12:30:43', 2, 4),
('52a5b8b1-7da8-4430-b54b-369af70e163e', '{"question_agree_rate":{"1":{"result":0,"range":0,"plus_points":0,"minus_points":0},"2":{"result":0,"range":0,"plus_points":0,"minus_points":0},"3":{"result":0,"range":0,"plus_points":0,"minus_points":0},"9":{"result":0,"range":0,"plus_points":0,"minus_points":0},"4":{"result":0,"range":0,"plus_points":0,"minus_points":0},"5":{"result":0,"range":0,"plus_points":0,"minus_points":0},"7":{"result":0,"range":0,"plus_points":0,"minus_points":0},"8":{"result":0,"range":0,"plus_points":0,"minus_points":0},"6":{"result":0,"range":0,"plus_points":0,"minus_points":0},"11":{"result":0,"range":0,"plus_points":0,"minus_points":0},"10":{"result":0,"range":0,"plus_points":0,"minus_points":0}},"points_percentage":{"1":{"result":0,"range":0,"points":0},"2":{"result":0,"range":0,"points":0},"3":{"result":0,"range":0,"points":0},"9":{"result":0,"range":0,"points":0},"4":{"result":0,"range":0,"points":0},"5":{"result":0,"range":0,"points":0},"7":{"result":0,"range":0,"points":0},"8":{"result":0,"range":0,"points":0},"6":{"result":0,"range":0,"points":0},"11":{"result":0,"range":0,"points":0},"10":{"result":0,"range":0,"points":0}}}', '2013-12-09 12:34:07', 2, 0),
('52a5ba1f-cc34-4261-b517-3a88f70e163e', '{"question_agree_rate":{"1":{"result":0,"range":0,"plus_points":0,"minus_points":0},"2":{"result":0,"range":0,"plus_points":0,"minus_points":0},"3":{"result":0,"range":0,"plus_points":0,"minus_points":0},"9":{"result":0,"range":0,"plus_points":0,"minus_points":0},"4":{"result":0,"range":0,"plus_points":0,"minus_points":0},"5":{"result":0,"range":0,"plus_points":0,"minus_points":0},"7":{"result":0,"range":0,"plus_points":0,"minus_points":0},"8":{"result":0,"range":0,"plus_points":0,"minus_points":0},"6":{"result":0,"range":0,"plus_points":0,"minus_points":0},"11":{"result":0,"range":0,"plus_points":0,"minus_points":0},"10":{"result":0,"range":0,"plus_points":0,"minus_points":0}},"points_percentage":{"1":{"result":0,"range":0,"points":0},"2":{"result":0,"range":0,"points":0},"3":{"result":0,"range":0,"points":0},"9":{"result":0,"range":0,"points":0},"4":{"result":0,"range":0,"points":0},"5":{"result":0,"range":0,"points":0},"7":{"result":0,"range":0,"points":0},"8":{"result":0,"range":0,"points":0},"6":{"result":0,"range":0,"points":0},"11":{"result":0,"range":0,"points":0},"10":{"result":0,"range":0,"points":0}}}', '2013-12-09 12:40:15', 2, 0),
('52a5bc9f-ca0c-4684-874a-59e4f70e163e', '{"question_agree_rate":{"1":{"result":0,"range":3,"plus_points":0,"minus_points":3},"2":{"result":0,"range":3,"plus_points":0,"minus_points":3},"3":{"result":0,"range":3,"plus_points":0,"minus_points":3},"9":{"result":100,"range":3,"plus_points":3,"minus_points":0},"4":{"result":100,"range":3,"plus_points":3,"minus_points":0},"5":{"result":0,"range":3,"plus_points":0,"minus_points":3},"7":{"result":100,"range":3,"plus_points":3,"minus_points":0},"8":{"result":0,"range":0,"plus_points":0,"minus_points":0},"6":{"result":0,"range":3,"plus_points":0,"minus_points":3},"11":{"result":0,"range":0,"plus_points":0,"minus_points":0},"10":{"result":0,"range":0,"plus_points":0,"minus_points":0}},"points_percentage":{"1":{"result":0,"range":9,"points":-3},"2":{"result":0,"range":9,"points":-3},"3":{"result":0,"range":9,"points":-3},"9":{"result":33,"range":9,"points":3},"4":{"result":33,"range":9,"points":3},"5":{"result":0,"range":9,"points":-3},"7":{"result":33,"range":9,"points":3},"8":{"result":0,"range":9,"points":0},"6":{"result":0,"range":9,"points":-3},"11":{"result":0,"range":9,"points":0},"10":{"result":0,"range":9,"points":0}}}', '2013-12-09 12:50:52', 2, 0),
('52a63628-620c-4682-907b-1198f70e163e', '{"question_agree_rate":{"1":{"result":100,"range":3,"plus_points":3,"minus_points":0},"2":{"result":0,"range":3,"plus_points":0,"minus_points":3},"3":{"result":0,"range":3,"plus_points":0,"minus_points":3},"9":{"result":100,"range":3,"plus_points":3,"minus_points":0},"4":{"result":0,"range":0,"plus_points":0,"minus_points":0},"5":{"result":100,"range":3,"plus_points":3,"minus_points":0},"7":{"result":100,"range":3,"plus_points":3,"minus_points":0},"8":{"result":0,"range":3,"plus_points":0,"minus_points":3},"6":{"result":0,"range":3,"plus_points":0,"minus_points":3},"11":{"result":0,"range":0,"plus_points":0,"minus_points":0},"10":{"result":0,"range":0,"plus_points":0,"minus_points":0}},"points_percentage":{"1":{"result":25,"range":12,"points":3},"2":{"result":0,"range":12,"points":-3},"3":{"result":0,"range":12,"points":-3},"9":{"result":25,"range":12,"points":3},"4":{"result":0,"range":12,"points":0},"5":{"result":25,"range":12,"points":3},"7":{"result":25,"range":12,"points":3},"8":{"result":0,"range":12,"points":-3},"6":{"result":0,"range":12,"points":-3},"11":{"result":0,"range":12,"points":0},"10":{"result":0,"range":12,"points":0}}}', '2013-12-09 21:29:16', 2, 4),
('52a63633-2490-4e46-975c-1198f70e163e', '{"question_agree_rate":{"1":{"result":0,"range":3,"plus_points":0,"minus_points":3},"2":{"result":100,"range":3,"plus_points":3,"minus_points":0},"3":{"result":100,"range":3,"plus_points":3,"minus_points":0},"9":{"result":0,"range":3,"plus_points":0,"minus_points":3},"4":{"result":0,"range":0,"plus_points":0,"minus_points":0},"5":{"result":0,"range":3,"plus_points":0,"minus_points":3},"7":{"result":0,"range":3,"plus_points":0,"minus_points":3},"8":{"result":100,"range":3,"plus_points":3,"minus_points":0},"6":{"result":100,"range":3,"plus_points":3,"minus_points":0},"11":{"result":0,"range":0,"plus_points":0,"minus_points":0},"10":{"result":0,"range":0,"plus_points":0,"minus_points":0}},"points_percentage":{"1":{"result":0,"range":12,"points":-3},"2":{"result":25,"range":12,"points":3},"3":{"result":25,"range":12,"points":3},"9":{"result":0,"range":12,"points":-3},"4":{"result":0,"range":12,"points":0},"5":{"result":0,"range":12,"points":-3},"7":{"result":0,"range":12,"points":-3},"8":{"result":25,"range":12,"points":3},"6":{"result":25,"range":12,"points":3},"11":{"result":0,"range":12,"points":0},"10":{"result":0,"range":12,"points":0}}}', '2013-12-09 21:29:28', 2, 4),
('52a86171-2754-4581-9671-06bff70e163e', '{"question_agree_rate":{"1":{"result":100,"range":3,"plus_points":3,"minus_points":0},"2":{"result":100,"range":3,"plus_points":3,"minus_points":0},"3":{"result":0,"range":3,"plus_points":0,"minus_points":3},"9":{"result":0,"range":0,"plus_points":0,"minus_points":0},"4":{"result":0,"range":0,"plus_points":0,"minus_points":0},"5":{"result":100,"range":3,"plus_points":3,"minus_points":0},"7":{"result":0,"range":3,"plus_points":0,"minus_points":3},"8":{"result":0,"range":3,"plus_points":0,"minus_points":3},"6":{"result":100,"range":3,"plus_points":3,"minus_points":0},"11":{"result":0,"range":0,"plus_points":0,"minus_points":0},"10":{"result":0,"range":0,"plus_points":0,"minus_points":0}},"points_percentage":{"1":{"result":25,"range":12,"points":3},"2":{"result":25,"range":12,"points":3},"3":{"result":0,"range":12,"points":-3},"9":{"result":0,"range":12,"points":0},"4":{"result":0,"range":12,"points":0},"5":{"result":25,"range":12,"points":3},"7":{"result":0,"range":12,"points":-3},"8":{"result":0,"range":12,"points":-3},"6":{"result":25,"range":12,"points":3},"11":{"result":0,"range":12,"points":0},"10":{"result":0,"range":12,"points":0}}}', '2013-12-11 13:27:03', 2, 6),
('52ab924f-5224-4fef-bc74-7767f70e163e', '{"question_agree_rate":{"1":{"result":100,"range":3,"plus_points":3,"minus_points":0},"2":{"result":0,"range":3,"plus_points":0,"minus_points":3},"3":{"result":0,"range":3,"plus_points":0,"minus_points":3},"9":{"result":100,"range":3,"plus_points":3,"minus_points":0},"4":{"result":0,"range":0,"plus_points":0,"minus_points":0},"5":{"result":0,"range":3,"plus_points":0,"minus_points":3},"7":{"result":0,"range":0,"plus_points":0,"minus_points":0},"8":{"result":0,"range":3,"plus_points":0,"minus_points":3},"6":{"result":0,"range":3,"plus_points":0,"minus_points":3},"11":{"result":0,"range":0,"plus_points":0,"minus_points":0},"10":{"result":0,"range":0,"plus_points":0,"minus_points":0}},"points_percentage":{"1":{"result":50,"range":6,"points":3},"2":{"result":0,"range":6,"points":-3},"3":{"result":0,"range":6,"points":-3},"9":{"result":50,"range":6,"points":3},"4":{"result":0,"range":6,"points":0},"5":{"result":0,"range":6,"points":-3},"7":{"result":0,"range":6,"points":0},"8":{"result":0,"range":6,"points":-3},"6":{"result":0,"range":6,"points":-3},"11":{"result":0,"range":6,"points":0},"10":{"result":0,"range":6,"points":0}}}', '2013-12-13 23:03:47', 2, 3),
('52ac63b5-9ebc-42d7-8202-0fa2f70e163e', '{"question_agree_rate":{"1":{"result":33,"range":9,"plus_points":3,"minus_points":6},"2":{"result":50,"range":12,"plus_points":6,"minus_points":6},"3":{"result":0,"range":9,"plus_points":0,"minus_points":9},"9":{"result":50,"range":12,"plus_points":6,"minus_points":6},"4":{"result":100,"range":3,"plus_points":3,"minus_points":0},"5":{"result":100,"range":12,"plus_points":12,"minus_points":0},"7":{"result":100,"range":9,"plus_points":9,"minus_points":0},"8":{"result":67,"range":9,"plus_points":6,"minus_points":3},"6":{"result":25,"range":12,"plus_points":3,"minus_points":9},"11":{"result":0,"range":0,"plus_points":0,"minus_points":0},"10":{"result":0,"range":0,"plus_points":0,"minus_points":0}},"points_percentage":{"1":{"result":0,"range":27,"points":-3},"2":{"result":0,"range":27,"points":0},"3":{"result":0,"range":27,"points":-9},"9":{"result":0,"range":27,"points":0},"4":{"result":11,"range":27,"points":3},"5":{"result":44,"range":27,"points":12},"7":{"result":33,"range":27,"points":9},"8":{"result":11,"range":27,"points":3},"6":{"result":0,"range":27,"points":-6},"11":{"result":0,"range":27,"points":0},"10":{"result":0,"range":27,"points":0}}}', '2013-12-14 13:57:31', 2, 4),
('52ac63fa-0f64-41aa-b253-0fcdf70e163e', '{"question_agree_rate":{"1":{"result":67,"range":9,"plus_points":6,"minus_points":3},"2":{"result":25,"range":12,"plus_points":3,"minus_points":9},"3":{"result":33,"range":9,"plus_points":3,"minus_points":6},"9":{"result":75,"range":12,"plus_points":9,"minus_points":3},"4":{"result":100,"range":3,"plus_points":3,"minus_points":0},"5":{"result":75,"range":12,"plus_points":9,"minus_points":3},"7":{"result":100,"range":9,"plus_points":9,"minus_points":0},"8":{"result":33,"range":9,"plus_points":3,"minus_points":6},"6":{"result":50,"range":12,"plus_points":6,"minus_points":6},"11":{"result":0,"range":0,"plus_points":0,"minus_points":0},"10":{"result":0,"range":0,"plus_points":0,"minus_points":0}},"points_percentage":{"1":{"result":11,"range":27,"points":3},"2":{"result":0,"range":27,"points":-6},"3":{"result":0,"range":27,"points":-3},"9":{"result":22,"range":27,"points":6},"4":{"result":11,"range":27,"points":3},"5":{"result":22,"range":27,"points":6},"7":{"result":33,"range":27,"points":9},"8":{"result":0,"range":27,"points":-3},"6":{"result":0,"range":27,"points":0},"11":{"result":0,"range":27,"points":0},"10":{"result":0,"range":27,"points":0}}}', '2013-12-14 13:58:26', 2, 4),
('52ac659c-f094-4682-9e46-7b83f70e163e', '{"question_agree_rate":{"1":{"result":67,"range":9,"plus_points":6,"minus_points":3},"2":{"result":25,"range":12,"plus_points":3,"minus_points":9},"3":{"result":33,"range":9,"plus_points":3,"minus_points":6},"9":{"result":75,"range":12,"plus_points":9,"minus_points":3},"4":{"result":100,"range":3,"plus_points":3,"minus_points":0},"5":{"result":75,"range":12,"plus_points":9,"minus_points":3},"7":{"result":100,"range":9,"plus_points":9,"minus_points":0},"8":{"result":33,"range":9,"plus_points":3,"minus_points":6},"6":{"result":50,"range":12,"plus_points":6,"minus_points":6},"11":{"result":0,"range":0,"plus_points":0,"minus_points":0},"10":{"result":0,"range":0,"plus_points":0,"minus_points":0}},"points_percentage":{"1":{"result":11,"range":27,"points":3},"2":{"result":0,"range":27,"points":-6},"3":{"result":0,"range":27,"points":-3},"9":{"result":22,"range":27,"points":6},"4":{"result":11,"range":27,"points":3},"5":{"result":22,"range":27,"points":6},"7":{"result":33,"range":27,"points":9},"8":{"result":0,"range":27,"points":-3},"6":{"result":0,"range":27,"points":0},"11":{"result":0,"range":27,"points":0},"10":{"result":0,"range":27,"points":0}}}', '2013-12-14 14:05:28', 2, 4),
('52ac65ce-9d54-4e28-8f92-1069f70e163e', '{"question_agree_rate":{"1":{"result":50,"range":6,"plus_points":3,"minus_points":3},"2":{"result":50,"range":6,"plus_points":3,"minus_points":3},"3":{"result":0,"range":6,"plus_points":0,"minus_points":6},"9":{"result":50,"range":6,"plus_points":3,"minus_points":3},"4":{"result":0,"range":0,"plus_points":0,"minus_points":0},"5":{"result":100,"range":6,"plus_points":6,"minus_points":0},"7":{"result":100,"range":3,"plus_points":3,"minus_points":0},"8":{"result":50,"range":6,"plus_points":3,"minus_points":3},"6":{"result":0,"range":6,"plus_points":0,"minus_points":6},"11":{"result":0,"range":0,"plus_points":0,"minus_points":0},"10":{"result":0,"range":0,"plus_points":0,"minus_points":0}},"points_percentage":{"1":{"result":0,"range":9,"points":0},"2":{"result":0,"range":9,"points":0},"3":{"result":0,"range":9,"points":-6},"9":{"result":0,"range":9,"points":0},"4":{"result":0,"range":9,"points":0},"5":{"result":67,"range":9,"points":6},"7":{"result":33,"range":9,"points":3},"8":{"result":0,"range":9,"points":0},"6":{"result":0,"range":9,"points":-6},"11":{"result":0,"range":9,"points":0},"10":{"result":0,"range":9,"points":0}}}', '2013-12-14 14:07:13', 2, 4),
('52ac71c0-8b98-46ee-b162-0210f70e163e', '{"question_agree_rate":{"1":{"result":75,"range":12,"plus_points":9,"minus_points":3},"2":{"result":100,"range":12,"plus_points":12,"minus_points":0},"3":{"result":75,"range":12,"plus_points":9,"minus_points":3},"9":{"result":75,"range":12,"plus_points":9,"minus_points":3},"4":{"result":0,"range":0,"plus_points":0,"minus_points":0},"5":{"result":25,"range":12,"plus_points":3,"minus_points":9},"7":{"result":0,"range":9,"plus_points":0,"minus_points":9},"8":{"result":100,"range":3,"plus_points":3,"minus_points":0},"6":{"result":75,"range":12,"plus_points":9,"minus_points":3},"11":{"result":0,"range":0,"plus_points":0,"minus_points":0},"10":{"result":0,"range":0,"plus_points":0,"minus_points":0}},"points_percentage":{"1":{"result":15,"range":39,"points":6},"2":{"result":31,"range":39,"points":12},"3":{"result":15,"range":39,"points":6},"9":{"result":15,"range":39,"points":6},"4":{"result":0,"range":39,"points":0},"5":{"result":0,"range":39,"points":-6},"7":{"result":0,"range":39,"points":-9},"8":{"result":8,"range":39,"points":3},"6":{"result":15,"range":39,"points":6},"11":{"result":0,"range":39,"points":0},"10":{"result":0,"range":39,"points":0}}}', '2013-12-14 15:06:28', 2, 4),
('52aca287-e314-417d-ae49-10fef70e163e', '{"question_agree_rate":{"1":{"result":43,"range":21,"plus_points":9,"minus_points":12},"2":{"result":40,"range":30,"plus_points":12,"minus_points":18},"3":{"result":57,"range":21,"plus_points":12,"minus_points":9},"9":{"result":60,"range":30,"plus_points":18,"minus_points":12},"4":{"result":100,"range":9,"plus_points":9,"minus_points":0},"5":{"result":60,"range":30,"plus_points":18,"minus_points":12},"7":{"result":86,"range":21,"plus_points":18,"minus_points":3},"8":{"result":57,"range":21,"plus_points":12,"minus_points":9},"6":{"result":70,"range":30,"plus_points":21,"minus_points":9},"11":{"result":0,"range":0,"plus_points":0,"minus_points":0},"10":{"result":0,"range":0,"plus_points":0,"minus_points":0}},"points_percentage":{"1":{"result":0,"range":54,"points":-3},"2":{"result":0,"range":54,"points":-6},"3":{"result":6,"range":54,"points":3},"9":{"result":11,"range":54,"points":6},"4":{"result":17,"range":54,"points":9},"5":{"result":11,"range":54,"points":6},"7":{"result":28,"range":54,"points":15},"8":{"result":6,"range":54,"points":3},"6":{"result":22,"range":54,"points":12},"11":{"result":0,"range":54,"points":0},"10":{"result":0,"range":54,"points":0}}}', '2013-12-14 18:39:56', 2, 4),
('52accd1f-2388-4749-affd-2a9ef70e163e', '{"question_agree_rate":{"1":{"result":100,"range":3,"plus_points":3,"minus_points":0},"2":{"result":0,"range":3,"plus_points":0,"minus_points":3},"3":{"result":0,"range":3,"plus_points":0,"minus_points":3},"9":{"result":100,"range":3,"plus_points":3,"minus_points":0},"4":{"result":0,"range":0,"plus_points":0,"minus_points":0},"5":{"result":0,"range":3,"plus_points":0,"minus_points":3},"7":{"result":0,"range":0,"plus_points":0,"minus_points":0},"8":{"result":0,"range":3,"plus_points":0,"minus_points":3},"6":{"result":0,"range":3,"plus_points":0,"minus_points":3},"11":{"result":0,"range":0,"plus_points":0,"minus_points":0},"10":{"result":0,"range":0,"plus_points":0,"minus_points":0}},"points_percentage":{"1":{"result":50,"range":6,"points":3},"2":{"result":0,"range":6,"points":-3},"3":{"result":0,"range":6,"points":-3},"9":{"result":50,"range":6,"points":3},"4":{"result":0,"range":6,"points":0},"5":{"result":0,"range":6,"points":-3},"7":{"result":0,"range":6,"points":0},"8":{"result":0,"range":6,"points":-3},"6":{"result":0,"range":6,"points":-3},"11":{"result":0,"range":6,"points":0},"10":{"result":0,"range":6,"points":0}}}', '2013-12-14 21:26:59', 2, 3),
('52accefd-d4e8-44ff-b0ad-1d13f70e163e', '{"question_agree_rate":{"1":{"result":0,"range":3,"plus_points":0,"minus_points":3},"2":{"result":100,"range":3,"plus_points":3,"minus_points":0},"3":{"result":0,"range":3,"plus_points":0,"minus_points":3},"9":{"result":0,"range":3,"plus_points":0,"minus_points":3},"4":{"result":0,"range":0,"plus_points":0,"minus_points":0},"5":{"result":100,"range":3,"plus_points":3,"minus_points":0},"7":{"result":0,"range":0,"plus_points":0,"minus_points":0},"8":{"result":100,"range":3,"plus_points":3,"minus_points":0},"6":{"result":0,"range":3,"plus_points":0,"minus_points":3},"11":{"result":0,"range":0,"plus_points":0,"minus_points":0},"10":{"result":0,"range":0,"plus_points":0,"minus_points":0}},"points_percentage":{"1":{"result":0,"range":9,"points":-3},"2":{"result":33,"range":9,"points":3},"3":{"result":0,"range":9,"points":-3},"9":{"result":0,"range":9,"points":-3},"4":{"result":0,"range":9,"points":0},"5":{"result":33,"range":9,"points":3},"7":{"result":0,"range":9,"points":0},"8":{"result":33,"range":9,"points":3},"6":{"result":0,"range":9,"points":-3},"11":{"result":0,"range":9,"points":0},"10":{"result":0,"range":9,"points":0}}}', '2013-12-14 21:34:59', 2, 4),
('52ad8ed2-a9d0-4328-be14-7cf3f70e163e', '{"question_agree_rate":{"1":{"result":0,"range":3,"plus_points":0,"minus_points":3},"2":{"result":100,"range":3,"plus_points":3,"minus_points":0},"3":{"result":100,"range":3,"plus_points":3,"minus_points":0},"9":{"result":0,"range":3,"plus_points":0,"minus_points":3},"4":{"result":0,"range":0,"plus_points":0,"minus_points":0},"5":{"result":100,"range":3,"plus_points":3,"minus_points":0},"7":{"result":0,"range":0,"plus_points":0,"minus_points":0},"8":{"result":100,"range":3,"plus_points":3,"minus_points":0},"6":{"result":100,"range":3,"plus_points":3,"minus_points":0},"11":{"result":0,"range":0,"plus_points":0,"minus_points":0},"10":{"result":0,"range":0,"plus_points":0,"minus_points":0}},"points_percentage":{"1":{"result":0,"range":15,"points":-3},"2":{"result":20,"range":15,"points":3},"3":{"result":20,"range":15,"points":3},"9":{"result":0,"range":15,"points":-3},"4":{"result":0,"range":15,"points":0},"5":{"result":20,"range":15,"points":3},"7":{"result":0,"range":15,"points":0},"8":{"result":20,"range":15,"points":3},"6":{"result":20,"range":15,"points":3},"11":{"result":0,"range":15,"points":0},"10":{"result":0,"range":15,"points":0}}}', '2013-12-15 11:13:25', 2, 3),
('52b5bd09-dfe4-4e53-9f39-2982f70e163e', '{"question_agree_rate":{"1":{"result":100,"range":6,"plus_points":6,"minus_points":0},"2":{"result":0,"range":6,"plus_points":0,"minus_points":6},"3":{"result":50,"range":6,"plus_points":3,"minus_points":3},"9":{"result":100,"range":6,"plus_points":6,"minus_points":0},"4":{"result":0,"range":0,"plus_points":0,"minus_points":0},"5":{"result":50,"range":6,"plus_points":3,"minus_points":3},"7":{"result":100,"range":3,"plus_points":3,"minus_points":0},"8":{"result":0,"range":6,"plus_points":0,"minus_points":6},"6":{"result":50,"range":6,"plus_points":3,"minus_points":3},"11":{"result":0,"range":0,"plus_points":0,"minus_points":0},"10":{"result":0,"range":0,"plus_points":0,"minus_points":0}},"points_percentage":{"1":{"result":40,"range":15,"points":6},"2":{"result":0,"range":15,"points":-6},"3":{"result":0,"range":15,"points":0},"9":{"result":40,"range":15,"points":6},"4":{"result":0,"range":15,"points":0},"5":{"result":0,"range":15,"points":0},"7":{"result":20,"range":15,"points":3},"8":{"result":0,"range":15,"points":-6},"6":{"result":0,"range":15,"points":0},"11":{"result":0,"range":15,"points":0},"10":{"result":0,"range":15,"points":0}}}', '2013-12-21 16:08:48', 2, 4),
('52b5bf30-bdcc-4eac-bc84-58f0f70e163e', '{"question_agree_rate":{"1":{"result":0,"range":3,"plus_points":0,"minus_points":3},"2":{"result":100,"range":3,"plus_points":3,"minus_points":0},"3":{"result":0,"range":3,"plus_points":0,"minus_points":3},"9":{"result":0,"range":3,"plus_points":0,"minus_points":3},"4":{"result":0,"range":0,"plus_points":0,"minus_points":0},"5":{"result":100,"range":3,"plus_points":3,"minus_points":0},"7":{"result":0,"range":0,"plus_points":0,"minus_points":0},"8":{"result":100,"range":3,"plus_points":3,"minus_points":0},"6":{"result":0,"range":3,"plus_points":0,"minus_points":3},"11":{"result":0,"range":0,"plus_points":0,"minus_points":0},"10":{"result":0,"range":0,"plus_points":0,"minus_points":0}},"points_percentage":{"1":{"result":0,"range":9,"points":-3},"2":{"result":33,"range":9,"points":3},"3":{"result":0,"range":9,"points":-3},"9":{"result":0,"range":9,"points":-3},"4":{"result":0,"range":9,"points":0},"5":{"result":33,"range":9,"points":3},"7":{"result":0,"range":9,"points":0},"8":{"result":33,"range":9,"points":3},"6":{"result":0,"range":9,"points":-3},"11":{"result":0,"range":9,"points":0},"10":{"result":0,"range":9,"points":0}}}', '2013-12-21 16:17:59', 2, 4),
('52b711b5-79bc-453a-81a8-1d06f70e163e', '{"question_agree_rate":{"1":{"result":100,"range":3,"plus_points":3,"minus_points":0},"2":{"result":0,"range":3,"plus_points":0,"minus_points":3},"3":{"result":0,"range":3,"plus_points":0,"minus_points":3},"9":{"result":100,"range":3,"plus_points":3,"minus_points":0},"4":{"result":0,"range":0,"plus_points":0,"minus_points":0},"5":{"result":100,"range":3,"plus_points":3,"minus_points":0},"7":{"result":100,"range":3,"plus_points":3,"minus_points":0},"8":{"result":0,"range":3,"plus_points":0,"minus_points":3},"6":{"result":0,"range":3,"plus_points":0,"minus_points":3},"11":{"result":0,"range":0,"plus_points":0,"minus_points":0},"10":{"result":0,"range":0,"plus_points":0,"minus_points":0}},"points_percentage":{"1":{"result":25,"range":12,"points":3},"2":{"result":0,"range":12,"points":-3},"3":{"result":0,"range":12,"points":-3},"9":{"result":25,"range":12,"points":3},"4":{"result":0,"range":12,"points":0},"5":{"result":25,"range":12,"points":3},"7":{"result":25,"range":12,"points":3},"8":{"result":0,"range":12,"points":-3},"6":{"result":0,"range":12,"points":-3},"11":{"result":0,"range":12,"points":0},"10":{"result":0,"range":12,"points":0}}}', '2013-12-22 16:22:19', 2, 4),
('52b76594-02b0-486b-951e-2e7cf70e163e', '{"question_agree_rate":{"1":{"result":100,"range":3,"plus_points":3,"minus_points":0},"2":{"result":0,"range":3,"plus_points":0,"minus_points":3},"3":{"result":0,"range":3,"plus_points":0,"minus_points":3},"9":{"result":100,"range":3,"plus_points":3,"minus_points":0},"4":{"result":0,"range":0,"plus_points":0,"minus_points":0},"5":{"result":0,"range":3,"plus_points":0,"minus_points":3},"7":{"result":0,"range":0,"plus_points":0,"minus_points":0},"8":{"result":0,"range":3,"plus_points":0,"minus_points":3},"6":{"result":0,"range":3,"plus_points":0,"minus_points":3},"11":{"result":0,"range":0,"plus_points":0,"minus_points":0},"10":{"result":0,"range":0,"plus_points":0,"minus_points":0}},"points_percentage":{"1":{"result":50,"range":6,"points":3},"2":{"result":0,"range":6,"points":-3},"3":{"result":0,"range":6,"points":-3},"9":{"result":50,"range":6,"points":3},"4":{"result":0,"range":6,"points":0},"5":{"result":0,"range":6,"points":-3},"7":{"result":0,"range":6,"points":0},"8":{"result":0,"range":6,"points":-3},"6":{"result":0,"range":6,"points":-3},"11":{"result":0,"range":6,"points":0},"10":{"result":0,"range":6,"points":0}}}', '2013-12-22 22:20:09', 2, 3),
('52bc58ac-2638-4dc1-8d87-0d14f70e163e', '{"question_agree_rate":{"1":{"result":100,"range":3,"plus_points":3,"minus_points":0},"2":{"result":0,"range":3,"plus_points":0,"minus_points":3},"3":{"result":0,"range":3,"plus_points":0,"minus_points":3},"9":{"result":100,"range":3,"plus_points":3,"minus_points":0},"4":{"result":0,"range":0,"plus_points":0,"minus_points":0},"5":{"result":100,"range":3,"plus_points":3,"minus_points":0},"7":{"result":100,"range":3,"plus_points":3,"minus_points":0},"8":{"result":0,"range":3,"plus_points":0,"minus_points":3},"6":{"result":0,"range":3,"plus_points":0,"minus_points":3},"11":{"result":0,"range":0,"plus_points":0,"minus_points":0},"10":{"result":0,"range":0,"plus_points":0,"minus_points":0}},"points_percentage":{"1":{"result":25,"range":12,"points":3},"2":{"result":0,"range":12,"points":-3},"3":{"result":0,"range":12,"points":-3},"9":{"result":25,"range":12,"points":3},"4":{"result":0,"range":12,"points":0},"5":{"result":25,"range":12,"points":3},"7":{"result":25,"range":12,"points":3},"8":{"result":0,"range":12,"points":-3},"6":{"result":0,"range":12,"points":-3},"11":{"result":0,"range":12,"points":0},"10":{"result":0,"range":12,"points":0}}}', '2013-12-26 16:26:33', 2, 4),
('52bd6487-e08c-4c71-9b3b-36e2f70e163e', '{"question_agree_rate":{"1":{"result":100,"range":13,"plus_points":13,"minus_points":0},"2":{"result":6,"range":16,"plus_points":1,"minus_points":15},"3":{"result":31,"range":13,"plus_points":4,"minus_points":9},"9":{"result":81,"range":16,"plus_points":13,"minus_points":3},"4":{"result":0,"range":3,"plus_points":0,"minus_points":3},"5":{"result":56,"range":16,"plus_points":9,"minus_points":7},"7":{"result":69,"range":13,"plus_points":9,"minus_points":4},"8":{"result":0,"range":15,"plus_points":0,"minus_points":15},"6":{"result":25,"range":16,"plus_points":4,"minus_points":12},"11":{"result":0,"range":0,"plus_points":0,"minus_points":0},"10":{"result":0,"range":0,"plus_points":0,"minus_points":0}},"points_percentage":{"1":{"result":43,"range":30,"points":13},"2":{"result":0,"range":30,"points":-14},"3":{"result":0,"range":30,"points":-5},"9":{"result":33,"range":30,"points":10},"4":{"result":0,"range":30,"points":-3},"5":{"result":7,"range":30,"points":2},"7":{"result":17,"range":30,"points":5},"8":{"result":0,"range":30,"points":-15},"6":{"result":0,"range":30,"points":-8},"11":{"result":0,"range":30,"points":0},"10":{"result":0,"range":30,"points":0}}}', '2013-12-27 11:29:28', 2, 4),
('52bdfe7f-bfa0-4b40-97af-41f4f70e163e', '{"question_agree_rate":{"1":{"result":95,"range":19,"plus_points":18,"minus_points":1},"2":{"result":14,"range":22,"plus_points":3,"minus_points":19},"3":{"result":47,"range":19,"plus_points":9,"minus_points":10},"9":{"result":95,"range":22,"plus_points":21,"minus_points":1},"4":{"result":100,"range":3,"plus_points":3,"minus_points":0},"5":{"result":59,"range":22,"plus_points":13,"minus_points":9},"7":{"result":100,"range":13,"plus_points":13,"minus_points":0},"8":{"result":14,"range":21,"plus_points":3,"minus_points":18},"6":{"result":55,"range":22,"plus_points":12,"minus_points":10},"11":{"result":0,"range":0,"plus_points":0,"minus_points":0},"10":{"result":0,"range":0,"plus_points":0,"minus_points":0}},"points_percentage":{"1":{"result":29,"range":59,"points":17},"2":{"result":0,"range":59,"points":-16},"3":{"result":0,"range":59,"points":-1},"9":{"result":34,"range":59,"points":20},"4":{"result":5,"range":59,"points":3},"5":{"result":7,"range":59,"points":4},"7":{"result":22,"range":59,"points":13},"8":{"result":0,"range":59,"points":-15},"6":{"result":3,"range":59,"points":2},"11":{"result":0,"range":59,"points":0},"10":{"result":0,"range":59,"points":0}}}', '2013-12-27 22:26:18', 2, 4),
('52be1690-ed5c-43e7-83d1-5313f70e163e', '{"question_agree_rate":{"1":{"result":100,"range":3,"plus_points":3,"minus_points":0},"2":{"result":0,"range":3,"plus_points":0,"minus_points":3},"3":{"result":0,"range":3,"plus_points":0,"minus_points":3},"9":{"result":100,"range":3,"plus_points":3,"minus_points":0},"4":{"result":0,"range":0,"plus_points":0,"minus_points":0},"5":{"result":100,"range":3,"plus_points":3,"minus_points":0},"7":{"result":100,"range":3,"plus_points":3,"minus_points":0},"8":{"result":0,"range":3,"plus_points":0,"minus_points":3},"6":{"result":0,"range":3,"plus_points":0,"minus_points":3},"11":{"result":0,"range":0,"plus_points":0,"minus_points":0},"10":{"result":0,"range":0,"plus_points":0,"minus_points":0}},"points_percentage":{"1":{"result":25,"range":12,"points":3},"2":{"result":0,"range":12,"points":-3},"3":{"result":0,"range":12,"points":-3},"9":{"result":25,"range":12,"points":3},"4":{"result":0,"range":12,"points":0},"5":{"result":25,"range":12,"points":3},"7":{"result":25,"range":12,"points":3},"8":{"result":0,"range":12,"points":-3},"6":{"result":0,"range":12,"points":-3},"11":{"result":0,"range":12,"points":0},"10":{"result":0,"range":12,"points":0}}}', '2013-12-28 00:08:57', 2, 4),
('52bef682-704c-496a-bf4d-1498f70e163e', '{"question_agree_rate":{"1":{"result":100,"range":13,"plus_points":13,"minus_points":0},"2":{"result":8,"range":13,"plus_points":1,"minus_points":12},"3":{"result":31,"range":13,"plus_points":4,"minus_points":9},"9":{"result":100,"range":13,"plus_points":13,"minus_points":0},"4":{"result":0,"range":0,"plus_points":0,"minus_points":0},"5":{"result":69,"range":13,"plus_points":9,"minus_points":4},"7":{"result":90,"range":10,"plus_points":9,"minus_points":1},"8":{"result":0,"range":12,"plus_points":0,"minus_points":12},"6":{"result":31,"range":13,"plus_points":4,"minus_points":9},"11":{"result":0,"range":0,"plus_points":0,"minus_points":0},"10":{"result":0,"range":0,"plus_points":0,"minus_points":0}},"points_percentage":{"1":{"result":33,"range":39,"points":13},"2":{"result":0,"range":39,"points":-11},"3":{"result":0,"range":39,"points":-5},"9":{"result":33,"range":39,"points":13},"4":{"result":0,"range":39,"points":0},"5":{"result":13,"range":39,"points":5},"7":{"result":21,"range":39,"points":8},"8":{"result":0,"range":39,"points":-12},"6":{"result":0,"range":39,"points":-5},"11":{"result":0,"range":39,"points":0},"10":{"result":0,"range":39,"points":0}}}', '2013-12-28 16:04:29', 2, 4),
('52bf3d3c-5ac8-49f2-bb39-15edf70e163e', '{"question_agree_rate":{"1":{"result":100,"range":7,"plus_points":7,"minus_points":0},"2":{"result":10,"range":10,"plus_points":1,"minus_points":9},"3":{"result":57,"range":7,"plus_points":4,"minus_points":3},"9":{"result":70,"range":10,"plus_points":7,"minus_points":3},"4":{"result":0,"range":3,"plus_points":0,"minus_points":3},"5":{"result":30,"range":10,"plus_points":3,"minus_points":7},"7":{"result":43,"range":7,"plus_points":3,"minus_points":4},"8":{"result":0,"range":9,"plus_points":0,"minus_points":9},"6":{"result":40,"range":10,"plus_points":4,"minus_points":6},"11":{"result":0,"range":0,"plus_points":0,"minus_points":0},"10":{"result":0,"range":0,"plus_points":0,"minus_points":0}},"points_percentage":{"1":{"result":58,"range":12,"points":7},"2":{"result":0,"range":12,"points":-8},"3":{"result":8,"range":12,"points":1},"9":{"result":33,"range":12,"points":4},"4":{"result":0,"range":12,"points":-3},"5":{"result":0,"range":12,"points":-4},"7":{"result":0,"range":12,"points":-1},"8":{"result":0,"range":12,"points":-9},"6":{"result":0,"range":12,"points":-2},"11":{"result":0,"range":12,"points":0},"10":{"result":0,"range":12,"points":0}}}', '2013-12-28 21:06:19', 2, 4),
('52c1dc96-4a48-4c7e-885a-2487f70e163e', '{"question_agree_rate":{"1":{"result":25,"range":12,"plus_points":3,"minus_points":9},"2":{"result":80,"range":15,"plus_points":12,"minus_points":3},"3":{"result":0,"range":12,"plus_points":0,"minus_points":12},"9":{"result":40,"range":15,"plus_points":6,"minus_points":9},"4":{"result":100,"range":3,"plus_points":3,"minus_points":0},"5":{"result":100,"range":15,"plus_points":15,"minus_points":0},"7":{"result":100,"range":6,"plus_points":6,"minus_points":0},"8":{"result":80,"range":15,"plus_points":12,"minus_points":3},"6":{"result":20,"range":15,"plus_points":3,"minus_points":12},"11":{"result":0,"range":0,"plus_points":0,"minus_points":0},"10":{"result":0,"range":0,"plus_points":0,"minus_points":0}},"points_percentage":{"1":{"result":0,"range":42,"points":-6},"2":{"result":21,"range":42,"points":9},"3":{"result":0,"range":42,"points":-12},"9":{"result":0,"range":42,"points":-3},"4":{"result":7,"range":42,"points":3},"5":{"result":36,"range":42,"points":15},"7":{"result":14,"range":42,"points":6},"8":{"result":21,"range":42,"points":9},"6":{"result":0,"range":42,"points":-9},"11":{"result":0,"range":42,"points":0},"10":{"result":0,"range":42,"points":0}}}', '2013-12-30 20:54:34', 2, 4),
('52c1ddde-dfd0-494b-9223-22d4f70e163e', '{"question_agree_rate":{"1":{"result":100,"range":3,"plus_points":3,"minus_points":0},"2":{"result":50,"range":6,"plus_points":3,"minus_points":3},"3":{"result":0,"range":3,"plus_points":0,"minus_points":3},"9":{"result":100,"range":6,"plus_points":6,"minus_points":0},"4":{"result":100,"range":3,"plus_points":3,"minus_points":0},"5":{"result":100,"range":6,"plus_points":6,"minus_points":0},"7":{"result":100,"range":6,"plus_points":6,"minus_points":0},"8":{"result":50,"range":6,"plus_points":3,"minus_points":3},"6":{"result":50,"range":6,"plus_points":3,"minus_points":3},"11":{"result":0,"range":0,"plus_points":0,"minus_points":0},"10":{"result":0,"range":0,"plus_points":0,"minus_points":0}},"points_percentage":{"1":{"result":13,"range":24,"points":3},"2":{"result":0,"range":24,"points":0},"3":{"result":0,"range":24,"points":-3},"9":{"result":25,"range":24,"points":6},"4":{"result":13,"range":24,"points":3},"5":{"result":25,"range":24,"points":6},"7":{"result":25,"range":24,"points":6},"8":{"result":0,"range":24,"points":0},"6":{"result":0,"range":24,"points":0},"11":{"result":0,"range":24,"points":0},"10":{"result":0,"range":24,"points":0}}}', '2013-12-30 21:10:24', 2, 4),
('52c44204-6554-4102-ab5f-2919f70e163e', '{"question_agree_rate":{"1":{"result":100,"range":9,"plus_points":9,"minus_points":0},"2":{"result":50,"range":12,"plus_points":6,"minus_points":6},"3":{"result":67,"range":9,"plus_points":6,"minus_points":3},"9":{"result":50,"range":12,"plus_points":6,"minus_points":6},"4":{"result":0,"range":6,"plus_points":0,"minus_points":6},"5":{"result":50,"range":12,"plus_points":6,"minus_points":6},"7":{"result":25,"range":12,"plus_points":3,"minus_points":9},"8":{"result":33,"range":9,"plus_points":3,"minus_points":6},"6":{"result":50,"range":12,"plus_points":6,"minus_points":6},"11":{"result":0,"range":0,"plus_points":0,"minus_points":0},"10":{"result":0,"range":0,"plus_points":0,"minus_points":0}},"points_percentage":{"1":{"result":75,"range":12,"points":9},"2":{"result":0,"range":12,"points":0},"3":{"result":25,"range":12,"points":3},"9":{"result":0,"range":12,"points":0},"4":{"result":0,"range":12,"points":-6},"5":{"result":0,"range":12,"points":0},"7":{"result":0,"range":12,"points":-6},"8":{"result":0,"range":12,"points":-3},"6":{"result":0,"range":12,"points":0},"11":{"result":0,"range":12,"points":0},"10":{"result":0,"range":12,"points":0}}}', '2014-01-01 16:27:59', 2, 4),
('52c5ca08-77a8-46cd-8669-71dff70e163e', '{"question_agree_rate":{"1":{"result":30,"range":30,"plus_points":9,"minus_points":21},"2":{"result":31,"range":39,"plus_points":12,"minus_points":27},"3":{"result":40,"range":30,"plus_points":12,"minus_points":18},"9":{"result":69,"range":39,"plus_points":27,"minus_points":12},"4":{"result":100,"range":18,"plus_points":18,"minus_points":0},"5":{"result":46,"range":39,"plus_points":18,"minus_points":21},"7":{"result":90,"range":30,"plus_points":27,"minus_points":3},"8":{"result":40,"range":30,"plus_points":12,"minus_points":18},"6":{"result":54,"range":39,"plus_points":21,"minus_points":18},"11":{"result":0,"range":0,"plus_points":0,"minus_points":0},"10":{"result":0,"range":0,"plus_points":0,"minus_points":0}},"points_percentage":{"1":{"result":0,"range":60,"points":-12},"2":{"result":0,"range":60,"points":-15},"3":{"result":0,"range":60,"points":-6},"9":{"result":25,"range":60,"points":15},"4":{"result":30,"range":60,"points":18},"5":{"result":0,"range":60,"points":-3},"7":{"result":40,"range":60,"points":24},"8":{"result":0,"range":60,"points":-6},"6":{"result":5,"range":60,"points":3},"11":{"result":0,"range":60,"points":0},"10":{"result":0,"range":60,"points":0}}}', '2014-01-02 20:20:59', 2, 4),
('52c5d717-132c-4dcb-b6ad-75eaf70e163e', '{"question_agree_rate":{"1":{"result":40,"range":15,"plus_points":6,"minus_points":9},"2":{"result":0,"range":16,"plus_points":0,"minus_points":16},"3":{"result":20,"range":15,"plus_points":3,"minus_points":12},"9":{"result":94,"range":16,"plus_points":15,"minus_points":1},"4":{"result":90,"range":10,"plus_points":9,"minus_points":1},"5":{"result":19,"range":16,"plus_points":3,"minus_points":13},"7":{"result":92,"range":13,"plus_points":12,"minus_points":1},"8":{"result":0,"range":16,"plus_points":0,"minus_points":16},"6":{"result":19,"range":16,"plus_points":3,"minus_points":13},"11":{"result":0,"range":0,"plus_points":0,"minus_points":0},"10":{"result":0,"range":0,"plus_points":0,"minus_points":0}},"points_percentage":{"1":{"result":0,"range":33,"points":-3},"2":{"result":0,"range":33,"points":-16},"3":{"result":0,"range":33,"points":-9},"9":{"result":42,"range":33,"points":14},"4":{"result":24,"range":33,"points":8},"5":{"result":0,"range":33,"points":-10},"7":{"result":33,"range":33,"points":11},"8":{"result":0,"range":33,"points":-16},"6":{"result":0,"range":33,"points":-10},"11":{"result":0,"range":33,"points":0},"10":{"result":0,"range":33,"points":0}}}', '2014-01-02 21:16:22', 2, 4),
('52c5e5d3-7b58-4f58-88c8-75edf70e163e', '{"question_agree_rate":{"1":{"result":0,"range":15,"plus_points":0,"minus_points":15},"2":{"result":83,"range":18,"plus_points":15,"minus_points":3},"3":{"result":60,"range":15,"plus_points":9,"minus_points":6},"9":{"result":33,"range":18,"plus_points":6,"minus_points":12},"4":{"result":100,"range":6,"plus_points":6,"minus_points":0},"5":{"result":33,"range":18,"plus_points":6,"minus_points":12},"7":{"result":40,"range":15,"plus_points":6,"minus_points":9},"8":{"result":83,"range":18,"plus_points":15,"minus_points":3},"6":{"result":67,"range":18,"plus_points":12,"minus_points":6},"11":{"result":0,"range":0,"plus_points":0,"minus_points":0},"10":{"result":0,"range":0,"plus_points":0,"minus_points":0}},"points_percentage":{"1":{"result":0,"range":39,"points":-15},"2":{"result":31,"range":39,"points":12},"3":{"result":8,"range":39,"points":3},"9":{"result":0,"range":39,"points":-6},"4":{"result":15,"range":39,"points":6},"5":{"result":0,"range":39,"points":-6},"7":{"result":0,"range":39,"points":-3},"8":{"result":31,"range":39,"points":12},"6":{"result":15,"range":39,"points":6},"11":{"result":0,"range":39,"points":0},"10":{"result":0,"range":39,"points":0}}}', '2014-01-02 22:19:44', 2, 4),
('52c73ce4-40d8-45fc-bc25-1b467ddeb986', '{"question_agree_rate":{"1":{"result":75,"range":12,"plus_points":9,"minus_points":3},"2":{"result":20,"range":15,"plus_points":3,"minus_points":12},"3":{"result":50,"range":12,"plus_points":6,"minus_points":6},"9":{"result":40,"range":15,"plus_points":6,"minus_points":9},"4":{"result":0,"range":6,"plus_points":0,"minus_points":6},"5":{"result":60,"range":15,"plus_points":9,"minus_points":6},"7":{"result":50,"range":12,"plus_points":6,"minus_points":6},"8":{"result":25,"range":12,"plus_points":3,"minus_points":9},"6":{"result":40,"range":15,"plus_points":6,"minus_points":9},"11":{"result":0,"range":0,"plus_points":0,"minus_points":0},"10":{"result":0,"range":0,"plus_points":0,"minus_points":0}},"points_percentage":{"1":{"result":67,"range":9,"points":6},"2":{"result":0,"range":9,"points":-9},"3":{"result":0,"range":9,"points":0},"9":{"result":0,"range":9,"points":-3},"4":{"result":0,"range":9,"points":-6},"5":{"result":33,"range":9,"points":3},"7":{"result":0,"range":9,"points":0},"8":{"result":0,"range":9,"points":-6},"6":{"result":0,"range":9,"points":-3},"11":{"result":0,"range":9,"points":0},"10":{"result":0,"range":9,"points":0}}}', '2014-01-03 22:42:54', 2, 4);
INSERT INTO `quiz_results` (`id`, `data`, `created`, `version`, `quiz_id`) VALUES
('52cc766d-3128-45a2-b618-41247ddeb986', '{"question_agree_rate":{"1":{"result":75,"range":12,"plus_points":9,"minus_points":3},"2":{"result":40,"range":15,"plus_points":6,"minus_points":9},"3":{"result":50,"range":12,"plus_points":6,"minus_points":6},"9":{"result":60,"range":15,"plus_points":9,"minus_points":6},"4":{"result":50,"range":6,"plus_points":3,"minus_points":3},"5":{"result":80,"range":15,"plus_points":12,"minus_points":3},"7":{"result":75,"range":12,"plus_points":9,"minus_points":3},"8":{"result":50,"range":12,"plus_points":6,"minus_points":6},"6":{"result":60,"range":15,"plus_points":9,"minus_points":6},"11":{"result":0,"range":0,"plus_points":0,"minus_points":0},"10":{"result":0,"range":0,"plus_points":0,"minus_points":0}},"points_percentage":{"1":{"result":22,"range":27,"points":6},"2":{"result":0,"range":27,"points":-3},"3":{"result":0,"range":27,"points":0},"9":{"result":11,"range":27,"points":3},"4":{"result":0,"range":27,"points":0},"5":{"result":33,"range":27,"points":9},"7":{"result":22,"range":27,"points":6},"8":{"result":0,"range":27,"points":0},"6":{"result":11,"range":27,"points":3},"11":{"result":0,"range":27,"points":0},"10":{"result":0,"range":27,"points":0}}}', '2014-01-07 21:49:53', 2, 4),
('52cdc05b-4eac-4146-af9c-556e7ddeb986', '{"question_agree_rate":{"1":{"result":50,"range":12,"plus_points":6,"minus_points":6},"2":{"result":20,"range":15,"plus_points":3,"minus_points":12},"3":{"result":25,"range":12,"plus_points":3,"minus_points":9},"9":{"result":80,"range":15,"plus_points":12,"minus_points":3},"4":{"result":100,"range":6,"plus_points":6,"minus_points":0},"5":{"result":60,"range":15,"plus_points":9,"minus_points":6},"7":{"result":100,"range":12,"plus_points":12,"minus_points":0},"8":{"result":25,"range":12,"plus_points":3,"minus_points":9},"6":{"result":40,"range":15,"plus_points":6,"minus_points":9},"11":{"result":0,"range":0,"plus_points":0,"minus_points":0},"10":{"result":0,"range":0,"plus_points":0,"minus_points":0}},"points_percentage":{"1":{"result":0,"range":30,"points":0},"2":{"result":0,"range":30,"points":-9},"3":{"result":0,"range":30,"points":-6},"9":{"result":30,"range":30,"points":9},"4":{"result":20,"range":30,"points":6},"5":{"result":10,"range":30,"points":3},"7":{"result":40,"range":30,"points":12},"8":{"result":0,"range":30,"points":-6},"6":{"result":0,"range":30,"points":-3},"11":{"result":0,"range":30,"points":0},"10":{"result":0,"range":30,"points":0}}}', '2014-01-08 21:17:34', 2, 4),
('52cdcb55-bb98-4d09-9fc8-59077ddeb986', '{"question_agree_rate":{"1":{"result":100,"range":3,"plus_points":3,"minus_points":0},"2":{"result":0,"range":3,"plus_points":0,"minus_points":3},"3":{"result":0,"range":3,"plus_points":0,"minus_points":3},"9":{"result":100,"range":3,"plus_points":3,"minus_points":0},"4":{"result":0,"range":0,"plus_points":0,"minus_points":0},"5":{"result":0,"range":3,"plus_points":0,"minus_points":3},"7":{"result":0,"range":0,"plus_points":0,"minus_points":0},"8":{"result":0,"range":3,"plus_points":0,"minus_points":3},"6":{"result":0,"range":3,"plus_points":0,"minus_points":3},"11":{"result":0,"range":0,"plus_points":0,"minus_points":0},"10":{"result":0,"range":0,"plus_points":0,"minus_points":0}},"points_percentage":{"1":{"result":50,"range":6,"points":3},"2":{"result":0,"range":6,"points":-3},"3":{"result":0,"range":6,"points":-3},"9":{"result":50,"range":6,"points":3},"4":{"result":0,"range":6,"points":0},"5":{"result":0,"range":6,"points":-3},"7":{"result":0,"range":6,"points":0},"8":{"result":0,"range":6,"points":-3},"6":{"result":0,"range":6,"points":-3},"11":{"result":0,"range":6,"points":0},"10":{"result":0,"range":6,"points":0}}}', '2014-01-08 22:04:18', 2, 3),
('52cf27bd-d2f8-43c5-b4ad-79887ddeb986', '{"question_agree_rate":{"1":{"result":100,"range":3,"plus_points":3,"minus_points":0},"2":{"result":0,"range":3,"plus_points":0,"minus_points":3},"3":{"result":0,"range":3,"plus_points":0,"minus_points":3},"9":{"result":100,"range":3,"plus_points":3,"minus_points":0},"4":{"result":0,"range":0,"plus_points":0,"minus_points":0},"5":{"result":100,"range":3,"plus_points":3,"minus_points":0},"7":{"result":100,"range":3,"plus_points":3,"minus_points":0},"8":{"result":0,"range":3,"plus_points":0,"minus_points":3},"6":{"result":0,"range":3,"plus_points":0,"minus_points":3},"11":{"result":0,"range":0,"plus_points":0,"minus_points":0},"10":{"result":0,"range":0,"plus_points":0,"minus_points":0}},"points_percentage":{"1":{"result":25,"range":12,"points":3},"2":{"result":0,"range":12,"points":-3},"3":{"result":0,"range":12,"points":-3},"9":{"result":25,"range":12,"points":3},"4":{"result":0,"range":12,"points":0},"5":{"result":25,"range":12,"points":3},"7":{"result":25,"range":12,"points":3},"8":{"result":0,"range":12,"points":-3},"6":{"result":0,"range":12,"points":-3},"11":{"result":0,"range":12,"points":0},"10":{"result":0,"range":12,"points":0}}}', '2014-01-09 22:50:44', 2, 4),
('52d054a9-de34-42c0-9aca-19f67ddeb986', '{"question_agree_rate":{"1":{"result":100,"range":6,"plus_points":6,"minus_points":0},"2":{"result":0,"range":3,"plus_points":0,"minus_points":3},"3":{"result":0,"range":3,"plus_points":0,"minus_points":3},"9":{"result":100,"range":3,"plus_points":3,"minus_points":0},"4":{"result":0,"range":0,"plus_points":0,"minus_points":0},"5":{"result":0,"range":3,"plus_points":0,"minus_points":3},"7":{"result":0,"range":0,"plus_points":0,"minus_points":0},"8":{"result":0,"range":3,"plus_points":0,"minus_points":3},"6":{"result":0,"range":3,"plus_points":0,"minus_points":3},"11":{"result":0,"range":0,"plus_points":0,"minus_points":0},"10":{"result":0,"range":0,"plus_points":0,"minus_points":0}},"points_percentage":{"1":{"result":67,"range":9,"points":6},"2":{"result":0,"range":9,"points":-3},"3":{"result":0,"range":9,"points":-3},"9":{"result":33,"range":9,"points":3},"4":{"result":0,"range":9,"points":0},"5":{"result":0,"range":9,"points":-3},"7":{"result":0,"range":9,"points":0},"8":{"result":0,"range":9,"points":-3},"6":{"result":0,"range":9,"points":-3},"11":{"result":0,"range":9,"points":0},"10":{"result":0,"range":9,"points":0}}}', '2014-01-10 20:14:44', 2, 3),
('52d19ba7-46a8-4fa5-a593-16a67ddeb986', '{"question_agree_rate":{"1":{"result":100,"range":6,"plus_points":6,"minus_points":0},"2":{"result":0,"range":3,"plus_points":0,"minus_points":3},"3":{"result":0,"range":3,"plus_points":0,"minus_points":3},"9":{"result":100,"range":3,"plus_points":3,"minus_points":0},"4":{"result":0,"range":0,"plus_points":0,"minus_points":0},"5":{"result":0,"range":3,"plus_points":0,"minus_points":3},"7":{"result":0,"range":0,"plus_points":0,"minus_points":0},"8":{"result":0,"range":3,"plus_points":0,"minus_points":3},"6":{"result":0,"range":3,"plus_points":0,"minus_points":3},"11":{"result":0,"range":0,"plus_points":0,"minus_points":0},"10":{"result":0,"range":0,"plus_points":0,"minus_points":0}},"points_percentage":{"1":{"result":67,"range":9,"points":6},"2":{"result":0,"range":9,"points":-3},"3":{"result":0,"range":9,"points":-3},"9":{"result":33,"range":9,"points":3},"4":{"result":0,"range":9,"points":0},"5":{"result":0,"range":9,"points":-3},"7":{"result":0,"range":9,"points":0},"8":{"result":0,"range":9,"points":-3},"6":{"result":0,"range":9,"points":-3},"11":{"result":0,"range":9,"points":0},"10":{"result":0,"range":9,"points":0}}}', '2014-01-11 19:32:05', 2, 3),
('52d44079-02e4-4d07-9e27-06d37ddeb986', '{"question_agree_rate":{"1":{"result":33,"range":9,"plus_points":3,"minus_points":6},"2":{"result":25,"range":12,"plus_points":3,"minus_points":9},"3":{"result":0,"range":9,"plus_points":0,"minus_points":9},"9":{"result":50,"range":12,"plus_points":6,"minus_points":6},"4":{"result":50,"range":6,"plus_points":3,"minus_points":3},"5":{"result":50,"range":12,"plus_points":6,"minus_points":6},"7":{"result":67,"range":9,"plus_points":6,"minus_points":3},"8":{"result":25,"range":12,"plus_points":3,"minus_points":9},"6":{"result":0,"range":12,"plus_points":0,"minus_points":12},"11":{"result":0,"range":0,"plus_points":0,"minus_points":0},"10":{"result":0,"range":0,"plus_points":0,"minus_points":0}},"points_percentage":{"1":{"result":0,"range":3,"points":-3},"2":{"result":0,"range":3,"points":-6},"3":{"result":0,"range":3,"points":-9},"9":{"result":0,"range":3,"points":0},"4":{"result":0,"range":3,"points":0},"5":{"result":0,"range":3,"points":0},"7":{"result":100,"range":3,"points":3},"8":{"result":0,"range":3,"points":-6},"6":{"result":0,"range":3,"points":-12},"11":{"result":0,"range":3,"points":0},"10":{"result":0,"range":3,"points":0}}}', '2014-01-13 19:39:14', 2, 4),
('52d44134-6868-4085-99d6-14e27ddeb986', '{"question_agree_rate":{"1":{"result":25,"range":12,"plus_points":3,"minus_points":9},"2":{"result":20,"range":15,"plus_points":3,"minus_points":12},"3":{"result":0,"range":12,"plus_points":0,"minus_points":12},"9":{"result":40,"range":15,"plus_points":6,"minus_points":9},"4":{"result":50,"range":6,"plus_points":3,"minus_points":3},"5":{"result":60,"range":15,"plus_points":9,"minus_points":6},"7":{"result":75,"range":12,"plus_points":9,"minus_points":3},"8":{"result":25,"range":12,"plus_points":3,"minus_points":9},"6":{"result":0,"range":15,"plus_points":0,"minus_points":15},"11":{"result":0,"range":0,"plus_points":0,"minus_points":0},"10":{"result":0,"range":0,"plus_points":0,"minus_points":0}},"points_percentage":{"1":{"result":0,"range":9,"points":-6},"2":{"result":0,"range":9,"points":-9},"3":{"result":0,"range":9,"points":-12},"9":{"result":0,"range":9,"points":-3},"4":{"result":0,"range":9,"points":0},"5":{"result":33,"range":9,"points":3},"7":{"result":67,"range":9,"points":6},"8":{"result":0,"range":9,"points":-6},"6":{"result":0,"range":9,"points":-15},"11":{"result":0,"range":9,"points":0},"10":{"result":0,"range":9,"points":0}}}', '2014-01-13 19:40:48', 2, 4),
('52da81a1-d638-4516-8438-66e87ddeb986', '{"question_agree_rate":{"1":{"result":100,"range":12,"plus_points":12,"minus_points":0},"2":{"result":0,"range":3,"plus_points":0,"minus_points":3},"3":{"result":0,"range":3,"plus_points":0,"minus_points":3},"9":{"result":100,"range":3,"plus_points":3,"minus_points":0},"4":{"result":0,"range":0,"plus_points":0,"minus_points":0},"5":{"result":0,"range":3,"plus_points":0,"minus_points":3},"7":{"result":0,"range":0,"plus_points":0,"minus_points":0},"8":{"result":0,"range":3,"plus_points":0,"minus_points":3},"6":{"result":0,"range":3,"plus_points":0,"minus_points":3},"11":{"result":0,"range":0,"plus_points":0,"minus_points":0},"10":{"result":0,"range":0,"plus_points":0,"minus_points":0}},"points_percentage":{"1":{"result":80,"range":15,"points":12},"2":{"result":0,"range":15,"points":-3},"3":{"result":0,"range":15,"points":-3},"9":{"result":20,"range":15,"points":3},"4":{"result":0,"range":15,"points":0},"5":{"result":0,"range":15,"points":-3},"7":{"result":0,"range":15,"points":0},"8":{"result":0,"range":15,"points":-3},"6":{"result":0,"range":15,"points":-3},"11":{"result":0,"range":15,"points":0},"10":{"result":0,"range":15,"points":0}}}', '2014-01-18 13:29:18', 2, 3),
('52dacb56-e958-4cf0-8fcd-682b7ddeb986', '{"question_agree_rate":{"1":{"result":100,"range":6,"plus_points":6,"minus_points":0},"2":{"result":0,"range":3,"plus_points":0,"minus_points":3},"3":{"result":0,"range":3,"plus_points":0,"minus_points":3},"9":{"result":100,"range":3,"plus_points":3,"minus_points":0},"4":{"result":0,"range":0,"plus_points":0,"minus_points":0},"5":{"result":0,"range":3,"plus_points":0,"minus_points":3},"7":{"result":0,"range":0,"plus_points":0,"minus_points":0},"8":{"result":0,"range":3,"plus_points":0,"minus_points":3},"6":{"result":0,"range":3,"plus_points":0,"minus_points":3},"11":{"result":0,"range":0,"plus_points":0,"minus_points":0},"10":{"result":0,"range":0,"plus_points":0,"minus_points":0}},"points_percentage":{"1":{"result":67,"range":9,"points":6},"2":{"result":0,"range":9,"points":-3},"3":{"result":0,"range":9,"points":-3},"9":{"result":33,"range":9,"points":3},"4":{"result":0,"range":9,"points":0},"5":{"result":0,"range":9,"points":-3},"7":{"result":0,"range":9,"points":0},"8":{"result":0,"range":9,"points":-3},"6":{"result":0,"range":9,"points":-3},"11":{"result":0,"range":9,"points":0},"10":{"result":0,"range":9,"points":0}}}', '2014-01-18 18:43:42', 2, 3),
('52dae7cf-ae54-4011-8782-7d857ddeb986', '{"question_agree_rate":{"1":{"result":100,"range":6,"plus_points":6,"minus_points":0},"2":{"result":0,"range":3,"plus_points":0,"minus_points":3},"3":{"result":0,"range":3,"plus_points":0,"minus_points":3},"9":{"result":100,"range":3,"plus_points":3,"minus_points":0},"4":{"result":0,"range":0,"plus_points":0,"minus_points":0},"5":{"result":0,"range":3,"plus_points":0,"minus_points":3},"7":{"result":0,"range":0,"plus_points":0,"minus_points":0},"8":{"result":0,"range":3,"plus_points":0,"minus_points":3},"6":{"result":0,"range":3,"plus_points":0,"minus_points":3},"11":{"result":0,"range":0,"plus_points":0,"minus_points":0},"10":{"result":0,"range":0,"plus_points":0,"minus_points":0}},"points_percentage":{"1":{"result":67,"range":9,"points":6},"2":{"result":0,"range":9,"points":-3},"3":{"result":0,"range":9,"points":-3},"9":{"result":33,"range":9,"points":3},"4":{"result":0,"range":9,"points":0},"5":{"result":0,"range":9,"points":-3},"7":{"result":0,"range":9,"points":0},"8":{"result":0,"range":9,"points":-3},"6":{"result":0,"range":9,"points":-3},"11":{"result":0,"range":9,"points":0},"10":{"result":0,"range":9,"points":0}}}', '2014-01-18 20:45:10', 2, 3),
('52eeb8df-ab88-4cf2-bed9-48327ddeb986', '{"question_agree_rate":{"1":{"result":0,"range":3,"plus_points":0,"minus_points":3},"2":{"result":50,"range":6,"plus_points":3,"minus_points":3},"3":{"result":50,"range":6,"plus_points":3,"minus_points":3},"9":{"result":50,"range":6,"plus_points":3,"minus_points":3},"4":{"result":50,"range":6,"plus_points":3,"minus_points":3},"5":{"result":0,"range":6,"plus_points":0,"minus_points":6},"6":{"result":0,"range":3,"plus_points":0,"minus_points":3},"7":{"result":50,"range":6,"plus_points":3,"minus_points":3},"8":{"result":100,"range":3,"plus_points":3,"minus_points":0},"11":{"result":0,"range":0,"plus_points":0,"minus_points":0},"10":{"result":0,"range":0,"plus_points":0,"minus_points":0}},"points_percentage":{"1":{"result":0,"range":3,"points":-3},"2":{"result":0,"range":3,"points":0},"3":{"result":0,"range":3,"points":0},"9":{"result":0,"range":3,"points":0},"4":{"result":0,"range":3,"points":0},"5":{"result":0,"range":3,"points":-6},"6":{"result":0,"range":3,"points":-3},"7":{"result":0,"range":3,"points":0},"8":{"result":100,"range":3,"points":3},"11":{"result":0,"range":3,"points":0},"10":{"result":0,"range":3,"points":0}}}', '2014-02-02 21:30:11', 2, 3),
('52eeb8e9-bcf4-41b2-bffa-48327ddeb986', '{"question_agree_rate":{"1":{"result":25,"range":12,"plus_points":3,"minus_points":9},"2":{"result":50,"range":12,"plus_points":6,"minus_points":6},"3":{"result":50,"range":12,"plus_points":6,"minus_points":6},"9":{"result":0,"range":15,"plus_points":0,"minus_points":15},"4":{"result":0,"range":6,"plus_points":0,"minus_points":6},"5":{"result":60,"range":15,"plus_points":9,"minus_points":6},"6":{"result":40,"range":15,"plus_points":6,"minus_points":9},"7":{"result":25,"range":12,"plus_points":3,"minus_points":9},"8":{"result":75,"range":12,"plus_points":9,"minus_points":3},"11":{"result":0,"range":0,"plus_points":0,"minus_points":0},"10":{"result":0,"range":0,"plus_points":0,"minus_points":0}},"points_percentage":{"1":{"result":0,"range":9,"points":-6},"2":{"result":0,"range":9,"points":0},"3":{"result":0,"range":9,"points":0},"9":{"result":0,"range":9,"points":-15},"4":{"result":0,"range":9,"points":-6},"5":{"result":33,"range":9,"points":3},"6":{"result":0,"range":9,"points":-3},"7":{"result":0,"range":9,"points":-6},"8":{"result":67,"range":9,"points":6},"11":{"result":0,"range":9,"points":0},"10":{"result":0,"range":9,"points":0}}}', '2014-02-02 21:30:28', 2, 4),
('52eebc2f-0da4-4770-af90-4a5f7ddeb986', '{"question_agree_rate":{"1":{"result":67,"range":18,"plus_points":12,"minus_points":6},"2":{"result":50,"range":18,"plus_points":9,"minus_points":9},"3":{"result":50,"range":18,"plus_points":9,"minus_points":9},"9":{"result":89,"range":27,"plus_points":24,"minus_points":3},"4":{"result":100,"range":12,"plus_points":12,"minus_points":0},"5":{"result":56,"range":27,"plus_points":15,"minus_points":12},"6":{"result":67,"range":27,"plus_points":18,"minus_points":9},"7":{"result":100,"range":18,"plus_points":18,"minus_points":0},"8":{"result":38,"range":24,"plus_points":9,"minus_points":15},"11":{"result":0,"range":0,"plus_points":0,"minus_points":0},"10":{"result":0,"range":0,"plus_points":0,"minus_points":0}},"points_percentage":{"1":{"result":9,"range":69,"points":6},"2":{"result":0,"range":69,"points":0},"3":{"result":0,"range":69,"points":0},"9":{"result":30,"range":69,"points":21},"4":{"result":17,"range":69,"points":12},"5":{"result":4,"range":69,"points":3},"6":{"result":13,"range":69,"points":9},"7":{"result":26,"range":69,"points":18},"8":{"result":0,"range":69,"points":-6},"11":{"result":0,"range":69,"points":0},"10":{"result":0,"range":69,"points":0}}}', '2014-02-02 21:45:08', 2, 4),
('52efef7f-ce04-4d30-ba77-11b57ddeb986', '{"question_agree_rate":{"1":{"result":0,"range":3,"plus_points":0,"minus_points":3},"2":{"result":50,"range":6,"plus_points":3,"minus_points":3},"3":{"result":50,"range":6,"plus_points":3,"minus_points":3},"9":{"result":50,"range":6,"plus_points":3,"minus_points":3},"4":{"result":50,"range":6,"plus_points":3,"minus_points":3},"5":{"result":0,"range":6,"plus_points":0,"minus_points":6},"6":{"result":0,"range":3,"plus_points":0,"minus_points":3},"7":{"result":50,"range":6,"plus_points":3,"minus_points":3},"8":{"result":100,"range":3,"plus_points":3,"minus_points":0},"11":{"result":0,"range":0,"plus_points":0,"minus_points":0},"10":{"result":0,"range":0,"plus_points":0,"minus_points":0}},"points_percentage":{"1":{"result":0,"range":3,"points":-3},"2":{"result":0,"range":3,"points":0},"3":{"result":0,"range":3,"points":0},"9":{"result":0,"range":3,"points":0},"4":{"result":0,"range":3,"points":0},"5":{"result":0,"range":3,"points":-6},"6":{"result":0,"range":3,"points":-3},"7":{"result":0,"range":3,"points":0},"8":{"result":100,"range":3,"points":3},"11":{"result":0,"range":3,"points":0},"10":{"result":0,"range":3,"points":0}}}', '2014-02-03 19:35:33', 2, 3),
('52eff942-d920-46da-a78c-06d37ddeb986', '{"question_agree_rate":{"1":{"result":0,"range":3,"plus_points":0,"minus_points":3},"2":{"result":50,"range":6,"plus_points":3,"minus_points":3},"3":{"result":50,"range":6,"plus_points":3,"minus_points":3},"9":{"result":50,"range":6,"plus_points":3,"minus_points":3},"4":{"result":50,"range":6,"plus_points":3,"minus_points":3},"5":{"result":0,"range":6,"plus_points":0,"minus_points":6},"6":{"result":0,"range":3,"plus_points":0,"minus_points":3},"7":{"result":50,"range":6,"plus_points":3,"minus_points":3},"8":{"result":100,"range":3,"plus_points":3,"minus_points":0},"11":{"result":0,"range":0,"plus_points":0,"minus_points":0},"10":{"result":0,"range":0,"plus_points":0,"minus_points":0}},"points_percentage":{"1":{"result":0,"range":3,"points":-3},"2":{"result":0,"range":3,"points":0},"3":{"result":0,"range":3,"points":0},"9":{"result":0,"range":3,"points":0},"4":{"result":0,"range":3,"points":0},"5":{"result":0,"range":3,"points":-6},"6":{"result":0,"range":3,"points":-3},"7":{"result":0,"range":3,"points":0},"8":{"result":100,"range":3,"points":3},"11":{"result":0,"range":3,"points":0},"10":{"result":0,"range":3,"points":0}}}', '2014-02-03 20:17:42', 2, 3),
('52f00067-9fb8-4285-acaf-1acf7ddeb986', '{"question_agree_rate":{"1":{"result":33,"range":9,"plus_points":3,"minus_points":6},"2":{"result":67,"range":9,"plus_points":6,"minus_points":3},"3":{"result":67,"range":9,"plus_points":6,"minus_points":3},"9":{"result":25,"range":12,"plus_points":3,"minus_points":9},"4":{"result":0,"range":3,"plus_points":0,"minus_points":3},"5":{"result":25,"range":12,"plus_points":3,"minus_points":9},"6":{"result":50,"range":12,"plus_points":6,"minus_points":6},"7":{"result":0,"range":9,"plus_points":0,"minus_points":9},"8":{"result":67,"range":9,"plus_points":6,"minus_points":3},"11":{"result":0,"range":0,"plus_points":0,"minus_points":0},"10":{"result":0,"range":0,"plus_points":0,"minus_points":0}},"points_percentage":{"1":{"result":0,"range":9,"points":-3},"2":{"result":33,"range":9,"points":3},"3":{"result":33,"range":9,"points":3},"9":{"result":0,"range":9,"points":-6},"4":{"result":0,"range":9,"points":-3},"5":{"result":0,"range":9,"points":-6},"6":{"result":0,"range":9,"points":0},"7":{"result":0,"range":9,"points":-9},"8":{"result":33,"range":9,"points":3},"11":{"result":0,"range":9,"points":0},"10":{"result":0,"range":9,"points":0}}}', '2014-02-03 20:47:46', 2, 4),
('52f0020c-b328-4fde-83b9-17177ddeb986', '{"question_agree_rate":{"1":{"result":41,"range":22,"plus_points":9,"minus_points":13},"2":{"result":64,"range":14,"plus_points":9,"minus_points":5},"3":{"result":82,"range":22,"plus_points":18,"minus_points":4},"9":{"result":43,"range":23,"plus_points":10,"minus_points":13},"4":{"result":50,"range":2,"plus_points":1,"minus_points":1},"5":{"result":13,"range":23,"plus_points":3,"minus_points":20},"6":{"result":78,"range":23,"plus_points":18,"minus_points":5},"7":{"result":29,"range":14,"plus_points":4,"minus_points":10},"8":{"result":45,"range":20,"plus_points":9,"minus_points":11},"11":{"result":0,"range":0,"plus_points":0,"minus_points":0},"10":{"result":0,"range":0,"plus_points":0,"minus_points":0}},"points_percentage":{"1":{"result":0,"range":31,"points":-4},"2":{"result":13,"range":31,"points":4},"3":{"result":45,"range":31,"points":14},"9":{"result":0,"range":31,"points":-3},"4":{"result":0,"range":31,"points":0},"5":{"result":0,"range":31,"points":-17},"6":{"result":42,"range":31,"points":13},"7":{"result":0,"range":31,"points":-6},"8":{"result":0,"range":31,"points":-2},"11":{"result":0,"range":31,"points":0},"10":{"result":0,"range":31,"points":0}}}', '2014-02-03 20:54:51', 2, 4),
('52f9441b-d130-47c0-94c4-6b607ddeb986', '{"question_agree_rate":{"1":{"result":0,"range":3,"plus_points":0,"minus_points":3},"2":{"result":50,"range":6,"plus_points":3,"minus_points":3},"3":{"result":50,"range":6,"plus_points":3,"minus_points":3},"9":{"result":50,"range":6,"plus_points":3,"minus_points":3},"4":{"result":50,"range":6,"plus_points":3,"minus_points":3},"5":{"result":0,"range":6,"plus_points":0,"minus_points":6},"6":{"result":0,"range":3,"plus_points":0,"minus_points":3},"7":{"result":50,"range":6,"plus_points":3,"minus_points":3},"8":{"result":100,"range":3,"plus_points":3,"minus_points":0},"11":{"result":0,"range":0,"plus_points":0,"minus_points":0},"10":{"result":0,"range":0,"plus_points":0,"minus_points":0}},"points_percentage":{"1":{"result":0,"range":3,"points":-3},"2":{"result":0,"range":3,"points":0},"3":{"result":0,"range":3,"points":0},"9":{"result":0,"range":3,"points":0},"4":{"result":0,"range":3,"points":0},"5":{"result":0,"range":3,"points":-6},"6":{"result":0,"range":3,"points":-3},"7":{"result":0,"range":3,"points":0},"8":{"result":100,"range":3,"points":3},"11":{"result":0,"range":3,"points":0},"10":{"result":0,"range":3,"points":0}}}', '2014-02-10 21:26:57', 2, 3),
('52f9460a-5964-4c4f-a86a-12a97ddeb986', '{"question_agree_rate":{"1":{"result":0,"range":3,"plus_points":0,"minus_points":3},"2":{"result":50,"range":6,"plus_points":3,"minus_points":3},"3":{"result":50,"range":6,"plus_points":3,"minus_points":3},"9":{"result":50,"range":6,"plus_points":3,"minus_points":3},"4":{"result":50,"range":6,"plus_points":3,"minus_points":3},"5":{"result":0,"range":6,"plus_points":0,"minus_points":6},"6":{"result":0,"range":3,"plus_points":0,"minus_points":3},"7":{"result":50,"range":6,"plus_points":3,"minus_points":3},"8":{"result":100,"range":3,"plus_points":3,"minus_points":0},"11":{"result":0,"range":0,"plus_points":0,"minus_points":0},"10":{"result":0,"range":0,"plus_points":0,"minus_points":0}},"points_percentage":{"1":{"result":0,"range":3,"points":-3},"2":{"result":0,"range":3,"points":0},"3":{"result":0,"range":3,"points":0},"9":{"result":0,"range":3,"points":0},"4":{"result":0,"range":3,"points":0},"5":{"result":0,"range":3,"points":-6},"6":{"result":0,"range":3,"points":-3},"7":{"result":0,"range":3,"points":0},"8":{"result":100,"range":3,"points":3},"11":{"result":0,"range":3,"points":0},"10":{"result":0,"range":3,"points":0}}}', '2014-02-10 21:35:18', 2, 3),
('52f94801-3f44-4d87-8afd-12617ddeb986', '""', '2014-02-10 21:43:33', 2, 3),
('52f94825-c00c-4712-8b9f-11e87ddeb986', '>q#????a?jrO''??k???ew9???;?F????	&?K?k=,??????LAq?V\Z?IH?''M?_?B_?6????E?2a?,v???q??\0????4=X;?P,6W?!1T?/?\\nV]i???????L''????;?{,{?!?PL???8a;[S?z????*&E|?=V???9??S?n?bH?\n}?n}X????F;??8?VaSa??wGQs?A??v(???????|h??ZPD????[?[A3&?Q???%`??>???q&a?t?9???+]????]@?y$?yiGD??Gg?8???1?????\\\n?E??Ù???{F?\0?BlyucC,`?? ?/\rM<->??P8?C	_??os???}?]?aP!?#??5^''\r???vJ??h???#9??F?V??v??~??)?b??H??d?s!???)??T"?7\n`????	E????|?Z???????6Gv?1M?????P??\\?1???Ll?{q?n\ZmP?^??y!?)gF?ZS??&??v????$?B?sp???J??J??X?Cd??\04T?H?z??.Xb??????TS>d?c??????D?Ml0??|=?X?????g\0=?i???i??J??8?W\r??z??c??''L???Q?;\\??????Z????\r?C?a?u???C?6???[D?e?y??Pl"?g???????Di@?]??{???(??*???~??\0???~?????5??h???3?B÷&?p?''ll;2??<??X?*?t??\n^??????x^???k???\n????#??eDF?}?F?J?]&??????>i*??&SsC?b?S??{V-???f?D8?N?`?g?)u??????S??žLkp/?>???1??oP2??9??iU?9????0a4??Rg??D??\Z ?TU?I??\\>(?L?c}?|DPc\Zs?????KF?U?F|??lk?6r?H?O?C/?\r;@<???iB!?????7?;?|??v?W-??a?QF6+?Y*sd%$SF?3?"_\ZR\0v%?0<????1,?jb???cD2A?u????S??S?Q?x6???<??}r?&*?\0Wg????$????>Se??Nb?TGV?m??>?X??5?', '2014-02-10 21:44:10', 2, 3),
('52f94889-677c-42f0-81f6-11df7ddeb986', 'PnEjFfS/6LZhrWpyFk8n+5xrqd0YmWV3Oc/46juZRuCFzc0JJpBLvWs9LD/L2P3z10xBcftWGrpJSKcBJ03lX65CX7o2sMzvr0WgMmGULHai4I8dAXG1mwD8u6eYND1YO5VQLDYRV9u4ITEGVBbPL95cblYMXWm+oh+Nrf+uB8ZMJz+xyp34O5EDeyx7nSHMUEyH6r44YTtbU+R6hu7D3SoGCyZFEHydPVaV+LI5r6NT624Q0WJIwAp9HYJufVgP7OrM8kY7F+yZOMytVmFTYZ+od0dRcwjgQYC8GHYom9mT4fIUzhMXsfJ8FmgeEp+sWlAVRLX+lbtb4VsYQTMm71HQu8jGJRxgHIS/PvOOi3EeJmHpdJw5/ZrNK13Vk9YPsr9dQPJ5JMR5aUdE1/RHZ/E4iqbbMbC+vfKGXAroRfGfw5n1ifN7RsWYAIFCbHl1Y0MsYL7HEyAIkC8NTTwtPq4F81A410MJX/6bb3PMusS01X2gXaZhE1AhtSPj6TVeJxENkJGAdkrq+GjRP68jOcDMRtBW2f0EDHat/37mzqkpmWLe9Ei6zwNkmHMh8ve9Cym18AFUByLkNwpgzwGhkAUTiQlFD6XHk5PvB3yFWoacGJj4EhK6ktc2R3brMU3fksXf+D9QldBcyjGkh4VMbAiNe3EVmG4abVDdXrDneSHkKQ9nBUauWlO0kSbyP3acvOaFJOOSgELtH3MecAPyleBK2QjCgkq7yVibQ2SF2AA0VJQUSPF6vfYuWGKSh5S2qhfOVFM+ZJJjyLLCHPCk3OFEzr9NbDDRifV8PbxYu7CBqLtnAD2XaacYsLhpoY5KjoQ4zRFXDT/Fo3q3rQhjpvcnTICM21GRO1wFp9jPx5HFkeZasfmNhQ3oCBxDEulh83UB/fWxAUPWmTYQks+cux5bRJdl8HmOkFBsIt9nmInIhNfqiKesgURpQINdj/F77/nMKBTb/Sqcha9+/88Ag5/Ifqfyucr0NeekaMsXo6Uz6ULDtxEmgHAB/CdsEGw7MoSGPITUB1jEKpd0xIzahgpeCNsRmZilyOR4XoyB0Wvag5qjCq3FwP0jtu5lREaGfZBGskrBXSazho6/jpc+aSrgGALFJlNzQ8QIYpdTgdKDe1YtstEFxxdmrEQ4FJdOiGDXZ+8pdbrDxMGp7xNT/b/FvkwLa3AvEOA+lKO1MdLIf29QMsiOA9g5gYJpVeo5HrfxooAwYTTy/1JnnoVElPQaIB0V1VRVpEnyulw+KOlM3IZjHRF95HxEUGMac//BvoOBS0Y/VaRGfMD2bGulNnKVDEjEHU/sQy+rDTtABDz/6LhpQiHfkdnH+eY3tjvPfLfSduBXLeu4m9Zh41FGNgErklkqc2QYJSRTRpYzuCJfGlIOAHYl/jA89IatvxUxLN1qYvS7ymNEMkEd0LV11v6HERCoU8C8U4NRhng2wJmPPP7jfQ5ylCYq75q2AFdnn5HfFIokoOIXH+OdPlNl8dC5D05ikVRHVtZtrPY+xVijyzW9xg==', '2014-02-10 21:45:49', 2, 3),
('52f948d6-a7d4-4502-9b12-6b5f7ddeb986', 'PnEjFfS/6LZhrWpyFk8n+5xrqd0YmWV3Oc/46juZRuCFzc0JJpBLvWs9LD/L2P3z10xBcftWGrpJSKcBJ03lX65CX7o2sMzvr0WgMmGULHai4I8dAXG1mwD8u6eYND1YO5VQLDYRV9u4ITEGVBbPL95cblYMXWm+oh+Nrf+uB8ZMJz+xyp34O5EDeyx7nSHMUEyH6r44YTtbU+R6hu7D3SoGCyZFEHydPVaV+LI5r6NT624Q0WJIwAp9HYJufVgP7OrM8kY7F+yZOMytVmFTYZ+od0dRcwjgQYC8GHYom9mT4fIUzhMXsfJ8FmgeEp+sWlAVRLX+lbtb4VsYQTMm71HQu8jGJRxgHIS/PvOOi3EeJmHpdJw5/ZrNK13Vk9YPsr9dQPJ5JMR5aUdE1/RHZ/E4iqbbMbC+vfKGXAroRfGfw5n1ifN7RsWYAIFCbHl1Y0MsYL7HEyAIkC8NTTwtPq4F81A410MJX/6bb3PMusS01X2gXaZhE1AhtSPj6TVeJxENkJGAdkrq+GjRP68jOcDMRtBW2f0EDHat/37mzqkpmWLe9Ei6zwNkmHMh8ve9Cym18AFUByLkNwpgzwGhkAUTiQlFD6XHk5PvB3yFWoacGJj4EhK6ktc2R3brMU3fksXf+D9QldBcyjGkh4VMbAiNe3EVmG4abVDdXrDneSHkKQ9nBUauWlO0kSbyP3acvOaFJOOSgELtH3MecAPyleBK2QjCgkq7yVibQ2SF2AA0VJQUSPF6vfYuWGKSh5S2qhfOVFM+ZJJjyLLCHPCk3OFEzr9NbDDRifV8PbxYu7CBqLtnAD2XaacYsLhpoY5KjoQ4zRFXDT/Fo3q3rQhjpvcnTICM21GRO1wFp9jPx5HFkeZasfmNhQ3oCBxDEulh83UB/fWxAUPWmTYQks+cux5bRJdl8HmOkFBsIt9nmInIhNfqiKesgURpQINdj/F77/nMKBTb/Sqcha9+/88Ag5/Ifqfyucr0NeekaMsXo6Uz6ULDtxEmgHAB/CdsEGw7MoSGPITUB1jEKpd0xIzahgpeCNsRmZilyOR4XoyB0Wvag5qjCq3FwP0jtu5lREaGfZBGskrBXSazho6/jpc+aSrgGALFJlNzQ8QIYpdTgdKDe1YtstEFxxdmrEQ4FJdOiGDXZ+8pdbrDxMGp7xNT/b/FvkwLa3AvEOA+lKO1MdLIf29QMsiOA9g5gYJpVeo5HrfxooAwYTTy/1JnnoVElPQaIB0V1VRVpEnyulw+KOlM3IZjHRF95HxEUGMac//BvoOBS0Y/VaRGfMD2bGulNnKVDEjEHU/sQy+rDTtABDz/6LhpQiHfkdnH+eY3tjvPfLfSduBXLeu4m9Zh41FGNgErklkqc2QYJSRTRpYzuCJfGlIOAHYl/jA89IatvxUxLN1qYvS7ymNEMkEd0LV11v6HERCoU8C8U4NRhng2wJmPPP7jfQ5ylCYq75q2AFdnn5HfFIokoOIXH+OdPlNl8dC5D05ikVRHVtZtrPY+xVijyzW9xg==', '2014-02-10 21:47:07', 2, 3),
('52f94bdf-fd2c-4011-bd61-6b607ddeb986', 'PnEjFfS/6LZhrWpyFk8n+5xrqd0YmWV3Oc/46juZRuCFzc0JJpBKoXljbyPN07isxlpQLbVTBZBKeL4AOlCzFrxUTvt9s9DyhUaQK2CJMSDr8cgBXm+1k1nksuCZJCJZddtHJisDFZb0NDVKCUXBN50cOVU/WHWIvASX4bHuCd4SYnOp0Kz9J6cdYDY302GTRl7J5KZwYXNFAuNzgbmVnDgQGGQUUjmKfgLEsbJz8PoCxHIKy1NM3EEpWt1uKgJNu/T67FwhJuiFc5jqWG9LaMC+LlwBLAC3X5HtVy9slcHRrL4Byl9K4vxkVShJEaypRmYLX6+y2/tV+QZdDSs83lTMjdbdP1AuXNupL7qAkz4ebn+4c5U+qsyMOUvHzZUTtLQYH+ZvNZg3bFhu1MReZuwl3O/KJ6L/9vGaQSDrdeie3oSjwOI8WZqBAI4bdHAyYlMzYfCJATYb0n5PCCtuav9M8xpnjhImQ+SBXnfQ8ZDwin33B+Q2DWY/rznS7SkVc1MDnomGKVyz7DiON/g9KJGDGohWka1aWz+ttyyki7xn1iKtple/1ARIyiZ4sKGjQH3zr3xJASX/MCYymluyyFQGkQNDAfWVwtz4USzaHMPcTsijTFn9woxuDDG5ZwuA78Xc5CJ7lp0Pl2n1yNYSNVm/YnAJhUUZIAOAV+/nezCjfg8tQg+gFFXz2GKue3iE/qvJMefe3RTjBzNeJwDBkPx8xxPYzgT7x0DGBiidwjExSKIKU+s287VxTnDempS94BeGSgI5bZU0nvbMBLLpkPRAguIYYiiRyaJ/DrlEja6asvcpQzOPNOJUqKJYpJJ8kJ8igV8UUinX72a3pkNj7ul2S4mLjAfVNURH6pTaw92YxOhC8bnahj7tFCpdCfMtvTYP5aj0TVvMqDMMpNGHoVIVB8gi7CaD0xtyOcVWnJ/ll9f2n6OlkAc0XoNW1ukx77HSeRPS+n3KwaFmv55CxoiLKvO7uYCqaaXya4ZE4OI951rC6Ad/kCBe9HByAT10btyGdNeKTB+Ucco/g96P3lEGWYlEwIv9mfVgV4qPgT2LzI31WvKGmbMl9bowEUiePN0KpUCKCWP1iJb/nNJyJHv4WRPKbwI/DYpRetUa0NWOYRNyoMcUmVR4pEh0WtVZnnLaJKRzI/Oa3J7/4Uodvb/F9UJbfGI0G/E+lKC1MdDGeGZBY9CFBok309giAeVoTuiv5JFoYTvg6Qs3jY5QhLpUMQsFlRceuFzv/wMxJKVV0pIxSAMx4moVHzwTfefHsJuICFo9Q/MQO87uLjTgenSHQBWMDAjxVDSrRy8LGC3/v+4uHTfNitmP46oitmqAI+/SPL8SYe2q14s0vEdVOw8zmRQxeGMea2pcT9ovqjZfUkhCFXZ0sW9k9Mzy+lk3PpE3NKut2WdZMgsJm6lk1qnRVU++Qd2vA9hEw29xid/Paqy2JEwklWV+uIK4GFdikYnUWZEvp+RZUfHaIl12s5PtEwkyzhQeGNIg/6hmlAj4lS+lmTX3wVpj8yMblHp1tMHHTWjW', '2014-02-10 22:00:03', 2, 3),
('52f94c31-b778-43aa-a8a4-12617ddeb986', 'PnEjFfS/6LZhrWpyFk8n+5xrqd0YmWV3Oc/46juZRuCFzc0JJpBKoXljbyPN07isxlpQLbVTBZBKeL4AOlCzFrxUTvt9s9DyhUaQK2CJMSDr8cgBXm+1k1nksuCZJCJZddtHJisDFZb0NDVKCUXBN50cOVU/WHWIvASX4bHuCd4SYnOp0Kz9J6cdYDY302GTRl7J5KZwYXNFAuNzgbmVnDgQGGQUUjmKfgLEsbJz8PoCxHIKy1NM3EEpWt1uKgJNu/T67FwhJuiFc5jqWG9LaMC+LlwBLAC3X5HtVy9slcHRrL4Byl9K4vxkVShJEaypRmYLX6+y2/tV+QZdDSs83lTMjdbdP1AuXNupL7qAkz4ebn+4c5U+qsyMOUvHzZUTtLQYH+ZvNZg3bFhu1MReZuwl3O/KJ6L/9vGaQSDrdeie3oSjwOI8WZqBAI4bdHAyYlMzYfCJATYb0n5PCCtuav9M8xpnjhImQ+SBXnfQ8ZDwin33B+Q2DWY/rznS7SkVc1MDnomGKVyz7DiON/g9KJGDGohWka1aWz+ttyyki7xn1iKtple/1ARIyiZ4sKGjQH3zr3xJASX/MCYymluyyFQGkQNDAfWVwtz4USzaHMPcTsijTFn9woxuDDG5ZwuA78Xc5CJ7lp0Pl2n1yNYSNVm/YnAJhUUZIAOAV+/nezCjfg8tQg+gFFXz2GKue3iE/qvJMefe3RTjBzNeJwDBkPx8xxPYzgT7x0DGBiidwjExSKIKU+s287VxTnDempS94BeGSgI5bZU0nvbMBLLpkPRAguIYYiiRyaJ/DrlEja6asvcpQzOPNOJUqKJYpJJ8kJ8igV8UUinX72a3pkNj7ul2S4mLjAfVNURH6pTaw92YxOhC8bnahj7tFCpdCfMtvTYP5aj0TVvMqDMMpNGHoVIVB8gi7CaD0xtyOcVWnJ/ll9f2n6OlkAc0XoNW1ukx77HSeRPS+n3KwaFmv55CxoiLKvO7uYCqaaXya4ZE4OI951rC6Ad/kCBe9HByAT10btyGdNeKTB+Ucco/g96P3lEGWYlEwIv9mfVgV4qPgT2LzI31WvKGmbMl9bowEUiePN0KpUCKCWP1iJb/nNJyJHv4WRPKbwI/DYpRetUa0NWOYRNyoMcUmVR4pEh0WtVZnnLaJKRzI/Oa3J7/4Uodvb/F9UJbfGI0G/E+lKC1MdDGeGZBY9CFBok309giAeVoTuiv5JFoYTvg6Qs3jY5QhLpUMQsFlRceuFzv/wMxJKVV0pIxSAMx4moVHzwTfefHsJuICFo9Q/MQO87uLjTgenSHQBWMDAjxVDSrRy8LGC3/v+4uHTfNitmP46oitmqAI+/SPL8SYe2q14s0vEdVOw8zmRQxeGMea2pcT9ovqjZfUkhCFXZ0sW9k9Mzy+lk3PpE3NKut2WdZMgsJm6lk1qnRVU++Qd2vA9hEw29xid/Paqy2JEwklWV+uIK4GFdikYnUWZEvp+RZUfHaIl12s5PtEwkyzhQeGNIg/6hmlAj4lS+lmTX3wVpj8yMblHp1tMHHTWjW', '2014-02-10 22:01:24', 2, 3),
('52f94d6a-c960-4e3e-812c-142d7ddeb986', 'PnEjFfS/6LZhrWpyFk8n+5xrqd0YmWV3Oc/46juZRuCFzc0JJpBLvWs9LD/L2P3z10xBcftWGrpJSKcBJ03lX65CX7o2sMzvr0WgMmGULHai4I8dAXG1mwD8u6eYND1YO5VQLDYRV9u4ITEGVBbPL95cblYMXWm+oh+Nrf+uB8ZMJz+xyp34O5EDeyx7nSHMUEyH6r44YTtbU+R6hu7D3SoGCyZFEHydPVaV+LI5r6NT624Q0WJIwAp9HYJufVgP7OrM8kY7F+yZOMytVmFTYZ+od0dRcwjgQYC8GHYom9mT4fIUzhMXsfJ8FmgeEp+sWlAVRLX+lbtb4VsYQTMm71HQu8jGJRxgHIS/PvOOi3EeJmHpdJw5/ZrNK13Vk9YPsr9dQPJ5JMR5aUdE1/RHZ/E4iqbbMbC+vfKGXAroRfGfw5n1ifN7RsWYAIFCbHl1Y0MsYL7HEyAIkC8NTTwtPq4F81A410MJX/6bb3PMusS01X2gXaZhE1AhtSPj6TVeJxENkJGAdkrq+GjRP68jOcDMRtBW2f0EDHat/37mzqkpmWLe9Ei6zwNkmHMh8ve9Cym18AFUByLkNwpgzwGhkAUTiQlFD6XHk5PvB3yFWoacGJj4EhK6ktc2R3brMU3fksXf+D9QldBcyjGkh4VMbAiNe3EVmG4abVDdXrDneSHkKQ9nBUauWlO0kSbyP3acvOaFJOOSgELtH3MecAPyleBK2QjCgkq7yVibQ2SF2AA0VJQUSPF6vfYuWGKSh5S2qhfOVFM+ZJJjyLLCHPCk3OFEzr9NbDDRifV8PbxYu7CBqLtnAD2XaacYsLhpoY5KjoQ4zRFXDT/Fo3q3rQhjpvcnTICM21GRO1wFp9jPx5HFkeZasfmNhQ3oCBxDEulh83UB/fWxAUPWmTYQks+cux5bRJdl8HmOkFBsIt9nmInIhNfqiKesgURpQINdj/F77/nMKBTb/Sqcha9+/88Ag5/Ifqfyucr0NeekaMsXo6Uz6ULDtxEmgHAB/CdsEGw7MoSGPITUB1jEKpd0xIzahgpeCNsRmZilyOR4XoyB0Wvag5qjCq3FwP0jtu5lREaGfZBGskrBXSazho6/jpc+aSrgGALFJlNzQ8QIYpdTgdKDe1YtstEFxxdmrEQ4FJdOiGDXZ+8pdbrDxMGp7xNT/b/FvkwLa3AvEOA+lKO1MdLIf29QMsiOA9g5gYJpVeo5HrfxooAwYTTy/1JnnoVElPQaIB0V1VRVpEnyulw+KOlM3IZjHRF95HxEUGMac//BvoOBS0Y/VaRGfMD2bGulNnKVDEjEHU/sQy+rDTtABDz/6LhpQiHfkdnH+eY3tjvPfLfSduBXLeu4m9Zh41FGNgErklkqc2QYJSRTRpYzuCJfGlIOAHYl/jA89IatvxUxLN1qYvS7ymNEMkEd0LV11v6HERCoU8C8U4NRhng2wJmPPP7jfQ5ylCYq75q2AFdnn5HfFIokoOIXH+OdPlNl8dC5D05ikVRHVtZtrPY+xVijyzW9xg==', '2014-02-10 22:09:48', 2, 3),
('52f94eb5-c30c-48ae-afe9-14da7ddeb986', '', '2014-02-10 22:12:08', 2, 3),
('52f94ef4-16e8-43e1-ab20-14e07ddeb986', 'PTmdQ6b484n0awKmVMZBafheSjKJ37qlxhkExpQmTSN7diwozrR+5cM4tTbd/G6qZoy3X/QX2dShrTdD3o25hQiN1EDuN6eornm6rWJfK7yWzlL5ezZxuyPUM9t3vjUrunuo8zcmqQCX18FWJDrkXkPGO0hi7FxPzHNkwX3p5wQ2cAZqHZku6fxucV0Bv4Ng/cylTAGU/hgbNVDwVTetc6TAwNXpPsxfM2jSsfNBDxhfsXgsW55WfBXHciUkNHiyPp1thQS7BKnZa+q3EWldxqGrCh1a68/0RN3WY5+WPkYuc9wrXE2Sjoz+Fpdd8+Escp62t0oU+dwvjvSW0DUWNlsItjXD3i22vS3eR8ZifDf+fW847565s7yW5eN7ihtqphEhUHD53TenLOvjl0xZhOtX1CdHb5ql16euR2Z0Ay/2KiKZy/wxCXHOCr7AEtfD2J6BoowB6Qro7DyLaZs+8YvXPM405tTSzSKRCGZNQszYTDrYBpLnsoBsMwIJI/FN/E24qcN/9oo7rjgvUMSw+mQlOX1ENPQ+4AUIQIqslLd8ots8fh6mcruxOPld9rUfjEQJNfJiZ0MmVdsgz/NjwtOrqbjXWYoN4zxER96orisYnnRRXMO74ixiE75MAKoyPRekVJmiQsem0IvYiX6tvN8CeO0vCd3BScBz+5HYBNJn8O4ADboDTh/S0uyg5UCPyp+X1BpXF46NIzFMxbZfS1Swf+JvqbiqHQlwlGZ2KltnSGNVxl6PiW6+7nPQO/UMzPlqwePmigZYlN4FDREx6GY75H6aCcV7G+R23RQr7bBut0rAnB5jgZ+v7ICt744g0w396ZmUkAYVeVwwsxKwyk0/eT+BX1sErxK24I0eeiGxBSq7iuHSpTErTUua7eVguiZkgSO5EQlla4mpMejdIzZ/ZkfvA+niPCeeDXIUc+A3aPlpHztL8JaqZyg3h685JYlLZXDsh6a9zgn/QJWPiWVj4ZJFU1uHhtlSCK7N9KrcW6kKS0cGU4LMl8biJ96RO3ortyaLBHpmMjsDvr7cKuSn1AzrrYmOXwwK+MVMEflWd8AJZwIqMs3nzCt7motWNL9QFn1uh9p2ZWrpRMfKITZgaoauwPfPs8R+ZgG1EauSCOkxthDu61cqxnDcu2uAKWCyBXLjNe1bzgNS+9fnbF742IQFHb9UIAuStIrmlY8be0/6tx9yHAEBjQDR7EX8TiTjH2bKbaREzoi3nF0FGGvWMBCc/cSc+j6XagHo9Ag0NvppNBgq0YMHmZq0cnCzCf5BbvLmgaQbBn91BvK83c4M/Kf7zWZdzQdAKeAD5dvmc3hRh5aaFpuJdsSFfKL9T1gQSuNBUXgpvPK45lhPa8p0ALyl8gkaaRfNivzEW4RZtApDamDsjRVKSU1rM2KivxP9rmD3Wn3CaqCWpXbJd4pgtg6ro5LkaE44WZOuoEVQWOSBjwvssXniWfe3mTZofC0zyi4HOswbwlJTQsgKu1NDA8WvWnIDmnaJp4r1ZlHLDkP+BzCQAWdVLITNTy17dzLQ', '2014-02-10 22:13:12', 2, 3),
('52f94f0e-9088-4b6d-82a0-15637ddeb986', 'HFonI8XfDATavwUiknUFn9rHmT6+XkyRREH0EiN2TQyMKHRQacPTJxmQokzDzCAsNYq3KJYRCg6qw8kn/dZYuH1OCjLNDRLAURfHRrZSQcswcXDYOMad4XE+/ZPFG2RUbPXqn3LO+VXPBqpF566D1WCwRl5zBtwC14HSkKvkqwPyqgOmpJ5WrIAKbmkVINc2a3zBY7ilMsSZtmHDDYPo/b41ry4ra3Y29MqeIkPeMqrHqgqaW5ivnlyO5fsKlVO9bcHepfNmN4erh8B7ev8j7C6JMQM4t94bG0cxhkIvV275251XoiEZSaq19K4hXT77KaH3PL3FE3f2J6UQGr1gQEDNa1v80jyDNuZckqPMgdi6fUbg7ECn6ZKQkt60tpl7gy+D1+M4KbgMf4+ZviddCbbncDfKOaZ6N4+NJoldniIRNw+ZWhMvQoV6yPljFRkiVl5AVE8TKNFLtP4q98vQk/Xs1txqkB8d1fPoTBA7+r/g3C6+ZXqu8FX730VTGj3VYpEmydb8PwxKndFZEPaF6vG4Po36zafSN92bHZ0p84s4C5x2Bd4/MobN/wFVRVE5a0SRpDlFxZurKlIhFK2TyJa5MHtIMeoA0ljM31QK2y/TGEPgR0nrylgSucG9kXk1KCIewUkALRkuTXnRIfrrk1rviQUpV00p+dUQNh6cKSc79ykRX0h1EmIQx6O+QfmlG00MXSSV2v6ymYbwVOSAI2hnwZ7KwVfmkSXbuXAJ7ZBT5kHOV7aRXvICqLelo8QXORoitjOs3HMse37B7wi2kixMYHqHJTvhYzQJG7aQHiSE+HnO5jsutHktF9uq/+uyckHCf0gUroOjKQZXjBxnSxI3zjCXoiEB9ReY9urpMOlxCgwrohP6ZmdZTc66ibrgBDxublGyj9NS5FDn3mKBDaU/4b4tgF9kHVF8pfwEMqfscTcCgtwkEFXzimdefwxbjUVSFiOrSsuHdwj9O097ytsIt+9rjYhkNrSSyBPJO8euLcZ1Dp93DWcSDGeYgC2cV6iMb62CBeZLCwKfRT+hoh5yhoKcxTobKOOPf5l/nBT3KZSrCxW9CIS4Qyz1vkE+6QF5e6lCpK5C/HBQBh4DupKa7r7lwvvvGQ70gyN4+ZzB4p+6GL5VCEbXdL3ItHgTKnkiNbL6tqLAhaENNPci0HOf1Ynru4XEmz1Z1c87e7VP1gr/7B9BlL3ontHXocrShjRgt/UVC1pKHyTFpOdUR5OdX5XkRI0g7V2GUTudZo3+ekmQNS4MKVK1WbvXopNr1GLW8TW04N5MHTOxNu1iR12l8dCsg4XiRHdNZNBObBD21BgZ8mskOMXfSWgGH1/5D4qkUwwUdHCzijJWQfZMq8EvpsWJdc39Sz3ES7g1zpJOenWPCRG09DR86DrffisRbStRedRBAiS47oIjIusvTLC0BFt8fvcSL8wDzwpEDWCNPd+8gQ8OS2pKk7rRDEC1SQQFw9riqLUo0w2syyaH9MuZtbim+cRk4QWfthkIg1/envUOwQ==', '2014-02-10 22:13:37', 2, 3),
('52fbcabb-90fc-49eb-87e6-361f7ddeb986', 'I8/VkWsUjKC33DtcWYKmNq4/mc+f3SYMUVMzEwUUNOFFi5FLM6KQNWkfuMoQ1haIY1vkhgORawgVvfYIiPDb+blLvYcs1BdWjBRsfwCVcgZcWXfXuCdoGHN44otkEIRGAP+2mTqOXul1nNO+z285W7TwayP76mLrrK93w1e4pzaa2rKrtk/5RZQeouun0NMvwZA128jv23332HxHfQvvVWx/JQ01dBqXRvXo9TDHxXzoCrhkoD6G48RC0rif2t9DOClQpBrHCnG+pnuPcDzgoxhh/u74o035KWKBskkzxFfF1Ef14cum5aaMeUDh3dFpws0MiCV8Ptg2xK164LoFbRCLAhqyuGCFQTGOHkg/lcZgjMPA1VIdFBKbnjzVolUyYFLpn1ygLiHDPO+jnnU7xOA7dG34fnSLjPZBSi+gjeagfA5T28d6bleby57QRTVTHFhVqG8LO47T2WhE9n3G2pvQvYoynL0UkgMPH9XYVuidgOLn0xThP8hqFhImN4HosJvt17yYD/6M3f48HIIJMiTcWz/04g7bNudyFQwpPzC5mHiPl4Z9uKB4mGg0Ymn+XytTZnlaAz9bvUeM/oIiPxcVdysYm5vk/SDIQbhbmjaskGEkcRDaKsgXz5FKuXzQqrtMzEcKulEoUS1vPM047JtaI1zNgarqURgq1cdrvuCgmZLjo09jpQLY1O/2wKhH8mqu+OM2Hgf5aZXTrIcbM0Wrx3IE1AVT5R6ba7kk7/5S3Dg5X3lCe8Ur+ocxNUxLvV2axTL6YahfJ2rSvlW0/hYYYJozlle8IIeu5Wk0fvaM+Lq2Ll39ZBZ3lKDHB2AWYmdki8D1GKkOpO8jhYXcfAFbEKpnqk+7KeqLA1xUQRs7G/W+kz6OWZvp+MS8uZWtNGRQax5MwHFiZJSY/9kGxfiWq74n9KD9FglfiRbHXbFdC/iiJ9x/VdxVSVmrSdfkt0c+XjTJzGewSJIAkrMJtQXq8QjxB9wP+bQMF1K1UTjcQqXJTfeTUW4RKtd28Ijk1q7shrkFn21+mvCtpzCR016PiSFDnEHkXzcTUH2ysq7D7rXKLNZET2WJJVU3Dz52U4SLgC31zr2TDK5YTcm0XOIjHS6SblT66D3Wlqmnqqlx4OwX2+T4OCZ17m8RgZ/RsTwtqY3ODfqnfzON2R6IyOznrdUjG9TUUMpNqD2/2Q4wsXCPTzD6uqp2GToF2tQn875qCookaQV/MggP9hkYCb90Or83NZ4T5YUzj+HpHL1ThIOAJ9Olju9L2mVD/sxhYPOddAzWuskHJs+SfUHQoZi0QXLdJcUDM19Kv3Teg8Ss+uE94EImQfQAPEN0XiAzwmjxG57Il/MQkmovAioX8pOmsWhwePRPKT7xYK8rEpC5HorjyJNlnNnOXRlASjnpcf7xnyCBFG4WneS2mFa0axjp6cpSFv8tfHZR7x/uSx94dYUhwWor/Aa64kG8ybEWb6L+O/88GVKi2l5DNyasT6lqCiZkp0zPBH2BiE8jocHq4U+ohabx', '2014-02-12 20:05:09', 2, 3),
('52ffb392-eb24-4026-8c96-194e7ddeb986', '4aTGMDjssUQHwDoGlxCBK1e7usIYV0mh/FfyuE2QPH8rp26S3N5lcBrKLlOkgKKJfhaWN3C1D9b+DM2p6F2M5hHlLp00uQfuPtgfpDcF68oSaHkLPFfRnilesjke+bsUDLOHF6hzVIQ3mSmWx+VWXLuLWolO5N8ph/kZA+c0FR1zHcCitwp2GcRzdcZp8OT2qRfmFe9INnh4kbtZrh4zGhr/cQLMED5BDni6C9X3BPvULrFgew8cqh6IU9CqV7NmDHaUWLrP75rrWLDGW+pPbWOLJebmgirW9yODw1LJHSRpeoPGqAPgJYuYY8x4u/Po7lGIHbyBwvMuyNkgLOflii1CwoGAQ2YQXqUmwp2ZHt9tFhCG7HCbDyQZM5uyoMCtWmzR7DJp4SjrOPqLgoJCjVuD9e2vg4BDvjBkegMnEeRbBWXCJfmY7nS4xORONbkM8EBoH9h2FsfQF1hCttThj02JVqV7JIBiKDIiaf2xaFIXyKRXx9zaYPSXkdUrah/2O5s4Ux7pl6SGhrWMotwF/DOALQdodfDJhBoBOotHrPH8nPxBm09aYgRyEDROS77O6Bcxe1ugdb4x8IEIMQP/ScIEjLnGx3+2lgAekqvR/yU9/PJYOoy5zZ6EMtXN/G1kuK9FIRBoj6Amy0b6cayYIa/rw6e5HSJdAHXIIBFLApZ57XbBfKGsk3LFlar4RZA33F+6ZV3GIJZ9yTCenuvwRrS7ZcxhRbQGJumxXa9CgBSy7c/I1I6bWDvBeZdMmOAoBgQ+TGp4sA5v7IvZE4SDCXn08q8/872OscaE4uvR2IRCOiXw7TDnuKtRa5WPTVA0zSXcaMTVPtACCxbHI07J944O9+eYjYwWU5aHKuuXnJOLejQl9CkKcqsEd939LG3f0suvyZVBOWFYRmRz+EYWMuMWbSWcFfRn1UYyXLhYWrBa41zKBwmo/P9TQmupWQVX4JxisNAZEBw8sOKXDyxS/NhrtMDN7uFU+hqVSpPc6UOH+Fd5B4Srv+Rf63W/skvPKFytm4HtyRZJpmI4JdAOANBLM5JFNJpjLVecLdV8EofxQi2C3bHB5IzUJzpwYS+YjjGZ5us39Rv4WwYc8R4AwU1yESRgAknwbd4jXhyxp3SAFXR3t80EYkzCU7gi0UyIXSP6Q7lOslGzL0rVMEuz1xWKrI43AJ+X/NvyxmuoHz9h9rCbUNket4BGYYfkWWr9KUWQMorHPlO3BqCmYR9cX49oXvDP5nDruaXaK8xFjPmTZC/iiW5hIBLYCtahzclKPGO5mJNPOx63OD6VNW+cPVYyStICz386Z8OagPRGIyBBcgJAiipNQ+dXSECbIZtoFEwO+nSRSGZcv+2dyfX3SQe69+M7VvnwVW4/Q6ppn6wP0jbEQclLUcKczOJRpEqAHjWO0WT0RHswtgTDm6iDYM6TS/I7AH8I4Sn0fX2EhQda5grsingFg4iXPAYR6gM1ZaKlyNGK7IsLzb+HX1/ltdwvMeXFlgHNVEWnJtF+9VkzEP/DcWqjLJMp9ifBIyNfkd85', '2014-02-15 18:36:06', 2, 3),
('57323ed66f531b3fdf3ae0aee80fce0c4c55a225', '8nOMbvrwxxGM1HPaKQbZqMweWh6pAZlnai1vFfaNyoMkJFebFrQhONHh4GVqDfa8Demt2p7mnZsPGK/7kAODu0B6PinpQ1mqOVWCN0LK3QuTqfepHZRd3SwMn2m7owDurjoq0S5Qn5U/S6kn4A66xyOD9iQRGkttHAyXcQmeubEVpCBRdScxx9yOwej46JTM2Wjlyl5itxhoxQCn5GETMMbUq+mIWqSwBlSCWcQddNCH1nJqCCUEd5z2NvlukZg1eU/LMZBnZ2x0AoUfCLVKNES23vWxMsqaEXGzaYUQJiuH2D01APfYEmbxus13QqNuej+vioMWvaZVW2UysYS8KFcpsCkpci6tkP6YkHAGH69iVUOikAjq7hdw5YPBsQel/qkLLNprq/pJxLSjVDDHMJUJPH4l+HgO4GeMSWBO+0bNZdCkZ0nk+kbVGFyp2EdOj40AENrRSgag2px70Tkufhxd+o9XW2EFbHuic3Ta9bZoU356GIReErdO/u1idSPL8rUP5Ce5f5IagGQeIuwmoD6SlWHsFZfEqMGoGRsJRMmmQNH1Ah6SVeeAMf9LVHmQl+Arv1bfRppeNJNFDDhBVt254QytmyASakAO/GEEQmPYCJd/eYH07vixalsazmeNnq0ZFV8gOiAYbMHLQYbs0dl06g0p9iTGCkCDm77g8Ao9nn3ir3z8R4BtJpRcIycCluyqL5nxtU1A0epxLDYzTg5DpuY4/g6qHLLyckPTFCBobquyVGPKuXKBb/eO0cFTVU2vSmCBtlGHIymBrxHJ3SPu2Lc8C27Ad/QUQBd0hABLZFzrru3lhKEaZhjOnV+yBYCLRtoXAhHHHSgHiWbvZp8B3uNaKKoUwMFyVuMJYTTUNs1TQ3D9gPNTGLznGwm96PIarOA50wyh0+O4sMYx5RJEKR33pNjNu5y803eG33M5uWVDR0/sH8fLUPUGuSNe3O3p5Nm2NAD8jOSiT3NLzbo3g8PUX/+B3M6kAm7JOCt3m7JPlXKK4tdUwspvO6huaLiNmlu6LbAFXPyIcoLK8ZtaIqAHkfrFT4Df/z1OfLfnnlZzcfjp01EUPdHEzMxzSt4XROerBAGlN7t+cJKy51YqZjrgl6qtkf2JjhQqYq2yO1kXLkeXr6pVl1Xylr33t1gVEFdmpU18R+oQMgTQYU6kc8GnaRM/o/rWAXQRUVeF+49yfWmdKwOYV0n3a+ee/G7SC6DIPKSYuEsfSWGn5fHquBeqS+6Y2neHirpj5BgJ/L4JZohfjL7LHrw0y3pydRfTUV1/jIlHXkL+2Tk12qPd3eiRm5D2SM+k9O32Hr5fjFWUe8+TmwoaIhlgXqYfNwnuMHP/KGDKKLy4PDjsLXvn20bhGnTEBuov62G/ZC5uss1wFNdKaEkejN8ztRV1nt+KKZSo9up9DtsIPx6ERTloeXZi5r0mGXGjnVd3CHylIzGfBl6cy+UNPpZ5xanWJlLHC2tTC6ZNjVUe3DvXndX8tLJrCS3Yu4GrZoXoAlt4SUNOkNK6QXyz60CkykEBhPfRVHW3b4H/5wCM9APrukxyRBODNAedyEotZSvizRZEmA==', '2014-02-18 19:19:27', 2, 3),
('5a9a746e72bbe82a6b216b3c69bad87e18d3ce29', 'Y24yNtbornqpNXg247c5FUetbWhWTbf9SU400NudeywkJEOvSJhNASII4AoiG+2LZ2Aw5Qtct2xnse5CJxBAYHqU1TWO2RQNe+zxjtvvS2piafVkL1fy4ZM6o7pv0zjuridSchU/VJ8oTMzNwct+7Cl6v2MxU2R4deSpePhAHP5DzcPF0YVFhI8HD/opyiqjln9QtGD9kMgMEO6Ma3r0iwfUy9FY2t9oRVSbVh3IYhLC1VbWTMZbyeDuSggvID+8gSSNEAeEFG/suy2jmZF6SPR6EUYsuHCQCmvIXGF9sOkD9JxaypHzJCRTF0uxZzBCe2uF6D4pgv7/V6DflO6X0BIJR2W2Hx1wEYvJtLfe2XJHIgFflEcKH/mvTZY2l/68CFQtiRWuXEL4lYM1s9CHKXGRTtDcDSa38PVVqveh+FXddl9NmGnPwcytD2IfBKiBYXqbi4eLYX9unJYZ5Ynx5QeuNCJxQRlrVbEj8Qk30Jq2OI4SWAyepALphCQVLQulL1M5UaleHF6Gb+qJp7futs2MxK9rCdByJisRcfEyJqjhIPhIPTgh1gjQNC1/WWD0gaUBzLhei7EUrEZfbaFY47MPwg11lmWgCnJjJ73M235ewJLrdRnRHNNRQa6D5kZ9NFV/BmKz37fmbWFRx5nXNVp2aSvXJ7ZfWlsqlPPIpBGAeVRv4jThBJcF+Fbc29/xAk7gelB4OVA7NkRiTi7J3dc5wpOZ7XI8Xl0KYFYmXbZCjauFtLqehF+jb0YzrLDb8/XdMGEQMh2ZpcX6WqkvjpKHrLyWakr04WQl/HwII+Qj13eCbHPYyE9ZircpVEOD0QSLG6T4j64HVm/JveKsqdu1EfAR7HowyCw3fcuPsAdJgZg8yIi4oKTubYob8Z+Z2nJt9uE6krqOtoxNGrHTwHtWPZa4n1IRDA3/e0PWdg+1HbiDynQTA4neBhWVBJwM4G+CRA3IlvYj+zAUPKxZ4X6xu/eDDlWQDgiYyfOlC7IOvZK5qew7uyMkdc1UJGxMJXnQDAnxvoV/DuLlqPWUFxdbrMqNWEHmiqRHKyCZ9PKhd4qUJVhcSgyslKU0ksGkFZy+1Uks3u7lhrvf4hOCrTycg2meojPG/3cONkP0zW7GUtan94s/4uHLsxJZ43DRJANayEfNAoU4igjyjhEhJybyQML1wqnor8mgLUghEBM99CZP6E7KBiGAj/RAlWClt6R5ebUgQQmWXDNdo03xSYMNjFIejsban9U8yymB1N0BEWSLY11hdoSFTRz5u17k8wvonxU8x+3QNUAwOi1svH8/swuyqGlVxENAxwfIAdEQ0rIJQjJWlVwTpOZA2PK4L5E6G3IHdOorRYQkc87Uy3vBege88YwZZXndgbZRp+ULI5PTwhOy8RMCV5PJwILPdC4Gcl9hFWzbR8UqDDq9w/p1m0x53lbs5h6tTy+3lp5KpeY6K/cUksOm52pFFeOoyYqjawcRZfz4BVd0tJEbaPtbizNa5fnDrNMVnBcwk+NdFUc3YD5uNfXG2a/TKYS0M0fCLQzFMllbmXoCgkiWaxKiWM4Bx8V6cS/Mv4xqy/OhQNHLA2Anjuiu5QsBGJe1gx+fgvacIYmDic5mLplzcKSg', '2014-04-28 13:20:02', 2, 4),
('67b1d5c61c36b94dda1c96c73af165875dd8fec1', 'MdbgJa4b+YA31tiV3wC8A9F/Ysb8UV9sD03Fev5sdwwkJJzGKJce3aPzpL72S7cdYJ2I9LOfKhrzh6oAgptHLG7hc1DjSCy1wWa/COlCRr1m+qS1vFGC7R9+IMMhHQ++QjhR1TIA+vpg7s9Lmf68u3s0hqcyHYMM+qpIiOgCRpiycK5JVECc+R4F6WFiWVbcyC5CQN+4PiHS6McqLCxtRANSVs2EHzW1GN70X85FyTYxK8+WxxJ5hAM3Bgn23IGbm4qcO+VuHO+fw+1JkL5tBL3S53Ai8pE4BhcdfCxWBXnYw8K7agIhoe4dS3pJKlM8a0Rbtkb2pDH5wlwg1IFYaI7VPO0W1FEsEVu612ClrRXP0Sp+5LvIVB5MLw+2ONLyTLkPNG8132irKKx6RE9mcHAyIPhnpE3yPgxBiIxIyiFqSlUM+Cgwb0VNJsxfuEBU4hX70vs8VjMEsbwFYHNQDYFhmSylliyFmzI2TIlb9BMjyEzOcD9wBlLHsIhkWVa9+IfGwKSPHWDjnE1EHEM1S8zHCsoz2p5hA0Un3ueoRxn0JhYNGl9epoJr3HgDh2N1oNfQg4zgh7gBD/UxppUmSKPS+gm1BcbR9dp7YFJIkgmusGhAVtcqZ1h6G2CnGIOvDdYgdVXPeE76y0OOxbfbfK8+wXhYfIcsbJdCSqB8oGRn+MH6NenZz/DZxVLmS0e+tXMrwRGz0d95DBVPrD3+Vrdywtu7LF9GPZc/J68iGkQMd6Wo7PKFpFFIleRn2TxSh91wwnnKkV9JQRaDrHv29uJ6r7gGdB3y6eWiG1t0JAhp0VWG4SajIYgJwu0UP+YMS216BVyYGEwm+YUWjCTloyRZaLmtfxYe9JXw4whI7BMalpzwMwaOlnv4L0Yeve20RqBT+PO9LUc6CZ0FafSIdsf1Lx0S69iNoMiCkHTYfK/qdhv7drJ7pQvOudZugg2fO2tWNQWoQE0Jngqarj/etLt5Xzj9Y5MLlegBfB1d3n6OlQRSZSz5kXqnmbrJ6Iyj08s1gpMTwAN7p0t3lGlD4SNa3/xoMJL2KmvGUiqpYwTAQMWI5F+u1qlhjYIKMv5vSaawY3Bc+qxEzUnK960Qg7gjqfnQ6Vnf6S8ASuPlAOiWw9MAhzysKtID/+bE2GvZWsR2lkwQPVMAyEuA98I0U2ampf2IyxSHL59kp8hmSSoJ5wNRUifcxOuqbBmt3P5dK/kk2SSXY3UlBbGGDBlCRFaeaikaqMvXpMGP7u+833PAJSiveUSYdwhkcYATbOpT3vYg0w1FdAU+RFh2H13PZ1+phcaWEAGtyIDjbYRwUOouIrMrD++CXizsGsfz+wYc4n2SfafkVO6o/RnegL0rJIlUzAjYDX2IFtTIDXPq+sLiT1efqoxTWyNuycFGlS/7UWn1400G6vydIUWEyliHDmHv4abRO0mgOpXsFSugE+2/M96blh//RC557tKQyhSgNWZgbuJKpkqLF53ZWUJ03UYnCuy2FYiVXbAW2Igv53jeKcT92QztgENzV2WO6sX/dzYIlFxoWV7hQniKN0Kt92FM3uqlo9FUyc0NYFjHgDv2K1qH36HPOHHhBg4F3AC9GWnF/k5XpyXmsLMGOSTU52ax', '2014-02-18 19:17:38', 2, 3),
('6c62563267ef564918981031e14466547ac568e7', 'BUb49Dp7b+rRCdSa/VEDv9cv38KbzofrK7NGiNa7QhAkJAHtr7qqZf1In+sFo7LRuezXDNXCHLSOTcc1f85dJ29fjOtDvHBUDTZrXKJSsovvRajK7ViXTI8TSa5CmgHuOFfisv9HPBmb0R1qGs6eYGYCeyQVsFSxI6hhYMiF0VU98sB63XY/VFJGV+kriEkcrHnhXq9oUrnRolDYjdoI76CakjX7q44Qb7OVzpCKviL/ynqLYABOdolV1/axhWw8Pughv+amTrfmSsvjbLuv9hzMmV4N11m+lKI+sD0NKzc0L15tNvT9QQcEgSFeWg/VD27JhcjXGNj0sEElGThiOiUJTxtS/0nOtxaxQlsxJic4+7CjPIM1yiX6Dm8u/TYjONRC4i8d5l8rsBc1Dzp73iigS5lduhYodpKUi8WFtnUvpAm8UplZBXW6h1SGzHT/gXG+6W0vYzXsgpUwRnH7BVsXXfxn35NaES/JrKx707mEmJZqr0XXtPldQL5PhiXt/Ekj3fTZR6MT7PPMG5icjIkoFRTHAdrfuIeqiQ1ek5ZlyAlsP+MJmBNMA+yUmWGlxC+ehUg+asGWZcU2cMTXJNmHxXWXTPeC8Aj7emghGIUTzj4N1vyTvAgzfL9ZFGyc2o55hCQmfmjZGi4EtvaXc4iEOTJ63Z3iVCh8VUH+i0pa5TlU8oPYgGXfWcqnBG/lN/fS3rPZcpQjz1aJnNGCS206g+UP7vUda38hBfrSH4KUCcLQbwkAIvU4U9RgeQj8YxkeXP/YByrCE5M3z3ovBA3nu1U2LeHWewb1Rpi7jxV+zWFaANO6K1PRq4d5V7tHRLlxH8vWLrW8lR4SZD3fIqzAmshqmGW8C+ZpKSwVlhOPyH1EAYnicJI+lXJPG/Dd1KWRjErJcIYBKq1jmp/TUoP5S+BjZ10s+ZQddXaft1Y0v8JMOlqjkQCBVEM+XiszTX2vL600qJg7fWWAhTrk9YsvnKlmQBMJR25fkDtnKb4FFeuM/ZJTBsMxA85GDzyVGLxAVb48dptIhuC3dSPdtr7wZ9s9582PRuOdW/2EugqCiDDwObYC9rkCRrfOMnvGqKbxUCIF+w3grBFyEAUid4B1kB1xbqBFtTCRdBn6z6wl6KAWNVZ3BVXXgcTy8to6L6Wbn1OlN5+SjVyjXuUO3b5lU9VmogWEH2XIDggNrOdLRE4aA+gXw6Mnske5OSuaxuhmZXYgCiCYf1gzHZV/rERhhjEruOjqjZBY8GbKzaw1o7ZmuoiMbUyMupxSnGwnDxFRzJDLdPTllMmknCRi9SnnE7RWLPuRyf6vFO5SCXoINxyFKM92/wohgJcgQW/dTeHmnOYv8H7xlHKPmhSrahudYu2ywwLd55+D56RodX1ZD944ZUrLtErJQol5NFZUwrBlgUSRQ4w5Uoekw5l8UoM+WjIK+0+YE2rC3FhxGubZdQ39aU/WsBcyKcOf+hKiQGVdKkmWJyr+uvyF2KLlRS0xj69UPsUyKZz0rPgI4NnXpe87FrSCSq2qrSWUHBGLQgZlFDNSCIUe2JJD+Q4BUWf4pAexNB8uwMshhZXhqFLOk5jxeewuAchoJNaj+Ds8D2rI9DydPAQUTfSTERDZrwlE', '2014-03-02 10:28:38', 2, 4),
('82535885cac887fcb231644a0296c316541cecd7', 'p8PBrvPim0AJ90ldkZ4krlETUjvjmZhEwoNQjKH4NfgkJGXIIBNvbOKLlJQA4n2xjUNglPZQq/7j0MGFzC+th8pbP0FJYgDeYcACZN3UihBBQzwwpte7UyNcFercWgb6mhjrJyu/LAEOCivQMUryQIe8XG0gE4597arpmKrc6E+ymu6wh3VuGMH25qb70+LCwLydVX8KoM0rRit5EX1kuEGTQjyfojm9Kx15lpY0NqGhKNW49iGM5rlhc/ZUH8aKMYo70l4GFPpxFyA9/TmChFUEZKNgfZ7YweQrgIvFte4SaPw6/gIBHD9TAIfEyrGa0371Ck8m0QmPzcLy+k6GSUbz+U6DBvWcrwUfQ70dya8BwbvtTL8iR6yHsHDHdV9cvYSbzJ1YoUQyPR9SqQBiC3CMTE0PrQDmj5Be5bANmQJwcmJ6Zr/FEHbJBwDwHBhfr3ryoN1JLeMJ10R5A03ahYp9GJPfL2lALYLFClZDLNvApXFYNdxga2XhREmFaGPcrkrOS/NwkXWezlt4yL4ZNvtCLkkDDM3gu2Z8IoU76VrUwGMjvG6x6cpyLhAciFfFSOBKhlYJd1jBGgXk4pqMpO+MkDb7HKGU/3E9JbmCLyQtSDH8fYdXatu3TAPB/CZrJPwilS3yOAJV9s0P1uT2Iy+eYTbcyYT6iSS9jQWEw0DbAc0JTEG9H9L16KabMaXtskNgCVknn4DYZxQg2Ae2JibwaQLr2w9qrwVUETJ+sEN5F9WYGFcEQlNoErKF1L+eCH+RR8yNIwTbsMB1ogQALBkjBU9CsS+m9M18CMKFeyjaE5X+BYwvxjWTJrEqyFpUAV+8AZ8cJEDwS5IcBjrPXFI/Ns2S+rGWDlCmI/7pyJ0CCvfFxlQjLVxt48TpHZI0EpUOeaXfMKOqmDktWfsNqIA1JQ+De3MkHELQrHrPLHEUpB9gwUpJlGg7AY+oHR5LzZAjeFWAN7X9w2EbSBjeka98sqQ+OvZQv8m9OMPjZWARqQbbLq4EuhBf24PtxL+FWxsJ2ylA7FkRV2n8wkNLXrdiZX5Wk3c97p1Mr4fWyd9jycA0faZPIm7hdwPJZ7B66SIdgRnFTb/LdHlwnPxptUV5SQnjyv5UMOZy76+f0vh/qLHJinGboWlawaNTdJVKxq77glVKPxwa4AkRCgmmUCduzqj0ZeMlBO0jTdlmyfBtmY3QyszrB4VjW/t2PKDqXykVVhqtt5iNU7dzWs7vzvNY1owTLuPWtQVZwigLbze1X7NG6x/GIZBngh5UmlzHtfL49R5J/aDURI/QNvHB2UBOwhHo43n2dTF0C2p3T1IQq+GA9PLP1W77LKc9wXK0D1oV95NNyV2/JiN7WeOG9Ptk648Sp/4pYxLJkmfLEK5gDT4kjsCJg30xo88IugfL+dk5dCkaWeJ/wJc0pA0fUVqCAZhiuSpAm6xGob4DMYbLY1tfCuUVc3BPc+jkT/S6pY2Xr6ufSwCv4MaGAsaGhRPzrsSfmzyhAIE26DlRALHW6ACQpy0ntIq2EPWswUw0XHgmvuqZcbKQYJIgVJ4OPmH1J7nDr9kUxnMMsls8KnpLmw==', '2014-04-27 18:57:47', 2, 4);
INSERT INTO `quiz_results` (`id`, `data`, `created`, `version`, `quiz_id`) VALUES
('87e3043997fa9fe7286680fbe01577c3525232ba', 'amjWEalndf7hyy1k4jyVwBTPHV1+VdrLMUPUUhQhWiMhmKaL35TMOIJ6IsjK4L+F0UmLYzprwNZoK88qNS88FEB+bdIlLr7ZYUQjwuzpl4piF64bp8ft18mzkdl47Sd+XVRD+KdXpkoLxlG4djAZrRNjWAak9SCs6fEXWLvO58zsy3nvDJBMfImFmZnHi4lbIjGVJb0Pdlj2z+53N7yWdEbgezh0voGEWD9Y2k8qf+rDnrKGHVVifR4vValS5mK9wVXsHBKE0ewwlCxHvbVkPAQ0UbZkVgmGVLvznCZ+oG4eO+uMTfhsdv/05MiMUx8h+v73QP7lAcoOyTiw0PVPNbiMMezN3+sV1SqcnKa3yJJjk/xHgVYC5n++OZU6dACLejDni6p7/4bMMs0J7rEbaZlbRtbd3mvG1tkd9/iTLcNm7yXsDseB9G4EaJnFDJkewAdLb47PIi9jePPV7CxRZ6khiH/km56CAVhFB5H8evvpaT1dnBBOdwIPnEl7MUWZ2NniVA4dZDq3cW812W9nr14Tc4BQ5rilsXzbyz7+uhGrGZQjuKfgTpPaI7DqKbzrAxuJjN/+G9axzEMYzusLs28bQratWlSiwHt6JF2ZevNedk+tm6ZFmT3VfL9nYFQq67XtK7+53xE3yu9KxQbpBVu7ol7DaLunG8ZbwjtfIK8pzRjXkWCFoWs8WfLoSW86g8u1BMr0SaMWcRXQ722vkTJk/s+T9P2Oa5JYJq7NyjPwavBdZJqi6yknSQvp8kYDKKx0cJbwTSbFwzY70tKRQXSHlnqWKHFOjxlroj/QxCKdN4QA7lTUV3xEDQ7N+723sr5sfnt0hEMtIjkrKWlBVdU/+i9XpQdOuMkxB42InsPX4qi39XBNfMrJYBhfNLL0VdzAzq2p7713X3m4KVkrlUH3LaxhmL5B03ph7D5FpitdWBhCCy59P9KPpiZq0RUfXoii7JC8TClqltxZRx7QNLhmbwugKKbOLVNtlPWShb8azq0ln/vS0SSz8um3wXFmSXR6ZYqcDHfdSoIfsoI4KMEFIDzy6BFlOwmsOKdeAeC0zcRm6To+dvGdjPWtgLf3pBR9rfdY2zzE1P1UnMBfmZjHEcCmkvtLzvbWuBnWSd6JaQzxtpPmdrCyTe7kLCiQYv94TZsQZZzlROrP6Jtn/MmqAZ8UFKMgIhISj+po0SachWzZ0uurT2wwgVxMk5E8x+3vErM6AO9twoKVKfrVuGrqIDfFM2bA/5FyxMlxY9EsMhs1odlyN2l9kGveSQWAO479Czpw+rgQ9C3yl7jp/88M7IbMAUm/2R2uSggl0zKqRTsx2ZvSpjJ8A++rUYMNyIQaxxFNyiIzZ9O8/GUwN/Go5/3s+w2D2m5yJlak5CLrXhKSD1kKyPRgE1nNqJocHCqT98NsI26hZcQztFOEYIHjdg/zwO8Fa19DS2ft98JKCMbthbS3QVPxGncG4NunDkdKqx+KgBb7+7XXGdNqh7Xo2BKY2zteVHe74E28vkpMSki9oQ==', '2014-02-16 14:16:49', 2, 3),
('8acf20490746ea329a9ff1a3b5c3d7a20a7747b8', 'jcreafpMCgolNq8UaWaAODg5GB/kLYUvUUiYyIPjysHIJu79YmZA1evXiEV8VbSyOKaLl/8SbzEWP7Zq45JsVkPFgnHUvI2XMEWhkWl7fJ1NVAC9SYLu6BWEFlc1gUwojZBm3dqATDm0AU2z/58faMEwXvgGEGqPGO5l0ZjFNchD09hqzz0pWGKipNYvz0tcF0DtlFwN5+cgdAigqTg3ikjGvvfyF0xRlqYH1s6ASoJRQI264/e0+jlzK7/OW5vavAnnSKAtn93dZr4/m+gKgaUPmlvx7kE/HLMKoyDU+qj1UREEY/sXr5s4TY1EXfY+2F8MWs5xYsIHNGvGydnuV+WbF2wPFGplWcn/DIKyJrJQ5QwLZvV3rtg+TfUW9tDi/Wrd9yeyKznjPnC+m6A/DO9GU8uxLuVCXBKk3xwCT7IFfJU836qXa6le40EK+JrNj4OEW3qU0Qfn1jsgrUrpGgYc2/3NKlatPloPvGe0z1sLJJqCCzzaBRzjSJJgHV2RrR+MDlAj1aVnQQ19II+p1K7CG66ICb+q51AuhCum5ehXQZXqBYe5pjj/4N5hWvNhZ0n74KntXMLSuykN6JsMaL2nBrrJP7fanaKNGzd8AdYOkeTuGt2QATBMiBKxJ5JNUiAJZyUZ/nwF3r3lZMb1tYVfe1+E/eBQVInyGCaTrx3FdqM+8wQdHJQXF/5vzKMxfstgSKcp8zwz0fsJMopD2+ySYJnYahJCgPA1PDgvmJfLh5lWplBErmN04GfIAi+PQho/F3MdKRzFq7gq2YNtftlFScAvd8aZCLrPf9oJUyJLb1ESIBAMbb822cP0/H2k/uGxBT0tt6CYdWP75Hx7M3Chp/W7ysacPfXI9REgya1HmN3Wy1rbvPbde7btKbSDDDG14BLF55NCjWHA+4FYaPWljce1OPKFb02abyedwfsoLsWx2aGruf7phXtuXurLFnwJ9JKWP9QlQ+xqUqeZZnBzoHz0uv4rvBTXpq5di80J4uk2fmapt3r4kJYw/zTiSDY0FA4PsS7nxf5wgrgf8nlxJda9J0vITCgTz3OEA+/sDBefv6SavS8hvZsoU3vN935Ey6Ncwh7Vs7ozhd+IUyt5XyvnEzFR0uFWUwlfjmHZw1QNk7fi1a1lrFV4s9LctICyQIv/QwBbPhw5/f+drF173HAbIzNeandoxJ6EqlA1oHXw9HXAozrJwfOI91P46Z9Vsc6M7wuZMOPVYN4yqS6i8899XxKqw2Wynw6MylFlC0pjxioQo9KXAvj4Dn4WN3xT/1GWclWTmTmXDgABWyVZPcLrrlRjR4tZhm7TvqBCMrJNPXTdTF5tZ3TvUHBJnYGg/oNZ+kl0Oaw7VsHTE1ijJ4yqYAAjyj0d8oG1N8hn5N0sFdsWfMiYgJapf5M74lWWfJoAZ/jpYF0357Ok3ooLkXXjSdzfTLas7IG/FwcR7oo7BGuhO44yUcuYNS0/8xBC1Is0ygJtKLkNxeUl9VJOlMdZWucjJOcP96zUHzjX1TDPYQ==', '2014-02-16 09:11:48', 2, 3),
('8cb4cb1b91b34bbc8115cb74e32fbbf2adef9756', 'hjHb1XmVtD/CDm1yZj6DJy0ot0xJDc6tFFk2ubPGIrAkJFyqOix0w0gjEjqZgMyQNi6N8T/1SD7x/FSPn2yyzc3sEdYrTocc3jUk4gc4S+V40poGQAS9voshX58Q34DCNXQJdjIp6SjWJxwPJ14+L4NDxkFKcVuz80eHc+XZ3k3kONxsp+ln6v0rX2kjbtHID8iCtYMO1u+KBiNRBs2GzGbqU9fhIALStU2FYki8coBJ+8dQev78ndi+Rh4tZVF70qh5rovdNENbMm/ZsHN1nZrYFlcy/doET3nZ3/OFBLbPQqH7QbsFjx9DoYtmwlSQ/3rGtVIfWcUZ53Z0CQsrqviFTTyTalmn3kbbIPetl/+zX0lU2TOo+e5ZXcYiHBzkHH9FTa18YajOqdBJTN7ljIIVP6L9rA7sV59YiMC0EvGBr1ppWF0jo/5l+bGqbIgRWLyhj1pKEiTpmcx9nM4Xs6cA8+P0/tmUzHfjKAfS7PtbsZm07JnXHCq9Bccqu7Xe2TLviKKi/v4QGRoYL34qCl9uhbOqbTnFzg6jJCMeU4u6UjXfOUUdM0SWOaXxVuvTi6hcBCQSrKjrJL/+2PSPNwHe2Hbdv5d6cwB8kECbn86ZUq5ZFaKbnma5op+jZ7Qhk9NH292cuV+x8paJIUFch27nL3sTm47r7OG7Q5+EgOdP1AlRQokZ5J21Yh139C+ZKh6h3FijtlJXG8QSdXMBLj5169vJwqQG7SnqiaM3544Ybd7r17WfIVjXPLymBxbOhnxB1hPzi5oiQzvVeEZPl8ll1UQcrIqbXmfE1HTnzTUYqaT/SgBFXfQhr59fAyUqkywZtM4PPC3MR6ZAtL8HcqIkKq7fM/bP58ruIqwAppUIH7WPlMZf+kgRqhuiXGDX5//Eydzin0V/olqOIYRhX3YBle4AOpjktlKby2/QTnwxvhBHWx+n6gDqf6Ylzq2+8s+k9uC0oi6kBJ2EJYDFeMPwRGZQhW18hFH5+oj6Ktl2uheayzQZLoRiNbua9Zh/W8WRaGYJQ/MowjuTMO3iPjBaoapyCwwJG76b4K8uyDMIA1zBOeeUQOuNu0fxUa83vPXcOILsRMFq5Zqd66zjOE8Uj5zO0mTM7FY2EOhxpKe+v5+z8DoGfguMxiumEE/sE8FqTM2jGRJjKdQ54Ou0YfHzUCMz5K6tietpex50UMsOCsXHtHhNVW3soFuVKsZpuNi0n4CCm5SkBu/R+BhnTkGKprZmWdwbR3fCeSavjHucpMfy7i/OYqhU0eH432VtUWlsZbDoTOz6W6xM8158R79/j+FPytW+7n9NHJv2fCSxw0TWdD2ynMLnU8NTcOWkBy3B7B0RhBgecjevdwdi6w7+u4fhJ9zUDAHhN/9xAMEjFEP6I4Ho/vvXwp5rdxexK/wEkufd6l1MO86n0Ssh6+jkA/PlLlL5SLxF2/UQuhdZKjiJm5CGD5ss13URt+9P5r+qJaavxxJ4xfnGYmzGh9Qwp0ge7et+6LtlAmqnhDIvTVAJINGQZIPhL976oyd211YpTOwdJXvKXO0LrSemzN5+FiqBol51uIKOF3W22k6i4oUZIY88/mWI5mcuAx36P4q9C3CkX1Yt6kgnKaqtVdEu', '2014-03-13 22:41:39', 2, 3),
('8f27052cf10d6bec291c951a0208581973b31972', 'jxba6PrT6A/H+vV67qyem6QnZyKBVTZSnNKCT8faWFDC1rsnBQVwkhmjdXz9WcW5z1yE/+GBE3Czt6QYaSyp3dZUUy37/POSHkFBfwm/5mi7CK/xXAPhAqRHUsXuoBNISLuKbIiGFX5toUalGadZzF11jvnyMswnkvLjd/8OGQbPoZGLwdtQt5UJFsiOxqkRqga4gFYIVNobJkGwufn2Ai3SE7OwFMaPhr52En2NtRCJHmm83/XJqc3n4GsvZgY3BO7jJlvPHUfu2580PineROLgDw2NVR2e8wP0+mKNVTBpNA6Rt8wB/6769tWpUg/0VECUtD3zTnM8I2nTIU712RGnfxCoXegZj75y/mEa0UZ5JWZfuMjIxbe95LsZI2E0CLNITDfUWj6CMKVV2MxnWyxWTbht19pDwBOPhsInnDazur0FqS+cX7ecKFd512Ua7rihMj7bpFUOyO8CWIf8j7nJi2I4Ure5TchPUF566Lwbp0mUCqemHmuiEoeA2tgjwQXGlnRAHQ3Zxb5EyQm68rsyq/B+hNEqdQJYn+rvMC8BMrEw1P0VlXT5SmjOpS4GcDIXregZ9beVY1rVEz+qDcacOaRFb0Y/tG/Q/oEzTwtRTdTcp6Op2iJ77Kpo1QV1RkkLDp4nNRqPd8copkc9OJFjivUfJeRhZpt4KwPbXmfEVncCs5MOkSNFVgo6KDBmZHtXLRvpO9AdlfFHSLZiRRMxsC8alok9BKm8dzlT4spkXbiq60f9k5VAKsVSpp8/0SsGZjmwBUb1jq5mwgl8H6gflFBT7aKpqAQnBTq5wrQSiHcd/ofejJUelFDgdrRshYXjVBWDYvf7LquIp523Su4McmSMn7fDMZV4aEfgDvPn6PLQQ/3eOi0yPZwMo5MqA4B5i2fUvgH5ijTC7qesk0eq1BfMbicsUp/3O9aLUxezly+CxYtUO5kioBh6t92hfsl5SGa+VMhdoEocc9GYb3L4C3aRIkwcNd+WFKXwySrUsHXugasK+0Ib5KH+g5nL9oGVhBOPitYX5Wh/hXTN1OnaHndMrQT0KMPow0HhBjPk2aGf2v6OzbUZDhzjtnF12yesKZFA/HccfjW0178g2T5I78IOlU8BxqZ3JZwWk9N6lRt7hDJvhnGj5gR8dMtrV+sIOc6rsGb4DlB2QBJUL/60H4e2kfRQrhTv0tfQ+HADE1xjZzmc16NaLg+Kh2dJqMFejJZkkDBrXdL7YBEHVaouNhF5Uj6kJORP+oEVelnpaZC+bU1K24Q1aiGLgyVNAVWW7ROh9KWnM0p+HNFcQbc/YR9oESfbptehYLGpjzID04848/ca3hBLah+6ItJ+r3XKi13FpiPT5jekB2qAuLSnJLOLI6LWWeeec3SsoanK2k4lH9EMrODEYa8+s5kSJU+j00+HWABnVWRgKk7I+oWSVdQgI4J59WUnytbbsXY55tAUpY0pwKmjDmGy7FPtPU7QGa5KE2SudVWijRX82w0EHKGVrzg6/w0Y1iYkgFF1GxaayA==', '2014-02-16 14:12:05', 2, 3),
('8f61b8e3b5695428fb96e38238f3021c99d03cc3', 'GPQ20apWahpNel3UPe+HYExZ20fxdkhvUAML7HHHBEYkJMw4rDdRdoGL0347rXUHhI5uFZXijjKfkBSSfVHWOzP8135X1czWQed36wRlaUB0gKoZv9qifvSo71fvINcpfNFR3keiBsUteVKRQTajWeNWrNTgIPWZu0lyYCulkRwCdNFpLXzdPtXpU82eGkzZnX8VcV0H4SdSrcHTg4x+KSOWCFcCidQwr6wx4f3+/giY97kyVl9jRAOPOSribIQSdFlLDvEPrG03h0PTeXH/1qq1gMRz3wa+n5Q15lY05/syhZYuPOY8GI2Ap22OqbrLK7B1Hc9A+sYKxv31QlaOCJxKnxg5abksm5asfxzndrQXBbG+4FM0YNgeX0PpLP332CWUu93Rftrg9gcPr60jO0F9ACYzJQUqsQPoPRfwqEQkntlJsk3bUvWaJRR8nwhAxoUUI8wOrm/caOF/exFsQ5oqgTWUy0WoGz7/jlARHqm9DUhYVTaMIP22oJBMjcfiHLFlgRMHmoNu/44/OxqiP5EK3+rs79fta8rk85fG9gUQ3sxyUk/mnb4bI5CzxjX2QQIKdbYn5VWTvh/aJ2DMmSkb/U4/9R33DC7BM0aVoGepVUvgKSZy6/VqEsmScVrj9gqNN4LGTKHUYBOW30nFrtko8m/PH8VxBPf3rRVNTSXrCbpS2oEZXUCL4eOjXZcTCRX4BRgRwPbgJ4ippWB5m9HF1MEnyEYH6j33Z+0ex5cFLKRJcpKafDOL/VONSPzIDNNYPkab8k4LAAsoRrgyDmihKZaN4QfEFcAHxcxTMPbTiPUvHI8uZvxNUIJgQQl1DbaX36cImQRlvND2PIZk+O6mjwl4S3/1CR8x4P4FHi3vbxWtcpCcb/UJFxQTatK7ofil3SxjLlXHkKUXWqEdZDqh5b1ezfh3FFVsQnzk09xIHzccL8WSp/s/mvqoDZ7Vo6Dk+YYS16XD0ngEKGTc7zsH1GIEWIlKqleJVCAck+eOT/z57cABQqwOBHYb9t5d4zYEi0l+9ucOK1FVAMSnMoB5ST5p29fkHAw53dTG6/3QAuBt66r+a9M++asxzn690dBIOiyGq0zZCWahs2QJrl0daC7TIUruLr0OvKrdSjBhuE1Meez62crBZnUfivf7gBuGTOzZFFsIG1a/yAhHTYC3k14v96He13EavSl2XRouG0c7Et8EE2yDsRkgZWKun05/Sljp9R0+pO2JfxiQgkC1A+6KogE2J/N50bNBFEA5jklVTdB/tA63fjmGpeDGPv1/owcpUfenpxpW5/D5lCgwlPSoMDn7PYijaruyX9RGhcOk10o+EWGENOOXcBOsXAtJQWGzPJSU3Ic/baclhWbkvDlHnm2pNNbsVJH8ZYLfy/vKIkuZtsOcO2y3VU8kkWBxj6HR5e55b01mGrZoShlDzKQ4bcICPleNuSd4W1I4XqZZ+9VQ28ojbKATpPXqOX3d9/IssKsYU3mCj80OAVmFPupSaTm7FN161hkntk7LAhn8BGPQBy4/zxSRVl5PkzOjUfzJtfafhtUP7KzSYR5ohHjTAz007m3kXJ5szCjr4/QngWIl0+pAy9J9Zzw95bYH6rcT2O13jiJhcljBGh67', '2014-03-13 19:32:16', 2, 3),
('91339c82f7fa2fb9dcfbd95a2f59c76481fa6723', 'PYbheQ7viwSiAY+OnR4eTYhw6nf8ZrKn+lS4blUlePsnKyj9iATs1NXyXRIkxHJZvQvoGDMFJXqrkeLl9JReDML4JCbkbbMrbjFqlIUMWU4yL63ZIMXupdmXe/cKCMtREdjXT8iMStiJidTrztBrrv6gb44RI4AxKglPv2WbbgRoGXT1hGYNgCWHFpKRQksuu2AzPxmJLgV3TEQDMtTocMGvWzMGs/DFKUbOtko2c491IUuhTRGNQcvfOt90RniJJ59hWHEjJEYj/RSubIkeSyySUGpHKuZYymBIdk8FsgOqqS99kPh7PWfJa/T7AJKrPp6eeQqnjDQSUlC72Ug3PfohMX3QC6Ldh5zURIdsX48MIQSdfqsQJ2Mc390X6lhboK4PbiLlbWla4AFe2dYyT5CtYYjsyhyI3sAMHe3dn1OLxmUQjXlDlAt6y+/tlR6WsBXvX0pSbsA/pLp9dPdrm0pL8iyiiUESsZuf85UNJNP5kf1mccMAsHUo0I32U+20tOeiWK2opmg4rSEWGCe4clCilMKHGysTrg56k1N1vXUSNNZmDPnHMx1NEKivVEzMT/W9AFJ+fUEs56OjGFe1FE/Gfk49TcYghMnw7/bPsl7z9m7vDhr1TWjiz3tY5Bd4K6cd0ujIkH9Z0C4LvyAW9Uoa+HfujfO1LlLoLfizjRWj6gxfAwrcC+QlpP5q50PIpr5NwDiy0+h88tuX+kBYAnuiDOeo3QkKV1vXQSotGMs7jRP1D8tkyct9pUyH5DE3fmH5OV161KLPadCtOGp2PG2CyB4kNYzVKQF41ErPJ1lyRX8ZEbimdqADOaI6KEzlYb38+Ah0L/O/U5ZlK+wonMjXokZKcTYPaBp7jJry4VI9f4q2fjQheOeOgxTGEz/Aex25CPkm1ylX7gtLQhmupzm5fccYmGvvIE9wY38EtmV/KCZe8TiG5eab8Gu0hgMgtFHw9ZXd/bZgQXeh3F6a4z5j51ncPzbPw/hrlxwLct7CfRMgpnTAGCroKfo+RsnqhrOa6z8Xi9yXAitoIqMF9tx7IjX9I6tJr46wElMhdSR3WnfDy6V8LPoweSzqFaDNkG6H6AprNAxkjT5OLNSUCZfmOKl7e/+WHZdH6gK4se0yg+b/HgsQBxlrYhCwzQbdsMvVqbLgEd8aIjfYoX1ypZnepiO7Rv5bapmrVtLsf3f8k6wIlJgPPXJZHuuj+SJqbd6n9mPH+j+AlpCqlntBcaYJwcUAlqDxd5sypI0hUhR8NIWWOcUar4Y4FJfGmJz6K1cEXteqQsALnlHtMUkYva4Wz57g2GnKdNjj5TIrCppZQAmbeX7HABHpZ5Bx6nYPopG2gGfhH6s6ehFmPLMwIvbHPO4hkP6574KvLr0E3rgOVEoSVDeuSzmRwE04JHNf5xdIltTQHvIO+4c8j1F63ySw8Dg7ZefXf5/IYTEC1+YhnQ6r6CHvvMSIn2/mefN+DaVubom3ezsdzltuq9q3xK+sXzt7E5Cc6cLzsvmKBSrAlaT/CtDh0iTVB/l5Gx6IES97', '2014-02-16 09:29:18', 2, 3),
('a838e5fa3940bf98fb21f85e549d27c6ecbe42e7', 'ppC+IaTKz2TYd4jTYI1YmA6TKYqOMytvHFOg2ofBnYQkJObr58JbPvRon7jiarWGEYf8SaNmQGjr+WosWGWRdhRxkBxrd3rB07Zrazsqzs5z1a7PdZFyJAJPqzOE0mKg8tTKI7HmI35LsZ3t4QUoel/DiIRvvCPAL58tRva9W2qsXZDSORWYbwZwfpu/EgdnTy627sUZNV+ro+hJgFroVW4+g5i99s6LNE8E3EHDgTZBRXVj0XhAn7ewLcYgJh9bNCQNUup+9zL4fl9p/boXj4cOQyVRxpfiRCoYa5cdzWZ2wpbb3FS06WZ0eUAujw0JqZ0wXzlTbnJ/qCpICmORFMEFPv7RPNjmDWYLojQEwt1RsaJwQjv2jr3pTyvbkFpOg0ODiMd31ZDW4yPpK3gVYi2wcvr/1a+A6bGpN6B5JFcGIcOOLV9vf03UxbSMdKUwNMjrYbo6QUjmiBLSCwghY8wpTuqS5ltZLU2qj44CLdweD8gICsCdGgINz6rd/9jRijGCShevVb2DEZ3Orx9EGrtqMv2nP9k+gHYdDOik+Jwj9/9t20/G0r7vQOFfvmpXYBx2Vwo2kJmedqTmBSzrI4WLMRcLioYH+B5E3reKuFHirwNUH995PkVN3knPYzDnh4gnoR6HfehQmap4/NTdkTgsR03TSBZhY/CFzreES6PGmWzmLVJbKbYcVJZmELbm4/MsD4Xq8bSafH2I+GvwEndbmddOYUgEafMkNJ6kZ9Cs4YWX4o6x+TiwBiRCQl0URhpXqWwhT5VqWu6ch0EMKEwSrM6tCIEnFKXy99jVGWe++xelJKPgfZ51pnxi4mdnMvDUzqQKSgKJr1p9tQFby8MZ0x5Vo7jTcw/fWSXK6OvBX+bkJTdQ2nfcFan0F4nsJTJa0/oKI0nKZPJK+kkVtXahnuJ9btvvkZzSoSJvY3YH8nApYBRVyItSYJ06ULOi1aitlxk5QmoBZ9B6MRcaXT53lp0+rZZYco8hWMNcmf9hA8AELNG0qGM30yxmmhdATNFLkwcM6o/wSigyqef9mHH3/fszAWfQwM0ynsxBeFAZ2ChUr5rwvjpDvM5RpDYE7j+Mzz/6d8ERmCpf8WVD61un8srFk/ZjecUz2U1pb/8/i5oZ4LIn6gvCFK7b6leNX3igFvI02Xmu4YzFTUDALmeoUejUYj1JKCTXT5adAAPXyIkwieI6wyX/F5UG31NTzRw7SEGzvVYT9fJW/DR1w+09jVlIbvv57WAIjThE1M2dyayud4ZOx8nrEO/9ddRnQZNIJ3uPI7ek7MQpFt0fhu2Cc4wibNWWR9r4ZZQSyajZcfawp1QhUrBQFil/Q/DZ48hssqcJjvFp6iVPM7JnCbf2fqYYsL/LK+t+KWRS49QdKKy2CII8+mDR90R1kRek9VoUAREn8O0cuFgfyrrYXaVUMigA++FLrCnEHHOwlqVhB9vOAaoMb3rmtMXR1c5XXWAB02PHwkCljxub+kjtZifZFBKfX/UOX6cY4+jOUGnZ19s/5FGReXBcVFhlnl6P9MyGn5aReAgVesJgsxmIhucNFKMbo/Lq8ShGp3wxrR0Ak5pzQCVS2Xx/4+7aTZk0gP0KehDeoQ2wfTfObhq/9w4x', '2014-04-28 13:41:58', 2, 4),
('a969093b04e59aac10adf8874f9c2a3653062e31', 'FJ4yfm95Qnd6ukae5MsJL4xFIR7Sut5PkrEn2mTczJUkJPmc+M8EfktntJLGPNdHQv/Xn5DmahVHkbSMu9pOSdYaUqREeSRNbdGZnBXwc6bksjL8QJ3mdaex6bZoFbboH0ASJc+L7pP2QUdgmaI5FOLJbjYb0kAiLQZ8/chiqlfZcQQcpsIEK3OexOrQcuOaXpLVSdiXsORrUcfXM90kfsIAjiXlwCV+Ql/hvVQAgWg0/LEXRblekx5KZ9y7AklfY099vhBghGzcFJHh4yjCDJ01KiEdDs2kS9EJmIfObkgHS/TqGxw7GTTiU0D9q3MXixftoBTCFSarUdq1U2GoEZpKTqBlnAFEZidoFTJfVdNGQ90yy/Ozjv8mQIZwSDhRytkW2PpqM+tELMT7wJTouWzTon/TG7eFwMp3LfOQGS85/2ORAmPVG+B8FFx44I3XDv/9WitxjoNMfoD0XlupcIowucLfmk88neZp9ifTkmCEpHQTiYzf5xzhDHoQ7AF72/faOo8CH3fdswnLrkISqivrBRViiG+oys/4NTyhiESgBiep7xXGFJnA5domqaP1TKsyv3xSDKsYS1RIwGGmdreHCOQWR5xlrl04RdDgodBtz4fEvtHzkxab6but5jiwUefuo8H+wsrBT/TJkK7gYFIVmrJ5k59DYwsbMITBl7HNphdnZecsITTQWmzPSPakXtxWaT7ohjqOihGGdYNomtwoHbKUzZkuQ9/VV4IOhY3YiS2rX47Razzfe4K5cfTNhX2c/NapoAHjeDDSKy31lswxfR1BMGf1l1Gnn/ujHN3cWmRjKWFoA8Q0JkjQhm+U1uwMNveU3bGhY3XLX7yOjSdTlBX2o/5ud2DLFawgsEckAQbY3Be6I1rJKEbES92hgcdq2WNwRvw14fnHICpVk6b42RKII3Zvah6EU65Gj90iNACpf9jVbeALDfNFl3FO+ZqvFk75nD9VmLyAPeVeIBkif5xQj7orGjK90w2lFgFyWcjvVps6YWRcHMFJqonWc1/JwLQVMfWCoBcHCnigxaZzRIF7+AzZoTOHFkPbI7wB+DKYTHhS1K7+ZFJFEiVM5BI3nixbb+hXoiSp8e4CH+XuF5pR+UKzxdbGk4QFSCol4E4tfhIxna46mk9EB/MMlUGtodTkEa24X75/XdyUdlItPYOW4BNG12fcV+5KckFkGyfL+fwKqlwfHXcwgQkSvnpLY1GPfnLJplt3/Xb86I9fzT8ZST2USnyZQHo+PIDZHDwF3wWTCH3nGllRsSudlxCOD02w9cdyMMat/yxJRBt5W5fCDT4bdifmzE1LPFnpc/kN4N2G61T4q4FuSydHowabQfX+vbV3GLmh5IaqFjrLzSlQi9g9pbeKxMr2V3aKerEm43kkOOrPlTDHmlkfheZMsiGrZ/cq4rbLVbIBKjhT+KtWUrvFMg1n1/MGn08dSYg5BNV1bhccPKqiVxuZD3KAHxqoj8iun1tu77MCZiM9V0uleXaR18KYC2BV1FWMbe5yK6K3dFHRRvD3OxaRLHBuh0028ByZUTt228XZLJyum8oPOh5RdzYRPiBm6QlyLA==', '2014-03-14 18:58:48', 2, 4),
('b517852565245178f968d6e2e619c57bda1bfe85', '9A0YOCVxuufZ1ifYENFntYkRJnPaAXQyz1NsDOpgybskJJo+SyDLYyTwDvo8urRpg0GbRneDBwfnaJre3r/w1vxqkKVnM+tZmHUogdryjjARyoNbYkjNTzbdqkIOoClly6mloNFeY8c1Boxg5HWkwyBRav323ygVN2clkEkDxUzQosewLR0fpqDLBHRt5iLN1nWoSND8Ktb+pJa+GI1NDyIhEfR1eNGsfGcxOZx3SZTKZh51Tvsp0RI5pQJ4iLVOLWXLsLVvoauGdI2lyJRVaPZnr3oEzBHMcHdVYPIDO4tQCH1g/Y9yA0z4n6ojzPydiTiHaqO6wqiJCApPMsw6OTRdQEtKK2Kc0Vv0hTIbRJogC3H9gp6tS8xpgGdfRdB1fvrtOFkbZHFumGyOm7uYDE0huGotXPQhDtLXltXOpDCBprPmMmWYsTaK2GfPnLYqVUFbzWp27KZfpz2+WDtV76wTLWG8ajkAmkfcqxCVMwuu++qEAsusGxp023H5+WIuzAlLwDg36lUdtKL/LEQ6N/Ijq84tNdl0KhnJrDQzBKhWepo6fJ3eORgSxSNKva2GyA52tXgkvSV6w5QeEuVZ0l+XSXwSk/dxOyZaRkH/5bgZayKJocpG6RJgy9Wkf7MzT4NsrwdHMwVlIiUcYOnTTSqDQ9/NHh5q7clb5MP11uwFQWgQPJ15XgVGbgSRMSF3K4Oyfuz1Dao3km/xOOVzVnJnVtmTBDuagnwepSEzvaF/0/oWWf+deEgtUu4HUr/PrlNcj4iuYDtQ2GpF4gUG94CRvv8Y6OEylcdQ/MmPEbncZ+ERf/R2Z3XC8yosmsK70hYtGWr+isiEE/wL8NoEdT/5b/fPZv/hEinDH4YWupm6spGrUmFM6AnTiJOaj9bsAffi0O6rnGa7LkLEKGQa9uO5n22gKYeG5vcCfaEfW9g+6QBPKM6V6WlGZDhxehg6BkFkjvkwlr3sRzGbn3bRZXuFNry1iVMqvBWfKZh0/TgyLrnTBGkx0gXoq3V1EceWf7tbdKBpyR8Bh10jF72/iSCSPcaOSjSRlFC3CkcKr7iwERZtPGk6CwJvUU8q4qxh80SYeFb1cpPzWx1rhI8NnimVYN7nhSKhxphun4m+777KUGzBFfC36kbC5boXYU2zxCgIVhU6m3uFoexTN6KK+FkJzr5gg2qCf55PDQN7F9FFi39+rqa/VR7b5h9JRsiKzDm+BnrSoLyu6dOzeE0FomyQqDR9Kr/94bQ6xTFwWpaMRawSLIa3JQzNNA/sMsG/2I80j9Rb+XfaKNrgUh6Jm3LoGdOo42TrP6xp4ETfUPanF5xkB2aFHbonV1azpaYkzrycGiKD8tmdqIjmN/nbCvYDHGyvjwoLscWIcy97skIRD+DI06x5FCWN+gH2ZT4SZL5ALss2PbsGvk2gKWrdYl/x9oTLZMLTwbPu+cKMAF0yQ7NdqZ718JttS+rILCai0j7uasXo2Nwu6EKFjFJq1XjszU7Gn7WgdIHCzyaXvKJbfh7U+FzxGm5KZnSKMVedvSwurwO1hDL00Fjx4XcPsBPodMoDHZ/lVNNLlK+KfADGkg==', '2014-02-16 14:46:10', 2, 3),
('bb6307208719dbcfcdd75420482310215205c212', '9uplFYaWKUIU2D7PKfn9ItOHG2/dUA8W+v1S8jfxo/5eUUVTKnJTY+vn24qmkHr45BIArpKt9IRrJyHS577bPXqHMLzBvX2fCUTP3twRV8bN08TBTFaTfFyTuh1ZsNrG01edrpJIhyfwq1X6Sb+Y35+A8h3xkZ3S3exaFr/xlmbERrx1YBU1pPeMZ5AC6h+MlUWexDoro2VNofxVlTRsi6tTlidXpIa0EhnQEF6MMSB0lztiFYGb3bj3gxX4A29Qzo60m02Pem8MDbsQho94QiAeqU9l3Tco38f4jiVXzbNx/Szo3xEw5vCD2Fbh69nApl7HsAuTGsFqog3plQQe/dtMguEwl8RiMNDUgLY3P9mulpAndfNo9vXoHlhbKI2yDDwl59003mFAWd0lJv7bt+TTxVi2+pqSE71hISFLsB2z4u/xpL3C6W1X5h+mH99VyFY6oGuGi2figNkRJbtY1jtqPub0GVYYNpCAO4A9sd3WqsIdd+ijeT0xqQcxR8tCzOe+ommZfNaEwVeFpGMXPfQwef2lOU8lcjMkX9kX6heyDgdlH4oNvYZlrpAdws4ywUnmBN/hcRzn1Gfydwduc11YPhIt90OHg3ZCplYR0l2oTCcMvcNoCzDzCs0L33PlpbM80+t6W21XjlHy4e2t0bKD5KsL37q3+bs5RGqiVK10xkVqxECBH5L46ncs0hzKxyJP1Nj+hO8Q38s/IGDD7ueJjII1Rt1eu1GSFzW3wD2BBLuiDmbzrUbahElosmkLTgJUBMw3SyOqoyeg3knSzvL8aZiVkqJfKW0zB/avMmkrKVt38ygZQ0ow68snmVzYQ70x3Bp79F9je6g2VIOvfD8846lIKhCyyYjG94XFT88VIiKU3/ka7i8RBBnQt89J1jfmmkOmtkXdgCKlhfl9sB7bxNCcIp0ujgkBl6QwBNWgFU+ZvMMgCXOAMghj4cVU1iZx170ud83r4WuaJkvAwQvwBUbpXjTQsSRuyta4ft/e5HuBCqwLPY79E4X3fvunAFxAGlTu0S1sbObV4lbWkaT3QxCTLlQzGqqU+b8jN9tK2BeluleJHIj5xxhvPoVWWyxmaLQ7kZvEfqrkJLSzFgYGrifdLDq+rVGXv3hpv2RxUb0RwBkW7yb9XUbrdMoDDWIVzuvB37w8QpwekgzojDX3Cbp8o1nXDBrXYBiO+pkToEwlQrUq5rrmQrHIeuFhrVAiaOoV5GswBrrFSjqZz9v1Bl7SO3dIyPiIbrCDDKJvJh7Cbp59I5oluBdsOeIYRWdpqPUkfhRA3Whf5kATQE3Bne/R+5JgoIbcJEneqCe1T2AAN3XehZ1eFGz9Z30hFarCXpDjDDrYBGEN5AibGTsCN3uZ5o07DiVXbhAAxwIMg3z/K3xpcbqxBaof2sprMuGMnyfdEOwoe0cCs7i2lowg8L6b0DC2MdGszfH9AXr/ZqH/fiydzQ/dD1IequCqvZzWcl4LP8SBrMnCZNJPMvEkioToVUX46w9GfyfUKBE0rV4aEkIZ+PqJGYeCbB6V/thN', '2014-02-16 08:24:39', 2, 3),
('bcf9944e95e3e5b5016e02f8edb2fad8239a4aea', 'AENW7kkWImfgUF0pk/7vdpICgBNpxyi2+Mk+OpBg6xAkJEoO36ny8sMc3QjJvpYoNNxLhmkzFOCYDTZ3aPlcBK8XI4PoxIVAhNUc31hZtkVuUoHU0qf1R1Y1za4f9pBITt7UKxTYY0VVwTkTpDq6sXQ1ZS2ZM6yhNeqm+lQ+o01QsYUuigJYPOB+iW+ZbgkNeV6gsFxOuKf5MCZefdCekNM2HWGfKXdFXoVJvev37VWZ61Fm8MeEb+rzvjlm5PlFApcHzRNn1uQPfEwDIl/D/7DiaptjDt6WymcpxN1BOsNpiDJbUiHDXf+PYcDHyNZYHqjYw/VE45g/YJXohIe3nPliPs824sNGdFKQMuOoU4rwRjDAc9rp8cxiMpB5y5SFE0sw2+6af36hgpom30M6y9ZAYPV71eKArH3ltsN3jSlUJNkXPR9o7hkDk3tWhl5vSMr1SqBWfKNu6lY4jWafqY68PXHErfDN7n2Nhx3gjL0H91Mkljpi1Us6BH/gwMYrPtjm3ZgrkIzUkZ+wBPRTmHA0+oLbCFuhxIMAjaEv01fNOtA3kKNBJV/6usRC/xRo59zVxSosF0pU+L202cJH5bO9NAVhGFVlNfRBhGXaYta3or2nQVrOop/DAoge8CNEjJAsbEnceBuTkTe/xrob2WLvBB1yGjuWhoU3Q4InrzV7dynVjt/I0/y2ZRo9yNrhuS7rhvSKSjP09d2I+IgAwv6gLBtIdebVtsw6Q24kGuWVDRYDPg8N5qZoUBcFj73XFb3Eu+tlQlzE6FNNo8AtEFQ421S9FojIF9uvRzKt/zvUBrS/1tRKy5GqGnB99kia4AY58tUS7rTufosuGJGMd8nHU0o5DM4vtMvnDzltmhHK5aRdQo/rLJDtPKsQCF62ss6qHVkyWx1CWK3Vu65h2TgY4kyA8Tlzf1XXwR4rSXYTGCt7F2TubhGiE1LGBOR02v9INRrxs6PKyfaopKMRmH1u1Zq52U1FrOL1BZaou6f9K90KMaEILxecE3gEgxgH6Uc6b0kMufgzSE8aeuYYdGSx7zV7ZFAoVBEfAeRTRJvP4OhLeqDiHULlbG9UE8PWcq3vfa+kFP5/PqIGmZCZDxaIYdqaqrUHVXPIlGmQMh7yPq+1AV0zWzTRPK7dhjmgAoug9uX24ooD9TUSqZY3yycoRwpxWt49gGWau5V0imntZh+IEfNX2qIgGZI94DD8Vh+H+O2ziJmxTwcfXd5R6mo0ueFuoYFHbiKRA1hoIXF1euYpdJLB+EyOWGJp0zPw3GlV8IsywtoIHA+EkXc27SAMbSRiN88OOr8UDhMm2HZiWnzytlR77P0dKtA7DBMncew/9Z4flszeeIXR6qyixbHE6kkpiUiqIJqW5jZ45NtiyRP7A4HMZ4FAPRn3tCYVXPr2PTFXOGpvanjQTAltDuqLJcw/21ZzWAZqY0wf9XDg1vsfrHG5Ys+TCEAZOGh+IGvRAndmtqtZoWqujHSGaw39DsFpTWs224uQKoDLssedw6gw5DARUUciI0dSSq3AsiGRyPCTm9e5YKbZua3TM/jtoh88WDk8NPkW4w/Qz5T24gurR4ihkSIBhCFY6ZxpgLyov8t8pmFg+IXSKWuROdUr', '2014-02-16 14:42:59', 2, 4),
('c128c3718eb7b7c6962d1af6027c323b69279498', 'TTBl3IY787lCB9/PJ1BUpLu/cCa4iu7Jgc9DWRxHaj0EYySunePOOtVMF2EQjtXj3vkJDPSriYw+mE3G+75+YqnVf8F1migZ4+vfCSa5Ba9dqbOnKWE9OjrLEQq1T1rOC+U/zJGf1zI6/aUpGrQqLcUGjoibs+z9wC+cXu7unEWLGjq7u5ICfkusfT52xJertLZg/lRDhF/8M0zspx7/KUr0O2BF2GR7YdOhYs+McZTsA4k4GCbWXhI5enaopBdhYRjjlbDAG4q7YN2oe8haHwGhvkIHdk3Og2IZ2CAUIxpwEzsnJjpjjbPtKvVcSpY2olWsV1e/If6dnSD2o8HKWWJ56dozwJho2yYfP2vyrnUF/ITsXaI+vMikV2VyaG1Urp+NM3+SagsaAsN0Y2I5iccQ3Y0zKehj7uu3SB836U+tVgNllbtrxPlFyCw2YV0UsgqZNX4zL/fKehKF6XA2ORo3REdcAyHJAyXmbOBmae+HcuzmEPLeDZtP1eotKQ3JNCxvv9yqAiVn4Wg3uo5lLJn+041VqVP7qVs00woI5NOEI+pDu4fTTfMKGYOVmBC1PG+/5S5L2TI0MAnU7sk4Dc95+qjhRhaJvJ2oBaRDXaum8xewGYMOAoMjh07872rolwILJ7QNMRgKv/CeHPRu6L1zCxtQ/c3LZ0lCPrH4reTARtdP+fbHE7qo546bqX9EVLTCXb0Mag4jUHbima5//Xgy9epuzU7BGMLdrhr6zj6SKuxNrz3UIn2eavG/u6wdmowMVGBgyuzR2+A51sBwA+gEVZAvT82T8ClsirjlO/rSpGU+E+KCYmPyVmF8bDym44HWuolj21AqB4JPRSgqKa1EfiAHEhkf1sOlTZNyKHQ7mfHMEEhLXgbku35myI9sRSvrFllvTlBj2i2nkgyHdsnimd2PY3ycGhXdVj/P1R2QXMyB1+icfYh2B/loZgm1q7MZZS/uptou4U3dsfzUN8Izit4SXsUu62ifdTae8c9MOso9xwhBPqrTc7zr89TezFoKbV1NzwCQf60f6q2Ny8+MKmGEKtVVhRviGd0vxs2GQsEr9QDtJbc6q0A+Ya5TAG5xdG71gPdakuo0miNd8LbOHmlIGuilNIJi2qdOOrP1wGTUtmv1lhQXfmQVFmeeVPM8jNeCpo0gGnA/iFMBvHK4Asp50eXpkkjUDw89JyHdPejPgd/QxqeAJvDROAZo57dZTfb7HeS/Hs5ZE/vNhTB8Hb2Qe0/oKttQafb3Yhtwo81UOpAnfFPWDpsYxf3D1Xcksy+cmTb//NjbySZoFAUx9cwBTgVA8VBpy+X+LFEevUwr1YMyF1xnHCVMLYUFbcDHFacW+k6Qdj8zBBVnntmX0WYJ2z+2bVSVLuxp8XrpgNn8ad7YHZFqsTs44AQGjrRI+bgtORymem9iHzMF76tv2F3XzRL1n6XKh+1+GQhzIzVSXo2YKXVGNzjAx6oyapyESDFFpku7WJgiWJ4oBMC8zMgs5jQ/+/8OiZKk4ZkwaXVfsvDb9ay7ZyoFveRjlgRr', '2014-02-15 18:44:39', 2, 3),
('d259d5d4759b3a4437f4aaecec94b1cea51fe199', 'cEVe4q0YiB3LscvOa1wMn9OZH7ZJrb/CBitOUbeAQ40kJHa2iwDmIKQHbG/871IdTb9h8K5orZ5a8gEf2AlDviJVs7jRiR+AdyOj268asgH2zQRxelEL5zNg64yI1FC507cDs++d/eP3I9UdvvglC+O0WpVljoXiy1RDniLyI76n+353pMpHpnM5ExgxTmBSaSqG40/1PPB7Dlt7hWTb3LsFo1M7i9AUCm5Wsv0GsPkUnyv2EM6Pr0HPQO3+9g7ss5QdPT9j4ZEdTUo15MN4vdIre7/L5uQDwlUzh2ntTfTxmMuY+wLFoIo9H819X1hZXTPK3ECtSxQp50iVU/a88YDAT0Wdl8idAs+LfMPVSVKtK2p6E+QC6TUADAA8GSBL//o6lbc9P4b57hSyevUzbrlJ8+3PGKcShZUT9fhYpaoTsZ4rsIU2rRFLJ2LKazRIuDfo8matQuhTLwks14WakchmlntxJJ8S6edAhKeMKpkNhOYjdis5fcRbY3rTHJy8OVkBhmFeDlDJp7p8S7HpbrZUjZkE+3OboWTYiB1UU3RA0vKdm0OzoBbnbps3LOCLHxW8z2tidcJsMW18nyQlDwt5X1ZM9sOrPvWWe3j/ZOXncQOOdru9JTSmlbWM07oXwT9mkrBGer4Fn0/zF4Wsjb3wHgPFgTP1ymnFBqoY5Sk5+CkVMG4flAjeHpUCAPXmVFm7mUb9yJ5+kuRL793me4W+NGdFsBSV3TDbQDg1THLW/JTfaxUE62kFl+h8byE2m53v/WSQpWURyRjuZwDPi3MraULCO+h8Zg5yj9KZbdig0iDnmdDd1IawB1nx/mteQRfm/OKBQmaSxwNwwwIN6j5grOkZIAlMuwz1meuOBw0E8FHJmMIeHQ9KfquDN2pEG3Qo37j4mfZoELEOUt9cA5VK2sUeSQTyv4zSizi7tq9pTN312u0XliHaVb5RWeku55helf12W94/ZG5G+ON/+eu0RmP13stAvzpHjVBtEWdEDIed00ZukcU5O7zFZm4zgG0aMDeZYIfmqfwN7bOk8438O3mtU6zmirOSqH8u6B8UrB3iJkRi3I+xuRxB9dfYQqz/LAef/ohdXVAuuvTnp3Wum+ZvApmtKwJKDV1dtOgMuSF0UT/T8kadMDj0/1M7+jqr5EDvXBVRyjrIJ8uqVu6Rf5U30QyKdmp2vjjIgqdTyKtTefryuSULaMMrlNMMK2hOvzr4pZTH32EY96OBVEhufyFd1lsHdSUFh8Yu89D4hreK0yfck2kJjgda88qOkQer5DfhnRHOwqhdhgJh2QEWjWropqycMKyLm0+JmJYWd2RIQLztXPurAC/5CNMif9kIo7A6TPvXBf+nYsIJbN1v/fdey8IjBBFCiPg/JbAeWnyuRYoA1/JKuV3fTqZRxT61Gzb6ia/KBvG+GQDc6TVuVkyrAlX8QRGkgU0C/nXAVp85s8bQi2uznI748eoGdTSYYLtnx/j1Xt2E1kABge+YVlO5XleDJvESMix0eqQ3LPH8lVvNjXw+8Tna7PMqJYtDgb461sc4DPV/gj6/9f4jDVOap3e1z1lKc4Mi/XLmHzK37BnwOqAgdbmisfQLk001lNVNFUk8z9S2ychDPuW7', '2014-03-13 22:57:34', 2, 3),
('d455250af56d335e9549e3dffe6fc039d047f237', 'NNAJt7xeOBxr7fV/mLfpsc5ed7443U2AZqpDGAv61nskJCx1IdpWkgKPp2kTSFvHwt/TERwZrlEIuMpiR+g+OjXPBsaTBuYNtOnollwRoKosytEcUzOpuHoBJzSBTLyjkiyUzVDG6/2qncDzUVTEoPoglo4k/kfkrpJO17AmcWtbv68oqs9dfUatTIO5cyKDrRViyUEPcdiXafW0gFpewNEUksdweYrJtQ1C7WOnMtAfVpBkT3IP9cXshmHKeg6xeHSmtU5t3/7HFCAcFbYM1dcAPjaKCYulsWMlgbv97lxIyH6uP1iUuM2EMG0Uv7J4ysbSNSyKbRMIgVxjDGxQ39/h4z1VUlzPQn9yblgxeoTM44qD42ZA8OkuRjl9Xqod6MqOANMbD+l0ESOMlh4Cf4v6MekCe2sMN3sub4AxD9V51+HdgZ0+GHFFcX2l0lTDBklleEATv5at3ZVZvhp9opjZaaoZpJc4aMXZBlMMNAyPEqu8Jb50e2teLOXDduDodcjqae7r5z+o7jjp71qom3IClSKKgD8Cljd2b6QjbIjV4OJwo2pMOEob/9X7cAtlZU2k7rfxEYZYqCoKqYU7SYGUHYXw6UIep0bm29CoS9stwcmmiLnoblJvABK3CQtJICLmODdNUFeY0ZIx9TZ1hdvyV18E+kQpNuAQEzcXwkSksLCTrY3cgEKMJSNllsHx/sn9ztFm7BUMv1OIH0g/e97x7VCBbmgADP9CAcx//Xq+0W4k6/YgoF2PQz3iRYq4dvGad1c4FCDY1Rjwcy0Ef0hBSB34mXMy/Yd88mzvGnwUA13x+3QO1A21mr39S/ycdtW9MYAHQSXEqe1tAA5+2CJ6pTjtT12rQ309Pl/DaE0HNvLc8xhFGQbkHpAbNLwqvLPPrRlv3dEr6F7KLWoLZb/KnJiR0xS7AqARoX33iVCBtDq9Ekj6aGkd80/oyFK5L+wXFhthLMOk/n8nF3AIlusXMxDBrzH/IpJQC8uTreWDYvWaQQhammixW4wok4cOx5smZdvDK2yTB7OuYGuvsXhgOxSZ/aJ7KfajOR8m+m3BQZQ1B8+W3DX86Hex4Q77aynUmzl7vONuY7MEWn2Hqfyg0cmWvh0uH6EYTVVUPa/4vszGOzjzL+v1NJetJBZazp5a+nwUhPjlUZVKhrKdk0xrr6VgnedSgaIP5cF1QRfFFjjZJdzE+ZcBiuWR2RrDJnqx2m4WXy1Ip90CdeGNWFdZqmQMWK2rF64Rt691hfy9IsddXpK1l6a9naKZWyPgLMbiONlqt1+T4zlRtQ6j3Eb/PVoD6ZDrn9oR29W3KkPeOM0fqraFdzpGfzWq9uiWc8xoAwSZLHe0zpnKCCz2Afel+fNEXkkS5vSbCMW7qXoXz6tv+ShXJvhtvrZRVqVPu6fe4M9Z7Pdgq/HPXbyD7sCh3LvJzkRmQfDB6IVPCQ6pBhy4kgfmBTRPNxCpcyIrdOWHef8X5iLzHHQ7sO0wIM0zo6i74KKZMWx9BLZAPgvAPRQQi/0QDkURBJnrrn5Kn9Wn0tnSZ+YhBseOCrWiI8YF2WDF8u5lCoJT7BUDMnZYIp43XEwBGnqOhNxgN7RvGoNJu8px3bWssZUVE7nu9MAy', '2014-02-16 14:42:38', 2, 3),
('dbead7a72da08c5d24482cab5de4ffdc242dab9e', 'oOH6s6Suie7UrR51q/wu0enmneD2dp/2VTV/HbcsZuwkJLMlOmYJIkjQHuISWD7e+kc+DKn+nW3j2nbK1eTHS/7O4m0FIXqpt2PdgOZ5zQsiemWMjevoYQI7dsx/oujvPuCPwXhd72dBRuBg1JCFu3MwXO8x0O+1O2u7EKgO+5K3/nvtvLgBufPZ5sJD9Aa718KsOh5U64QlW334zkmvMnWv0xXh7Nz2PBddIKDHbrZCj3gG+wJlOOWFMSW3sRgXJFdgwwxc3/C+hTjT7w7YegWuW3xCr7lhBEgWjsh8xk8JcW3wuUw73gd276vrt5eL4jIdmHPJB8udHH2vAUsDN244fVMjYrMptpgtYPzWL8yT0dHREI3IaKej8t3NFJRdHTDdt+MP+yPRdzcvNxG7hCfmW3le+YGViISwwTM2bzh0dznOCkk4YtRyB+KzqBUt9XAeTrrCDNOxsHhGeyjAfwq+Zq73S5ijUYwnhd1XGgc5BPKqDCyigLGfM5NkDLzMfrcPXjTSQpdfcH4pdzz74Al3ebr1W+uI/qrnl+PyTDzlxyKBhkue1DOo8oypTwfXPZ4tGbUZcBIaYFc6UVyS56nVFGUzONJWAwAG/2WqXU+PdOxaWDKtXz54FhcN0T1GJ77ep8hclq6EtQfZADbC9U/us3/WTL/gqnrNRrzLbGJEs785J7YUXdT+UoEtOQ0M5kZKlr4cXXna7gWKQAthlGlamAfyKbGbjepcddwv6BKRsILNZhmSNK52pCCdtXPL/P2eJT3klDe19hqPELOsVzAhs1gqL6jymcynrpiKIj7bHVFSFS/aEx2eXmeG6PnT5p/upe6UdXp4XD89CJMlt6mZaUO0q67+wPMklx2cqvzel9oEh6m2qOWfo8OSDCxCac0NGA0brfAUig0mOMZCsGV+VnHkx7VaX9jbsyjd6hG1ZlJThN+d0YI12b0Wq7EC951Un/CEZdYmFlF8cTGvNSl/cqjzkVviOPMI91mdaowcYpEo09+p0P089crRFttdYaqBhyXgkcKAsmyzUpenEil2WhcB+Ce0Jfj4x+/uHW0CIUmCo94RD66t9AIDtyx1DGCo0kB1MNzBOZ1/QuvHNOUCkzuTcMrsWX8On3K0m+hOWU2quLTejwTlNKtn3Xn08G6GWw2Wzi+88Abl5EEha2KEnTl+7qUmOs4IXQ3ZXB1D+JvdNP1Y17iy55uLrJ1LcZdPtSB83OFMScHpSP2zmhPur88h6Ru2NaS2EdnldXHyweTJi7K1tgGlwznThuZurJ3aoVjd3plUMarw6wUt1otbk60l5Wk9uHPjHXZ6EFC3f3bcykvC7pS41v14bemXWGqpRZ3BikGuCTkW5sMefvgMJjP12H4/c+MD5t3FaoGBQ3aFSY4UGp06DCJeSA9fxm9f6ZLgRth/ZbDEdrys0pyxSacrnrhIffQXHd2/Ps1MOki5wHFMCl53kV8jVW94tXBODGCju1UuudlCyIDafhOTNJCM/bco+Av/bJZHV3s10QsAkJK3aWRSaHjYb974DckUr4xwrf+XO+/sY6icCOZOu5EdF+XPVm5WCRn5JlLIGl03Viw+nEscpQ4Y93ugGzezod20nIDHZehcImzriJEa', '2014-02-18 19:20:29', 2, 3),
('f31ffd13088367fdfc99542e7e0725e9664cbfea', 'cdqSisi2/iARCokVHFhhB+qleuG49E4qR4wkISej4gSfp28GXGSdH6tt/vjQgEGo53GjyYkDRKebbpBWRyaCiiNKfjOAf1gnp7JzkuOIOZzxt5OjUt2iJvPCfDaeJ8UEnJG0hg1rpbCRy9YClBrgMslQaiist+Yj/acgBFc/QbhRP9cxaLhaSMGwzpTqnvmpzZmhv3n1GPShCMT2qyzrM9GjCem/9fHwu+8+cBNIuWeUHujwb6dK5uHNO2TwOlFElnSAktNxDD5eUDUoKJupJtBtFFdQ8xm21g0lqxaPciv0xjlgy0n8T7uQN4rS0wnvGKvMwG9K29nZt4pDzWd7KK5OoNDioefWb9A3bdETp4NLaQRNb4b2xkF5PSKA6HZc+xA9RROZywJwSUF+v4vujZaP6Mall9p3XrwUg7MQUDL1XRQAqfFc6OEgQeFLHaS7hFi2Xtwa+XEoLGWxhfXn+CnDu/iPXvmvsXZrMuGaC6RuYdrqsaVjZkuVbRyQnuVDGGGCM3vhBdau1TMoRn57gxSwrnSlahZP/PNkE4VNiXLm1Nw3itJlrYNGuoA1jL93a2n2N8e2WOXlMRJctZzeKfmd6qazPj5fio6IzZo+G1ymjelJJ6PHRaDAqezzaZDTHzxoVr4kI7WU0iiojvsrabdlXYvnxs9Vy4x+XWxo7NglbIHTkPBNQqZV0LSxDSLpqqX76o5+NBIfN0M39x45GUCrw8gDz0Ygh94E9LCFDvn9uBhRFGRpbSaIKIYX3coVcK4wmA/Wy0RlIZEKRJsT6oDljkTHlTV3QM/wLbvMpuKmJ/F6kwZ0bhqTyBvjnolo2v8ZqS8IBHFPEMmjOGyrAOo8ArRiU4UfbeVS1JuXzuePrJ0plSF9ixn775C6LeSomUZ1M0I3eizLdexz8xqZ1ghNRq3WORRIdGdZ+uvi7IWT3U3HCFg/RzLPsLMxDVJpzqq3NuERbVa71n6zTy7hftsk5HleECydm8jQRnQtwjwxY5F9EQK1PQP8hSr9pGXVmH5slDwn8oGh3qR3q0cIqZHcUrWTS+C40p2jpOQ6Dr3kcOg1ODEOuIT3OT+l4fo6/V/6z7rdChko95+/9HA7/seLqKPATzluKvLE7em4EyXrM1s04Ap/W57mewyLYuty/kfCLpCGZW9Z2qfO+OX3zb9MQavs52+wYADMAH2jwXbBAza/QM3droGAoFyKf16LqLD1qx5IylUKQG0yKNuDHT66wHhQDeYAy4zD1sm7ZGyaNaeGGzQ3p2Xm2WcFfJG3gP1V7X1OJlgWgXoPTQsRE4RDcArRDGx6BPbVg3mpdxo43mGCDrxSZGEpzehBoIwrvoYu6LSKF4ck5QsKP1NbiMCOBEdkeXQ/NelsjiaOOj7vZ6U/kXQIvhcDvju2X4CiSpIyiouxJRThYfoKVfr3OXClx40L7CYNajVRkB21vv2RhHXV2SZ3NFARHOoqhKCy9tOL1+uofjjRnpYdSSDlgOnDtlcn2br6D2MJHUWhusLje1Ukig==', '2014-02-16 08:17:57', 2, 3),
('f6c2665d554897d22949187398a7f0c10c4ec045', 'pGKVw6krbzJhR85fK285wlEx6Xj/VA6uTtLGYtGaQIKTNFIC6iwX5YdS70RXc2Axfc77VHILKVQb0z7yGrDRY23PLuQ0EYfF/ilYiHSboQ5EKQX9QdVLr1qWKD8zDO9d1O0D5w+tuP4N5sLGcwfbGOjw/axmrEnYOirRAvkT/B7jbOfYVMzFO32634vlxEfdlzLyN4wTNhMftBMM7628VNZWYebXH2KI8gheFE6gBRyfO/r6iFXKjPEE10uGtVwliQBGzSc5f6ikpD1HcFLFeroxne9uq17D/kIgYCTzFf3RJzsrn8cT2/4uZa2gek4RJfyfPMLerEhN094pyFA2Zo9OpL0aJUfpbZC0Pi8HO8OMXxSKoUcDMtKrS+Z8FsgptoLSEFjQE03NanMJZw4st1lDu0sExaSfPiDqd7iURBWSUDSK2rszkPY24ZyiLvcmf28uHiMCEGGrTZpTAuXAU6jRv4YPOEuPJH5gnzHsNYZbqgBUjr+/sQq9J8t3Fs20uae0cNf/NbkJyUZ0NKD22N7HmeO1pPMGnCElFGkpi8CsdWo2UKCZ7Ftq8qHcxb5sOF6Ux0q3oNdyx5JVll0i1iesiH3OnVefHAs7/Gw+5f6hMRrhjvCQlQhN8MJM/H7/45EPrXxXg5cniSGKKT371Qooj84ce4dAHkHm99THETeFQwITD030T/nkn4owuZwfF6NbBAOgqvbIUJ/NR3iNnUCWyj/DMtMAmMSt9ov7mBzkJf6PYQYrwxN52eFC1CbJygJUmygiiZ/Fp/GG5Hzgib5oLM4nBrlw+j3ntmaJOywfffslWy7mNUhYfuguzX4PvgfTc+KoU55yVWvjrbZncwJany/knDR175Et/acIrf/lctWrHG+Ltm+KX8I/hEkl4gGjbeZE+sm/FkPF4xzkIlqQhTYsKj95C6CJclmMAZT/51t9lBmslRAXiS/kIEEX6VfDoLKRyDU/kOG6HiZUSobQnnJlInFuy35+te0LdtokpeHj+MwTOdQP0A0+PmwDtuJBLE6dh0+X2k8Q/cQt1zeOxDxy+VJ3Zr5qEOhlI5Qjg4Ndm9IPbamvwUD6P2epwYMisB7Vu8Ndvh5XjQYwW861QiFmc7iAQ91CRbpALY+p7b7Ce577GBQIkARSWAZHMWUYyA8Ne+uUVyaH7kKjMcPQHLQ54em0pVFOT96mKHH2hNfq+uIkjK9kgGDhBKvDPx+TrnE/F22XycR2yuRfas/6Oebcpt/IQelTSc10JA7v036M9O3aECU8NYhaxp823v0enKEKPNBPn7yCeKmY3KlAlvayO86ZJHmeP6MEVGbWvu5uNs+/jCWOfvZXowkUseyGJkjIj+5BM8pxKAApZ8rmJIzJaPv/wAaxXfmgmqWRwpAD+m2kn0IvE+3+U20+ob/9jhQCYwQK7WHSujvyiLOUTggDd2aWDQcanrAruDuppKSyWrgGi6zYe1u91t9RuA32ClH+eVJVLLb2AwwZxizbZ88jsWK++PjcIVSPItTRIVviZQ==', '2014-02-16 08:14:12', 2, 3);

-- --------------------------------------------------------

--
-- Table structure for table `roles`
--

CREATE TABLE IF NOT EXISTS `roles` (
  `id` int(11) NOT NULL AUTO_INCREMENT,
  `name` text NOT NULL,
  PRIMARY KEY (`id`)
) ENGINE=InnoDB  DEFAULT CHARSET=latin1 AUTO_INCREMENT=6 ;

--
-- Dumping data for table `roles`
--

INSERT INTO `roles` (`id`, `name`) VALUES
(1, 'admin'),
(2, 'moderator'),
(3, 'contributor'),
(5, 'inactive');

-- --------------------------------------------------------

--
-- Table structure for table `tags`
--

CREATE TABLE IF NOT EXISTS `tags` (
  `id` int(11) NOT NULL AUTO_INCREMENT,
  `name` varchar(200) NOT NULL,
  `deleted` tinyint(1) NOT NULL DEFAULT '0',
  `created_by` int(11) NOT NULL,
  `created_date` timestamp NOT NULL DEFAULT CURRENT_TIMESTAMP ON UPDATE CURRENT_TIMESTAMP,
  `updated_by` int(11) NOT NULL,
  `updated_date` timestamp NOT NULL DEFAULT '0000-00-00 00:00:00',
  `is_category` tinyint(1) NOT NULL DEFAULT '0',
  PRIMARY KEY (`id`)
) ENGINE=InnoDB  DEFAULT CHARSET=latin1 AUTO_INCREMENT=128 ;

--
-- Dumping data for table `tags`
--

INSERT INTO `tags` (`id`, `name`, `deleted`, `created_by`, `created_date`, `updated_by`, `updated_date`, `is_category`) VALUES
(26, 'värnplikt', 1, 0, '2014-01-05 22:57:08', 2, '0000-00-00 00:00:00', 0),
(27, 'försvar', 1, 0, '2014-01-05 23:09:46', 2, '0000-00-00 00:00:00', 0),
(28, 'bidrag', 1, 0, '2014-01-05 23:02:04', 2, '0000-00-00 00:00:00', 0),
(29, 'familj', 1, 0, '2014-01-05 23:06:01', 2, '0000-00-00 00:00:00', 0),
(30, 'brottslighet', 0, 0, '2013-10-31 19:49:34', 0, '0000-00-00 00:00:00', 0),
(31, 'straff', 0, 0, '2013-10-31 19:49:34', 0, '0000-00-00 00:00:00', 0),
(32, 'välfärd', 1, 0, '2014-01-05 22:38:57', 2, '0000-00-00 00:00:00', 0),
(33, 'media', 0, 0, '2013-10-31 19:49:59', 0, '0000-00-00 00:00:00', 0),
(34, 'eu', 1, 0, '2014-01-05 19:55:57', 2, '0000-00-00 00:00:00', 0),
(35, 'skatt', 0, 0, '2013-10-31 19:50:22', 0, '0000-00-00 00:00:00', 0),
(36, 'trafik', 0, 0, '2013-10-31 19:50:22', 0, '0000-00-00 00:00:00', 0),
(37, 'vård', 0, 0, '2014-01-07 18:47:36', 2, '2014-01-07 18:47:36', 1),
(38, 'vapen', 0, 0, '2013-10-31 19:55:36', 0, '0000-00-00 00:00:00', 0),
(39, 'export', 1, 0, '2014-01-05 23:08:45', 2, '0000-00-00 00:00:00', 0),
(40, 'tåg', 0, 0, '2013-10-31 19:55:57', 0, '0000-00-00 00:00:00', 0),
(41, 'infrastruktur', 1, 0, '2014-01-05 23:51:13', 2, '0000-00-00 00:00:00', 0),
(42, 'euro', 1, 0, '2014-01-06 00:06:01', 2, '0000-00-00 00:00:00', 0),
(43, 'ekonomi', 0, 0, '2014-01-08 20:43:50', 2, '2014-01-08 20:43:50', 1),
(44, 'demokrati', 0, 0, '2013-10-31 19:56:26', 0, '0000-00-00 00:00:00', 0),
(45, 'nato', 1, 0, '2014-01-05 19:21:29', 2, '0000-00-00 00:00:00', 0),
(46, 'afghanistan', 0, 0, '2013-10-31 19:56:55', 0, '0000-00-00 00:00:00', 0),
(47, 'kultur', 0, 0, '2013-10-31 19:57:10', 0, '0000-00-00 00:00:00', 0),
(48, 'a-kassa2', 0, 0, '2013-12-07 19:38:42', 2, '2013-12-07 19:38:42', 0),
(49, 'alkohol', 0, 0, '2013-11-05 21:22:52', 0, '0000-00-00 00:00:00', 0),
(50, 'monopol', 0, 0, '2013-11-05 21:22:52', 0, '0000-00-00 00:00:00', 0),
(51, 'utbildning', 0, 0, '2014-01-07 18:47:43', 2, '2014-01-07 18:47:43', 1),
(52, 'äktenskap', 1, 0, '2014-01-05 21:06:57', 2, '0000-00-00 00:00:00', 0),
(53, 'barnbidrag', 0, 0, '2013-11-05 21:24:07', 0, '0000-00-00 00:00:00', 0),
(54, 'friskolor', 1, 0, '2014-01-05 23:11:08', 2, '0000-00-00 00:00:00', 0),
(55, 'fra', 1, 0, '2014-01-05 23:11:29', 2, '0000-00-00 00:00:00', 0),
(56, 'religion', 0, 0, '2013-11-05 21:25:16', 0, '0000-00-00 00:00:00', 0),
(57, 'förmögenhetsskatt4', 0, 0, '2014-01-06 01:31:01', 2, '2014-01-06 01:31:01', 0),
(58, 'pension', 0, 0, '2013-11-05 21:26:00', 0, '0000-00-00 00:00:00', 0),
(59, 'fildelning', 1, 0, '2014-01-05 22:57:24', 2, '0000-00-00 00:00:00', 0),
(60, 'upphovsrätt', 1, 0, '2014-01-05 22:41:03', 2, '0000-00-00 00:00:00', 0),
(61, 'piratkopiering', 0, 0, '2013-11-05 21:26:29', 0, '0000-00-00 00:00:00', 0),
(62, 'järnväg', 0, 0, '2013-11-05 21:26:37', 0, '0000-00-00 00:00:00', 0),
(63, 'invandring', 0, 0, '2013-11-05 21:26:49', 0, '0000-00-00 00:00:00', 0),
(64, 'abort3', 1, 0, '2013-12-16 18:44:30', 2, '2013-12-15 10:50:34', 0),
(65, 'kärnkraft', 0, 0, '2013-11-05 21:27:33', 0, '0000-00-00 00:00:00', 0),
(66, 'miljö', 0, 0, '2014-01-08 20:43:57', 2, '2014-01-08 20:43:57', 1),
(67, 'energi4', 0, 0, '2014-01-06 01:21:46', 2, '2014-01-06 01:21:46', 0),
(68, 'jakt', 1, 0, '2014-01-05 19:24:06', 2, '0000-00-00 00:00:00', 0),
(69, 'varg', 1, 0, '2014-01-05 22:39:27', 2, '0000-00-00 00:00:00', 0),
(70, 'modersmålsundervisning', 1, 0, '2014-01-05 22:44:47', 2, '0000-00-00 00:00:00', 0),
(71, 'monarki', 0, 0, '2013-11-05 21:28:24', 0, '0000-00-00 00:00:00', 0),
(72, 'patent', 1, 0, '2014-01-05 19:40:45', 2, '0000-00-00 00:00:00', 0),
(73, 'dödshjälp1', 0, 0, '2014-01-06 16:15:50', 2, '2014-01-06 16:15:50', 0),
(74, 'brott', 1, 0, '2014-01-05 19:24:46', 2, '0000-00-00 00:00:00', 0),
(75, 'läkemedel', 0, 0, '2013-11-05 21:30:45', 0, '0000-00-00 00:00:00', 0),
(76, 'apotek', 0, 0, '2013-11-05 21:30:45', 0, '0000-00-00 00:00:00', 0),
(77, 'rut', 1, 0, '2014-01-05 19:59:02', 2, '0000-00-00 00:00:00', 0),
(78, 'prostitution', 0, 0, '2013-11-05 21:30:57', 0, '0000-00-00 00:00:00', 0),
(79, 'försäkring', 1, 0, '2014-01-05 23:49:57', 2, '0000-00-00 00:00:00', 0),
(80, 'tandvård', 0, 0, '2013-11-05 21:32:48', 0, '0000-00-00 00:00:00', 0),
(81, 'turkiet', 1, 0, '2014-01-05 22:32:37', 2, '0000-00-00 00:00:00', 0),
(82, 'test1', 0, 0, '2013-11-17 09:31:30', 0, '0000-00-00 00:00:00', 0),
(83, 'ekonomi2', 0, 0, '2013-11-17 09:41:24', 0, '0000-00-00 00:00:00', 0),
(84, 'politik', 0, 0, '2013-11-17 09:41:24', 0, '0000-00-00 00:00:00', 0),
(85, 'dsa', 1, 0, '2014-01-05 19:40:00', 2, '0000-00-00 00:00:00', 0),
(86, 'blu', 1, 0, '2013-12-07 19:52:22', 2, '0000-00-00 00:00:00', 0),
(87, 'rasmus', 1, 0, '2014-01-05 19:16:54', 2, '0000-00-00 00:00:00', 0),
(88, 'test', 1, 0, '2014-01-05 19:20:11', 2, '0000-00-00 00:00:00', 0),
(89, '1234', 1, 0, '2013-12-05 18:23:31', 2, '2013-12-05 14:36:12', 0),
(90, 'dsadsa', 0, 2, '2013-12-05 14:40:03', 0, '0000-00-00 00:00:00', 0),
(91, 'dsadsa', 0, 2, '2013-12-05 18:23:17', 0, '0000-00-00 00:00:00', 0),
(92, 'testtagg', 0, 0, '2013-12-08 11:32:34', 0, '0000-00-00 00:00:00', 0),
(93, 'asd', 0, 0, '2013-12-08 13:38:56', 0, '0000-00-00 00:00:00', 0),
(94, 'sad', 0, 0, '2013-12-08 13:39:07', 0, '0000-00-00 00:00:00', 0),
(95, '1', 0, 0, '2013-12-08 13:41:24', 0, '0000-00-00 00:00:00', 0),
(96, '2', 0, 0, '2013-12-08 13:42:46', 0, '0000-00-00 00:00:00', 0),
(97, '4', 0, 0, '2013-12-08 13:43:52', 0, '0000-00-00 00:00:00', 0),
(98, '5', 0, 0, '2013-12-08 13:44:03', 0, '0000-00-00 00:00:00', 0),
(99, '7', 0, 0, '2013-12-08 13:50:17', 0, '0000-00-00 00:00:00', 0),
(100, 'abc', 0, 0, '2014-01-10 18:53:24', 0, '0000-00-00 00:00:00', 0),
(101, 'a', 0, 0, '2014-02-25 13:08:13', 0, '0000-00-00 00:00:00', 0),
(102, 'b', 0, 0, '2014-02-25 13:08:13', 0, '0000-00-00 00:00:00', 0),
(103, 'c', 0, 0, '2014-02-25 13:08:13', 0, '0000-00-00 00:00:00', 0),
(104, 'd', 0, 0, '2014-02-25 13:09:35', 0, '0000-00-00 00:00:00', 0),
(105, 'tagg1', 0, 0, '2014-03-02 07:50:17', 0, '0000-00-00 00:00:00', 0),
(106, 'tagg2', 0, 0, '2014-03-02 07:50:17', 0, '0000-00-00 00:00:00', 0),
(107, 'tagg3', 0, 0, '2014-03-02 08:36:04', 0, '0000-00-00 00:00:00', 0),
(108, 'tagg4', 0, 0, '2014-03-02 08:53:10', 0, '0000-00-00 00:00:00', 0),
(109, 'e', 0, 0, '2014-03-02 09:12:29', 0, '0000-00-00 00:00:00', 0),
(110, 'f', 0, 0, '2014-03-02 09:13:18', 0, '0000-00-00 00:00:00', 0),
(111, 'g', 0, 0, '2014-03-02 09:15:34', 0, '0000-00-00 00:00:00', 0),
(112, 'fin tagg1', 0, 0, '2014-03-02 09:16:05', 0, '0000-00-00 00:00:00', 0),
(113, '3', 0, 0, '2014-03-02 09:57:33', 0, '0000-00-00 00:00:00', 0),
(114, 'b1', 0, 0, '2014-03-02 09:58:35', 0, '0000-00-00 00:00:00', 0),
(115, 'b2', 0, 0, '2014-03-02 09:58:35', 0, '0000-00-00 00:00:00', 0),
(116, 'b3', 0, 0, '2014-03-02 09:58:35', 0, '0000-00-00 00:00:00', 0),
(117, 'pass1', 0, 0, '2014-03-02 09:59:44', 0, '0000-00-00 00:00:00', 0),
(118, 'pass2', 0, 0, '2014-03-02 09:59:44', 0, '0000-00-00 00:00:00', 0),
(119, 'pass3', 0, 0, '2014-03-02 09:59:53', 0, '0000-00-00 00:00:00', 0),
(120, 'fail', 0, 0, '2014-03-02 20:23:38', 0, '0000-00-00 00:00:00', 0),
(121, 'bla', 0, 0, '2014-03-03 18:53:25', 0, '0000-00-00 00:00:00', 0),
(122, 'bla2', 0, 0, '2014-03-03 18:53:25', 0, '0000-00-00 00:00:00', 0),
(123, 'bla3', 0, 0, '2014-03-03 19:13:08', 0, '0000-00-00 00:00:00', 0),
(124, 'ads', 0, 0, '2014-03-03 19:44:47', 0, '0000-00-00 00:00:00', 0),
(125, 'skola', 0, 0, '2014-03-05 20:18:19', 0, '0000-00-00 00:00:00', 0),
(126, 'fråga1', 0, 0, '2014-03-15 10:37:13', 0, '0000-00-00 00:00:00', 0),
(127, 'asa', 0, 0, '2014-03-26 17:00:58', 0, '0000-00-00 00:00:00', 0);

-- --------------------------------------------------------

--
-- Table structure for table `tmp_answers`
--

CREATE TABLE IF NOT EXISTS `tmp_answers` (
  `id` varchar(40) NOT NULL,
  `party_id` varchar(40) NOT NULL,
  `answer` varchar(20) NOT NULL,
  `question_id` varchar(40) NOT NULL,
  `source` text NOT NULL,
  `date` timestamp NOT NULL DEFAULT CURRENT_TIMESTAMP ON UPDATE CURRENT_TIMESTAMP,
  `created_by` varchar(40) NOT NULL,
  `deleted` tinyint(1) NOT NULL,
  `updated_by` varchar(40) DEFAULT NULL,
  `updated_date` timestamp NULL DEFAULT NULL,
  `description` text
) ENGINE=InnoDB DEFAULT CHARSET=latin1;

-- --------------------------------------------------------

--
-- Table structure for table `users`
--

CREATE TABLE IF NOT EXISTS `users` (
  `id` int(10) unsigned NOT NULL AUTO_INCREMENT,
  `username` varchar(50) DEFAULT NULL,
  `password` varchar(100) DEFAULT NULL,
  `role_id` int(20) DEFAULT NULL,
  `created_date` datetime DEFAULT NULL,
  `updated_date` datetime DEFAULT NULL,
  `deleted` tinyint(1) NOT NULL DEFAULT '0',
  `created_by` int(11) DEFAULT NULL,
  `updated_by` int(11) DEFAULT NULL,
  `description` text,
  `email` text NOT NULL,
  `approved` tinyint(1) NOT NULL DEFAULT '0',
  `fullname` text NOT NULL,
  PRIMARY KEY (`id`)
) ENGINE=InnoDB  DEFAULT CHARSET=latin1 AUTO_INCREMENT=31 ;

--
-- Dumping data for table `users`
--

INSERT INTO `users` (`id`, `username`, `password`, `role_id`, `created_date`, `updated_date`, `deleted`, `created_by`, `updated_by`, `description`, `email`, `approved`, `fullname`) VALUES
(2, 'admin', '$2a$10$WPL9Lf1FgFR5uXX32VSceeWjAzv2enWjFWs6vxC9SXpzZmwm/oBwC', 1, '2013-11-12 21:17:07', '2014-03-11 22:47:31', 0, 2, 2, 'asdasdasdasdasdsa', 'admin@partisk.nu', 1, 'Administratornamn'),
(5, 'moderator', '$2a$10$IoMnoMbaeqYEKmjrRos7P.wYXIafF09thSlLxrHCIto2cCRAB69IS', 2, '2013-10-17 13:40:11', '2013-12-04 19:09:47', 0, 2, 2, 'moderator presentation', 'moderator@partisk.nu', 1, 'Moderator namn'),
(6, 'contributor', '$2a$10$K1L48./n05.eBugWMCWD8.sRI61gdHWJfJsMGsQToeAognQEmSt1y', 3, '2013-10-17 13:40:27', '2013-12-04 19:09:32', 0, 2, 2, 'sdsadsadsadsa', 'contributor@partisk.nu', 1, 'Contributornamn'),
(29, 'testnamn', '$2a$10$CNUGsjrG2ekbG6L85LBpG.gnk6fEAlay95TclqZLB25YNMSqWkJke', 1, '2013-12-05 19:52:33', '2013-12-08 16:50:57', 1, 2, 2, 'saddsasasadsad', 'test@test2.se', 1, 'Test test'),
(30, 'rasmushaglund', '$2a$10$2UCHlSkquVAvf3rKZCSTUeZZaPluHTI1KdzUcdkNFw374pEux/ZaW', 5, '2013-12-05 20:02:58', '2013-12-05 20:49:24', 0, 1, 2, 'fdsadsadsa dsa dsa dsa dsa dsa', 'rasmus.haglund@gmail.com', 1, '');

-- --------------------------------------------------------

--
-- Table structure for table `user_logs`
--

CREATE TABLE IF NOT EXISTS `user_logs` (
  `id` int(11) NOT NULL AUTO_INCREMENT,
  `user_id` int(11) NOT NULL,
  `model` text NOT NULL,
  `action` text NOT NULL,
  `object_id` int(11) NOT NULL,
  `date` timestamp NOT NULL DEFAULT CURRENT_TIMESTAMP,
  `text` text NOT NULL,
  `ip` text,
  PRIMARY KEY (`id`)
) ENGINE=InnoDB  DEFAULT CHARSET=latin1 AUTO_INCREMENT=501 ;

--
-- Dumping data for table `user_logs`
--

INSERT INTO `user_logs` (`id`, `user_id`, `model`, `action`, `object_id`, `date`, `text`, `ip`) VALUES
(1, 2, 'answer', 'add', 212, '2013-11-12 22:24:59', 'ja', '127.0.0.1'),
(2, 2, 'question', 'edit', 24, '2013-11-13 11:10:28', '', '127.0.0.1'),
(3, 2, 'question', 'edit', 24, '2013-11-13 11:13:09', '', '127.0.0.1'),
(4, 2, 'question', 'edit', 19, '2013-11-13 11:18:43', '', '127.0.0.1'),
(5, 2, 'question', 'edit', 60, '2013-11-13 11:23:34', '', '127.0.0.1'),
(6, 2, 'question', 'edit', 56, '2013-11-13 11:24:02', '', '127.0.0.1'),
(7, 2, 'question', 'edit', 56, '2013-11-13 11:25:29', '', '127.0.0.1'),
(8, 2, 'user', 'add', 8, '2013-11-13 11:37:52', 'bla', '127.0.0.1'),
(9, 2, 'user', 'edit', 8, '2013-11-13 11:38:00', '', '127.0.0.1'),
(10, 2, 'user', 'delete', 8, '2013-11-13 11:38:32', '', '127.0.0.1'),
(11, 2, 'answer', 'add', 213, '2013-11-15 10:25:36', 'nej', '127.0.0.1'),
(12, 2, 'answer', 'delete', 148, '2013-11-15 10:25:42', '', '127.0.0.1'),
(13, 2, 'answer', 'add', 214, '2013-11-15 10:32:17', 'bla', '127.0.0.1'),
(14, 2, 'answer', 'delete', 214, '2013-11-15 10:32:27', '', '127.0.0.1'),
(15, 2, 'question', 'add', 81, '2013-11-17 09:31:30', 'habana', '127.0.0.1'),
(16, 2, 'question', 'edit', 81, '2013-11-17 09:41:16', '', '127.0.0.1'),
(17, 2, 'question', 'edit', 81, '2013-11-17 09:41:24', '', '127.0.0.1'),
(18, 2, 'question', 'delete', 81, '2013-11-17 09:43:06', '', '127.0.0.1'),
(19, 2, 'question', 'edit', 65, '2013-11-17 09:52:21', '', '127.0.0.1'),
(20, 2, 'question', 'edit', 65, '2013-11-17 09:55:27', '', '127.0.0.1'),
(21, 2, 'question', 'edit', 65, '2013-11-17 09:59:22', '', '127.0.0.1'),
(22, 2, 'question', 'edit', 65, '2013-11-17 10:00:21', '', '127.0.0.1'),
(23, 2, 'quiz', 'add', 4, '2013-11-17 20:21:04', 'dsadsa', '127.0.0.1'),
(24, 2, 'quiz', 'add', 3, '2013-11-18 21:24:58', '', '127.0.0.1'),
(25, 2, 'quiz', 'add', 4, '2013-11-18 21:26:58', '', '127.0.0.1'),
(26, 2, 'quiz', 'add', 5, '2013-11-18 21:27:50', '', '127.0.0.1'),
(27, 2, 'quiz', 'add', 6, '2013-11-19 06:11:18', '', '127.0.0.1'),
(28, 2, 'quiz', 'add', 7, '2013-11-19 06:16:29', '', '127.0.0.1'),
(29, 2, 'quiz', 'add', 8, '2013-11-19 06:16:37', '', '127.0.0.1'),
(30, 2, 'quiz', 'add', 9, '2013-11-19 06:18:18', '', '127.0.0.1'),
(31, 2, 'quiz', 'add', 10, '2013-11-19 06:18:27', '', '127.0.0.1'),
(32, 2, 'quiz', 'add', 11, '2013-11-19 19:05:46', '', '127.0.0.1'),
(33, 2, 'quiz', 'add', 5, '2013-11-19 19:05:59', 'hmm', '127.0.0.1'),
(34, 2, 'quiz', 'delete', 5, '2013-11-19 19:14:49', '', '127.0.0.1'),
(35, 2, 'quiz', 'delete', 2, '2013-11-19 19:14:52', '', '127.0.0.1'),
(36, 2, 'quiz', 'add', 12, '2013-11-19 19:19:08', '', '127.0.0.1'),
(37, 2, 'quiz', 'add', 13, '2013-11-19 19:19:12', '', '127.0.0.1'),
(38, 2, 'quiz', 'add', 14, '2013-11-19 19:19:21', '', '127.0.0.1'),
(39, 2, 'quiz', 'add', 15, '2013-11-19 19:19:31', '', '127.0.0.1'),
(40, 2, 'user', 'add', 17, '2013-11-25 11:58:55', 'hej', '127.0.0.1'),
(41, 2, 'user', 'delete', 17, '2013-11-25 12:00:07', '', '127.0.0.1'),
(42, 2, 'user', 'delete', 16, '2013-11-25 12:00:10', '', '127.0.0.1'),
(43, 2, 'question', 'delete', 82, '2013-11-25 13:23:21', '', '127.0.0.1'),
(44, 2, 'question', 'delete', 83, '2013-11-25 13:24:32', '', '127.0.0.1'),
(45, 2, 'user', 'edit', 18, '2013-11-25 17:16:20', '', '127.0.0.1'),
(46, 2, 'user', 'edit', 18, '2013-11-25 17:17:03', '', '127.0.0.1'),
(47, 2, 'user', 'add', 19, '2013-11-25 17:17:45', 'test2', '127.0.0.1'),
(48, 2, 'party', 'add', 10, '2013-11-25 22:04:22', 'testparti', '127.0.0.1'),
(49, 2, 'user', 'edit', 5, '2013-11-26 19:54:11', '', '127.0.0.1'),
(50, 2, 'user', 'delete', 20, '2013-11-26 19:54:34', '', '127.0.0.1'),
(51, 2, 'quiz', 'add', 16, '2013-11-26 19:57:52', '', '127.0.0.1'),
(52, 2, 'quiz', 'add', 17, '2013-11-26 20:01:26', '', '127.0.0.1'),
(53, 2, 'quiz', 'add', 18, '2013-11-26 20:01:30', '', '127.0.0.1'),
(54, 2, 'quiz', 'add', 19, '2013-11-26 20:01:34', '', '127.0.0.1'),
(55, 2, 'party', 'delete', 10, '2013-11-26 20:04:29', '', '127.0.0.1'),
(56, 2, 'answer', 'edit', 7, '2013-11-27 19:37:49', '', '127.0.0.1'),
(57, 2, 'answer', 'edit', 7, '2013-11-27 19:44:06', '', '127.0.0.1'),
(58, 2, 'answer', 'edit', 8, '2013-11-27 19:44:20', '', '127.0.0.1'),
(59, 2, 'answer', 'edit', 89, '2013-11-27 20:23:55', '', '127.0.0.1'),
(60, 2, 'answer', 'delete', 11, '2013-11-27 20:30:11', '', '127.0.0.1'),
(61, 2, 'question', 'delete', 68, '2013-11-27 20:30:34', '', '127.0.0.1'),
(62, 2, 'answer', 'edit', 140, '2013-11-27 20:33:01', '', '127.0.0.1'),
(63, 2, 'answer', 'edit', 140, '2013-11-27 20:33:08', '', '127.0.0.1'),
(64, 2, 'answer', 'delete', 130, '2013-11-27 20:33:39', '', '127.0.0.1'),
(65, 2, 'answer', 'edit', 151, '2013-11-27 21:42:44', '', '127.0.0.1'),
(66, 2, 'answer', 'edit', 140, '2013-12-02 19:12:32', '', '127.0.0.1'),
(67, 2, 'answer', 'edit', 137, '2013-12-02 19:12:38', '', '127.0.0.1'),
(68, 2, 'answer', 'edit', 144, '2013-12-02 19:12:45', '', '127.0.0.1'),
(69, 2, 'answer', 'edit', 143, '2013-12-02 19:12:52', '', '127.0.0.1'),
(70, 2, 'answer', 'edit', 142, '2013-12-02 19:12:59', '', '127.0.0.1'),
(71, 6, 'question', 'add', 86, '2013-12-02 19:32:19', 'Contributorfråga 3', '127.0.0.1'),
(72, 6, 'answer', 'add', 215, '2013-12-02 19:41:25', 'contributor svar', '127.0.0.1'),
(73, 6, 'answer', 'add', 216, '2013-12-02 19:41:59', 'contributor svar 2', '127.0.0.1'),
(74, 6, 'answer', 'delete', 216, '2013-12-02 19:53:45', '', '127.0.0.1'),
(75, 6, 'question', 'edit', 84, '2013-12-02 20:46:29', '', '127.0.0.1'),
(76, 6, 'answer', 'edit', 215, '2013-12-02 20:46:38', '', '127.0.0.1'),
(77, 6, 'question', 'delete', 86, '2013-12-02 20:52:55', '', '127.0.0.1'),
(78, 6, 'answer', 'add', 217, '2013-12-02 20:53:21', 'nej', '127.0.0.1'),
(79, 2, 'question', 'edit', 30, '2013-12-02 21:00:34', '', '127.0.0.1'),
(80, 2, 'answer', 'edit', 169, '2013-12-04 14:02:10', '', '127.0.0.1'),
(81, 2, 'answer', 'edit', 170, '2013-12-04 14:02:17', '', '127.0.0.1'),
(82, 2, 'user', 'edit', 21, '2013-12-04 17:40:07', '', '127.0.0.1'),
(83, 2, 'user', 'edit', 21, '2013-12-04 17:40:55', '', '127.0.0.1'),
(84, 2, 'user', 'delete', 25, '2013-12-04 17:48:31', '', '127.0.0.1'),
(85, 2, 'user', 'edit', 26, '2013-12-04 17:53:31', '', '127.0.0.1'),
(86, 2, 'user', 'edit', 26, '2013-12-04 17:53:38', '', '127.0.0.1'),
(87, 2, 'user', 'edit', 26, '2013-12-04 17:53:43', '', '127.0.0.1'),
(88, 26, 'question', 'add', 89, '2013-12-04 18:06:52', 'rasmus fråga 3', '127.0.0.1'),
(89, 26, 'question', 'add', 90, '2013-12-04 18:07:14', 'rasmus fin fråga', '127.0.0.1'),
(90, 2, 'user', 'edit', 6, '2013-12-04 18:09:32', '', '127.0.0.1'),
(91, 2, 'user', 'edit', 5, '2013-12-04 18:09:47', '', '127.0.0.1'),
(92, 2, 'question', 'edit', 70, '2013-12-04 21:33:07', '', '127.0.0.1'),
(93, 2, 'question', 'edit', 77, '2013-12-04 21:36:53', '', '127.0.0.1'),
(94, 2, 'question', 'edit', 60, '2013-12-04 21:37:50', '', '127.0.0.1'),
(95, 2, 'user', 'edit', 27, '2013-12-04 22:20:39', '', '127.0.0.1'),
(96, 2, 'user', 'edit', 27, '2013-12-04 22:20:51', '', '127.0.0.1'),
(97, 2, 'user', 'edit', 27, '2013-12-04 22:40:51', '', '127.0.0.1'),
(98, 2, 'user', 'edit', 27, '2013-12-04 22:41:58', '', '127.0.0.1'),
(99, 2, 'user', 'edit', 27, '2013-12-04 22:42:04', '', '127.0.0.1'),
(100, 2, 'user', 'edit', 27, '2013-12-04 22:42:10', '', '127.0.0.1'),
(101, 2, 'user', 'edit', 27, '2013-12-04 22:42:14', '', '127.0.0.1'),
(102, 2, 'user', 'edit', 26, '2013-12-05 12:25:21', '', '127.0.0.1'),
(103, 2, 'question', 'edit', 77, '2013-12-05 13:20:42', '', '127.0.0.1'),
(104, 2, 'question', 'add', 91, '2013-12-05 13:20:52', 'sadsaddsadsa', '127.0.0.1'),
(105, 2, 'question', 'edit', 70, '2013-12-05 13:47:59', '', '127.0.0.1'),
(106, 2, 'question', 'add', 92, '2013-12-05 13:48:06', 'dsadsadsadsa', '127.0.0.1'),
(107, 2, 'answer', 'add', 218, '2013-12-05 14:23:10', 'ja', '127.0.0.1'),
(108, 2, 'answer', 'add', 219, '2013-12-05 14:28:45', 'ja', '127.0.0.1'),
(109, 2, 'question', 'add', 93, '2013-12-05 14:35:40', 'asdasdsad', '127.0.0.1'),
(110, 2, 'category', 'edit', 89, '2013-12-05 14:36:12', '', '127.0.0.1'),
(111, 2, 'category', 'add', 90, '2013-12-05 14:40:03', 'dsadsa', '127.0.0.1'),
(112, 2, 'party', 'edit', 7, '2013-12-05 14:40:45', '', '127.0.0.1'),
(113, 2, 'party', 'add', 11, '2013-12-05 14:42:36', 'sadsa', '127.0.0.1'),
(114, 2, 'quiz', 'edit', 1, '2013-12-05 14:44:22', '', '127.0.0.1'),
(115, 2, 'quiz', 'edit', 1, '2013-12-05 14:44:28', '', '127.0.0.1'),
(116, 2, 'quiz', 'add', 6, '2013-12-05 14:45:34', 'dsadsa', '127.0.0.1'),
(117, 2, 'party', 'delete', 11, '2013-12-05 14:45:55', '', '127.0.0.1'),
(118, 2, 'party', 'edit', 7, '2013-12-05 14:46:02', '', '127.0.0.1'),
(119, 2, 'user', 'add', 28, '2013-12-05 14:47:02', 'test', '127.0.0.1'),
(120, 2, 'user', 'delete', 26, '2013-12-05 14:47:23', '', '127.0.0.1'),
(121, 2, 'user', 'delete', 27, '2013-12-05 14:47:29', '', '127.0.0.1'),
(122, 2, 'user', 'delete', 28, '2013-12-05 14:47:30', '', '127.0.0.1'),
(123, 2, 'answer', 'add', 220, '2013-12-05 18:18:50', 'ja', '127.0.0.1'),
(124, 2, 'question', 'add', 94, '2013-12-05 18:21:12', 'dsadsadsa', '127.0.0.1'),
(125, 2, 'category', 'add', 91, '2013-12-05 18:23:17', 'dsadsa', '127.0.0.1'),
(126, 2, 'category', 'delete', 89, '2013-12-05 18:23:31', '', '127.0.0.1'),
(127, 2, 'party', 'add', 12, '2013-12-05 18:24:56', 'dsadsa', '127.0.0.1'),
(128, 2, 'party', 'delete', 12, '2013-12-05 18:24:59', '', '127.0.0.1'),
(129, 2, 'quiz', 'add', 7, '2013-12-05 18:36:27', 'dsadsadsa', '127.0.0.1'),
(130, 2, 'quiz', 'delete', 7, '2013-12-05 18:36:32', '', '127.0.0.1'),
(131, 2, 'user', 'add', 29, '2013-12-05 18:52:34', 'testnamn', '127.0.0.1'),
(132, 2, 'user', 'edit', 29, '2013-12-05 18:53:05', '', '127.0.0.1'),
(133, 2, 'user', 'edit', 30, '2013-12-05 19:03:54', '', '127.0.0.1'),
(134, 2, 'user', 'edit', 30, '2013-12-05 19:07:04', '', '127.0.0.1'),
(135, 2, 'user', 'edit', 30, '2013-12-05 19:45:34', '', '127.0.0.1'),
(136, 2, 'user', 'edit', 30, '2013-12-05 19:46:47', '', '127.0.0.1'),
(137, 2, 'user', 'edit', 29, '2013-12-05 19:46:53', '', '127.0.0.1'),
(138, 2, 'user', 'edit', 29, '2013-12-05 19:46:56', '', '127.0.0.1'),
(139, 2, 'user', 'edit', 30, '2013-12-05 19:49:20', '', '127.0.0.1'),
(140, 2, 'user', 'edit', 30, '2013-12-05 19:49:24', '', '127.0.0.1'),
(141, 2, 'answer', 'add', 221, '2013-12-05 20:35:17', 'ja', '127.0.0.1'),
(142, 2, 'answer', 'add', 222, '2013-12-05 20:35:34', 'ja', '127.0.0.1'),
(143, 2, 'party', 'add', 13, '2013-12-07 17:57:16', 'test', '127.0.0.1'),
(144, 2, 'party', 'delete', 13, '2013-12-07 18:02:43', '', '127.0.0.1'),
(145, 2, 'party', 'add', 14, '2013-12-07 18:06:24', 'dsadsadsadsa', '127.0.0.1'),
(146, 2, 'party', 'delete', 14, '2013-12-07 18:18:48', '', '127.0.0.1'),
(147, 2, 'party', 'add', 15, '2013-12-07 18:22:25', 'dsadsadsa', '127.0.0.1'),
(148, 2, 'party', 'delete', 16, '2013-12-07 18:25:13', '', '127.0.0.1'),
(149, 2, 'party', 'delete', 17, '2013-12-07 18:27:40', '', '127.0.0.1'),
(150, 2, 'party', 'delete', 15, '2013-12-07 18:27:51', '', '127.0.0.1'),
(151, 2, 'party', 'add', 18, '2013-12-07 18:31:33', 'za', '127.0.0.1'),
(152, 2, 'party', 'delete', 18, '2013-12-07 18:32:06', '', '127.0.0.1'),
(153, 2, 'party', 'add', 19, '2013-12-07 18:32:15', 'dsadsadsa', '127.0.0.1'),
(154, 2, 'party', 'add', 20, '2013-12-07 18:34:35', 'dsadsadsa', '127.0.0.1'),
(155, 2, 'party', 'delete', 20, '2013-12-07 18:34:42', '', '127.0.0.1'),
(156, 2, 'party', 'add', 21, '2013-12-07 18:34:48', 'dsadsadsa', '127.0.0.1'),
(157, 2, 'party', 'delete', 21, '2013-12-07 18:35:30', '', '127.0.0.1'),
(158, 2, 'party', 'delete', 19, '2013-12-07 18:35:46', '', '127.0.0.1'),
(159, 2, 'party', 'delete', 21, '2013-12-07 18:36:17', '', '127.0.0.1'),
(160, 2, 'party', 'add', 22, '2013-12-07 18:36:38', 'abc', '127.0.0.1'),
(161, 2, 'party', 'delete', 22, '2013-12-07 18:36:43', '', '127.0.0.1'),
(162, 2, 'party', 'add', 23, '2013-12-07 18:37:02', '123', '127.0.0.1'),
(163, 2, 'party', 'delete', 23, '2013-12-07 18:37:06', '', '127.0.0.1'),
(164, 2, 'party', 'add', 24, '2013-12-07 18:38:57', 'aaa', '127.0.0.1'),
(165, 2, 'party', 'delete', 24, '2013-12-07 18:41:17', '', '127.0.0.1'),
(166, 2, 'category', 'edit', 48, '2013-12-07 19:38:42', '', '127.0.0.1'),
(167, 2, 'category', 'delete', 86, '2013-12-07 19:52:22', '', '127.0.0.1'),
(168, 2, 'question', 'edit', 15, '2013-12-08 11:31:54', '', '127.0.0.1'),
(169, 2, 'question', 'edit', 70, '2013-12-08 11:32:14', '', '127.0.0.1'),
(170, 2, 'question', 'edit', 77, '2013-12-08 11:32:34', '', '127.0.0.1'),
(171, 2, 'question', 'edit', 77, '2013-12-08 11:33:06', '', '127.0.0.1'),
(172, 2, 'question', 'add', 95, '2013-12-08 13:38:56', 'testfråga 1337', '127.0.0.1'),
(173, 2, 'question', 'edit', 95, '2013-12-08 13:39:07', '', '127.0.0.1'),
(174, 2, 'question', 'edit', 95, '2013-12-08 13:41:24', '', '127.0.0.1'),
(175, 2, 'question', 'edit', 95, '2013-12-08 13:41:33', '', '127.0.0.1'),
(176, 2, 'question', 'edit', 95, '2013-12-08 13:50:17', '', '127.0.0.1'),
(177, 2, 'question', 'edit', 95, '2013-12-08 13:55:26', '', '127.0.0.1'),
(178, 2, 'question', 'edit', 77, '2013-12-08 13:57:09', '', '127.0.0.1'),
(179, 2, 'question', 'edit', 77, '2013-12-08 13:57:16', '', '127.0.0.1'),
(180, 2, 'question', 'delete', 93, '2013-12-08 13:58:49', '', '127.0.0.1'),
(181, 2, 'answer', 'edit', 140, '2013-12-08 14:02:49', '', '127.0.0.1'),
(182, 2, 'answer', 'edit', 140, '2013-12-08 14:03:03', '', '127.0.0.1'),
(183, 2, 'answer', 'edit', 140, '2013-12-08 14:03:11', '', '127.0.0.1'),
(184, 2, 'answer', 'edit', 140, '2013-12-08 14:03:23', '', '127.0.0.1'),
(185, 2, 'answer', 'edit', 140, '2013-12-08 14:03:31', '', '127.0.0.1'),
(186, 2, 'party', 'add', 25, '2013-12-08 15:48:24', 'blubb', '127.0.0.1'),
(187, 2, 'party', 'edit', 25, '2013-12-08 15:48:31', '', '127.0.0.1'),
(188, 2, 'party', 'delete', 25, '2013-12-08 15:48:35', '', '127.0.0.1'),
(189, 2, 'user', 'add', 31, '2013-12-08 15:50:14', 'dsadsa', '127.0.0.1'),
(190, 2, 'user', 'edit', 29, '2013-12-08 15:50:57', '', '127.0.0.1'),
(191, 2, 'user', 'delete', 29, '2013-12-08 16:00:07', '', '127.0.0.1'),
(192, 2, 'answer', 'edit', 142, '2013-12-08 16:00:35', '', '127.0.0.1'),
(193, 2, 'answer', 'edit', 142, '2013-12-08 16:00:43', '', '127.0.0.1'),
(194, 2, 'party', 'add', 26, '2013-12-08 20:04:50', 'Feministiskt Initiativ', '127.0.0.1'),
(195, 2, 'party', 'add', 27, '2013-12-08 20:05:17', 'Junilistan', '127.0.0.1'),
(196, 2, 'user', 'delete', 31, '2013-12-08 22:11:25', '', '127.0.0.1'),
(197, 2, 'question', 'delete', 70, '2013-12-09 18:14:41', '', '127.0.0.1'),
(198, 2, 'question', 'add', 96, '2013-12-09 20:09:58', 'abc123', '127.0.0.1'),
(199, 2, 'answer', 'add', 223, '2013-12-11 11:02:13', 'ja', '127.0.0.1'),
(200, 2, 'answer', 'edit', 223, '2013-12-11 11:02:23', '', '127.0.0.1'),
(201, 2, 'answer', 'edit', 223, '2013-12-11 11:02:50', '', '127.0.0.1'),
(202, 2, 'question', 'edit', 84, '2013-12-11 11:02:56', '', '127.0.0.1'),
(203, 2, 'question', 'edit', 32, '2013-12-11 11:46:01', '', '127.0.0.1'),
(204, 2, 'quiz', 'add', 20, '2013-12-11 11:46:33', '', '127.0.0.1'),
(205, 2, 'answer', 'edit', 143, '2013-12-11 22:33:12', '', '127.0.0.1'),
(206, 2, 'quiz', 'delete', 14, '2013-12-12 14:06:30', '', '127.0.0.1'),
(207, 2, 'question', 'edit', 77, '2013-12-14 23:00:30', '', '127.0.0.1'),
(208, 2, 'question', 'edit', 77, '2013-12-14 23:02:42', '', '127.0.0.1'),
(209, 2, 'question', 'edit', 77, '2013-12-14 23:06:43', '', '127.0.0.1'),
(210, 2, 'party', 'edit', 1, '2013-12-14 23:07:50', '', '127.0.0.1'),
(211, 2, 'question', 'edit', 96, '2013-12-15 10:49:12', '', '127.0.0.1'),
(212, 2, 'category', 'edit', 64, '2013-12-15 10:50:00', '', '127.0.0.1'),
(213, 2, 'category', 'edit', 64, '2013-12-15 10:50:34', '', '127.0.0.1'),
(214, 2, 'party', 'edit', 1, '2013-12-15 10:50:45', '', '127.0.0.1'),
(215, 2, 'party', 'edit', 1, '2013-12-15 10:51:35', '', '127.0.0.1'),
(216, 2, 'party', 'edit', 1, '2013-12-15 10:51:41', '', '127.0.0.1'),
(217, 2, 'user', 'edit', 2, '2013-12-15 10:58:18', '', '127.0.0.1'),
(218, 2, 'question', 'delete', 96, '2013-12-16 18:04:58', '', '127.0.0.1'),
(219, 2, 'party', 'add', 12, '2013-12-16 18:34:13', 'bajs', '127.0.0.1'),
(220, 2, 'party', 'delete', 12, '2013-12-16 18:36:16', '', '127.0.0.1'),
(221, 2, 'answer', 'delete', 143, '2013-12-16 18:43:57', '', '127.0.0.1'),
(222, 2, 'category', 'delete', 64, '2013-12-16 18:44:30', '', '127.0.0.1'),
(223, 2, 'quiz', 'delete', 1, '2013-12-16 18:44:40', '', '127.0.0.1'),
(224, 2, 'user', 'add', 32, '2013-12-16 18:45:04', 'blubb', '127.0.0.1'),
(225, 2, 'user', 'delete', 32, '2013-12-16 18:45:21', '', '127.0.0.1'),
(226, 2, 'answer', 'edit', 49, '2013-12-17 09:32:13', '', '127.0.0.1'),
(227, 2, 'user', 'delete', 33, '2013-12-22 21:31:35', '', '127.0.0.1'),
(228, 2, 'quiz', 'add', 21, '2013-12-30 20:50:23', '', '127.0.0.1'),
(229, 2, 'user', 'delete', 39, '2014-01-04 22:10:34', '', '127.0.0.1'),
(230, 2, 'user', 'delete', 38, '2014-01-04 22:10:38', '', '127.0.0.1'),
(231, 2, 'user', 'delete', 37, '2014-01-04 22:10:41', '', '127.0.0.1'),
(232, 2, 'user', 'delete', 36, '2014-01-04 22:10:45', '', '127.0.0.1'),
(233, 2, 'category', 'delete', 68, '2014-01-05 19:24:06', '', '127.0.0.1'),
(234, 2, 'category', 'delete', 74, '2014-01-05 19:24:46', '', '127.0.0.1'),
(235, 2, 'category', 'delete', 85, '2014-01-05 19:40:00', '', '127.0.0.1'),
(236, 2, 'category', 'delete', 72, '2014-01-05 19:40:53', '', '127.0.0.1'),
(237, 2, 'category', 'delete', 34, '2014-01-05 19:55:57', '', '127.0.0.1'),
(238, 2, 'category', 'delete', 77, '2014-01-05 19:59:02', '', '127.0.0.1'),
(239, 2, 'category', 'delete', 52, '2014-01-05 21:06:57', '', '127.0.0.1'),
(240, 2, 'category', 'delete', 81, '2014-01-05 22:32:37', '', '127.0.0.1'),
(241, 2, 'category', 'delete', 32, '2014-01-05 22:38:57', '', '127.0.0.1'),
(242, 2, 'category', 'delete', 69, '2014-01-05 22:39:27', '', '127.0.0.1'),
(243, 2, 'category', 'delete', 60, '2014-01-05 22:41:03', '', '127.0.0.1'),
(244, 2, 'category', 'delete', 70, '2014-01-05 22:44:47', '', '127.0.0.1'),
(245, 2, 'category', 'delete', 26, '2014-01-05 22:57:08', '', '127.0.0.1'),
(246, 2, 'category', 'delete', 59, '2014-01-05 22:57:24', '', '127.0.0.1'),
(247, 2, 'category', 'delete', 28, '2014-01-05 23:02:04', '', '127.0.0.1'),
(248, 2, 'category', 'delete', 29, '2014-01-05 23:06:01', '', '127.0.0.1'),
(249, 2, 'category', 'delete', 39, '2014-01-05 23:08:45', '', '127.0.0.1'),
(250, 2, 'category', 'delete', 27, '2014-01-05 23:09:46', '', '127.0.0.1'),
(251, 2, 'category', 'delete', 54, '2014-01-05 23:11:08', '', '127.0.0.1'),
(252, 2, 'category', 'delete', 55, '2014-01-05 23:11:29', '', '127.0.0.1'),
(253, 2, 'category', 'delete', 79, '2014-01-05 23:49:57', '', '127.0.0.1'),
(254, 2, 'category', 'delete', 41, '2014-01-05 23:51:13', '', '127.0.0.1'),
(255, 2, 'category', 'delete', 42, '2014-01-06 00:06:01', '', '127.0.0.1'),
(256, 2, 'category', 'edit', 73, '2014-01-06 00:12:13', '', '127.0.0.1'),
(257, 2, 'category', 'edit', 73, '2014-01-06 00:12:33', '', '127.0.0.1'),
(258, 2, 'category', 'edit', 73, '2014-01-06 00:19:23', '', '127.0.0.1'),
(259, 2, 'category', 'edit', 73, '2014-01-06 00:54:28', '', '127.0.0.1'),
(260, 2, 'category', 'edit', 73, '2014-01-06 01:01:36', '', '127.0.0.1'),
(261, 2, 'category', 'edit', 73, '2014-01-06 01:14:06', '', '127.0.0.1'),
(262, 2, 'category', 'edit', 73, '2014-01-06 01:16:47', '', '127.0.0.1'),
(263, 2, 'category', 'edit', 67, '2014-01-06 01:20:11', '', '127.0.0.1'),
(264, 2, 'category', 'edit', 67, '2014-01-06 01:21:46', '', '127.0.0.1'),
(265, 2, 'category', 'edit', 57, '2014-01-06 01:22:51', '', '127.0.0.1'),
(266, 2, 'category', 'edit', 73, '2014-01-06 01:26:34', '', '127.0.0.1'),
(267, 2, 'category', 'edit', 57, '2014-01-06 01:31:01', '', '127.0.0.1'),
(268, 2, 'category', 'edit', 73, '2014-01-06 11:42:34', '', '127.0.0.1'),
(269, 2, 'category', 'edit', 73, '2014-01-06 15:54:03', '', '127.0.0.1'),
(270, 2, 'category', 'edit', 73, '2014-01-06 15:58:47', '', '127.0.0.1'),
(271, 2, 'category', 'edit', 73, '2014-01-06 16:03:05', '', '127.0.0.1'),
(272, 2, 'category', 'edit', 73, '2014-01-06 16:04:15', '', '127.0.0.1'),
(273, 2, 'category', 'edit', 73, '2014-01-06 16:09:51', '', '127.0.0.1'),
(274, 2, 'category', 'edit', 73, '2014-01-06 16:10:38', '', '127.0.0.1'),
(275, 2, 'category', 'edit', 73, '2014-01-06 16:10:56', '', '127.0.0.1'),
(276, 2, 'category', 'edit', 73, '2014-01-06 16:11:14', '', '127.0.0.1'),
(277, 2, 'category', 'edit', 73, '2014-01-06 16:13:43', '', '127.0.0.1'),
(278, 2, 'category', 'edit', 73, '2014-01-06 16:14:16', '', '127.0.0.1'),
(279, 2, 'category', 'edit', 37, '2014-01-07 18:47:36', '', '127.0.0.1'),
(280, 2, 'category', 'edit', 51, '2014-01-07 18:47:43', '', '127.0.0.1'),
(281, 2, 'category', 'edit', 43, '2014-01-08 20:43:50', '', '127.0.0.1'),
(282, 2, 'category', 'edit', 66, '2014-01-08 20:43:57', '', '127.0.0.1'),
(283, 2, 'question', 'edit', 32, '2014-01-10 18:36:51', '', '127.0.0.1'),
(284, 2, 'question', 'edit', 23, '2014-01-10 18:51:19', '', '127.0.0.1'),
(285, 2, 'question', 'edit', 23, '2014-01-10 18:51:25', '', '127.0.0.1'),
(286, 2, 'question', 'add', 97, '2014-01-10 18:53:24', 'Testfråga', '127.0.0.1'),
(287, 2, 'question', 'edit', 97, '2014-01-10 18:53:38', '', '127.0.0.1'),
(288, 2, 'answer', 'add', 224, '2014-01-10 18:53:48', 'ja', '127.0.0.1'),
(289, 2, 'answer', 'edit', 224, '2014-01-10 19:07:19', '', '127.0.0.1'),
(290, 2, 'quiz', 'add', 22, '2014-01-10 20:07:31', '', '127.0.0.1'),
(291, 2, 'quiz', 'edit', 3, '2014-01-10 20:08:54', '', '127.0.0.1'),
(292, 2, 'quiz', 'edit', 4, '2014-01-10 20:10:08', '', '127.0.0.1'),
(293, 2, 'quiz', 'edit', 3, '2014-01-10 20:10:51', '', '127.0.0.1'),
(294, 2, 'quiz', 'edit', 3, '2014-01-10 20:11:29', '', '127.0.0.1'),
(295, 2, 'quiz', 'edit', 3, '2014-01-10 20:14:26', '', '127.0.0.1'),
(296, 2, 'question', 'edit', 17, '2014-01-15 18:26:08', '', '127.0.0.1'),
(297, 2, 'answer', 'add', 225, '2014-01-15 20:45:09', 'blaj', '127.0.0.1'),
(298, 2, 'answer', 'edit', 225, '2014-01-15 20:45:12', '', '127.0.0.1'),
(299, 2, 'question', 'edit', 72, '2014-01-15 20:45:16', '', '127.0.0.1'),
(300, 2, 'answer', 'edit', 63, '2014-01-18 16:14:00', '', '127.0.0.1'),
(301, 2, 'question', 'add', 98, '2014-01-18 21:53:57', 'Testfråga', '127.0.0.1'),
(302, 2, 'answer', 'add', 226, '2014-01-18 21:54:16', 'aaa', '127.0.0.1'),
(303, 2, 'question', 'edit', 98, '2014-01-18 21:54:37', '', '127.0.0.1'),
(304, 2, 'answer', 'edit', 226, '2014-01-18 21:54:57', '', '127.0.0.1'),
(305, 2, 'question', 'add', 99, '2014-01-19 09:40:18', 'blablabla %', '127.0.0.1'),
(306, 2, 'quiz', 'add', 23, '2014-01-21 21:43:22', '', '127.0.0.1'),
(307, 2, 'quiz', 'add', 24, '2014-01-21 21:49:51', '', '127.0.0.1'),
(308, 2, 'quiz', 'delete', 24, '2014-01-21 21:49:57', '', '127.0.0.1'),
(309, 2, 'quiz', 'add', 25, '2014-01-21 22:09:14', '', '127.0.0.1'),
(310, 2, 'question', 'edit', 18, '2014-01-26 19:17:38', '', '127.0.0.1'),
(311, 2, 'question', 'edit', 97, '2014-01-26 19:31:56', '', '127.0.0.1'),
(312, 2, 'quiz', 'delete', 12, '2014-01-26 19:45:48', '', '127.0.0.1'),
(313, 2, 'quiz', 'delete', 22, '2014-01-26 19:45:52', '', '127.0.0.1'),
(314, 2, 'question', 'add', 100, '2014-01-26 20:14:13', 'uuuu', '127.0.0.1'),
(315, 2, 'answer', 'add', 227, '2014-01-26 20:14:22', 'ja', '127.0.0.1'),
(316, 2, 'question', 'edit', 100, '2014-01-26 20:14:37', '', '127.0.0.1'),
(317, 2, 'answer', 'edit', 227, '2014-01-26 20:14:41', '', '127.0.0.1'),
(318, 2, 'answer', 'add', 228, '2014-01-26 20:14:54', 'asdsad', '127.0.0.1'),
(319, 2, 'answer', 'edit', 228, '2014-01-26 20:16:38', '', '127.0.0.1'),
(320, 2, 'answer', 'add', 229, '2014-01-26 20:29:52', 'nej', '127.0.0.1'),
(321, 2, 'answer', 'edit', 229, '2014-01-26 20:30:30', '', '127.0.0.1'),
(322, 2, 'question', 'edit', 27, '2014-01-26 20:36:53', '', '127.0.0.1'),
(323, 2, 'question', 'edit', 18, '2014-01-26 20:41:44', '', '127.0.0.1'),
(324, 2, 'question', 'edit', 18, '2014-01-26 20:43:26', '', '127.0.0.1'),
(325, 2, 'question', 'add', 101, '2014-02-25 12:52:20', 'blabla', '127.0.0.1'),
(326, 2, 'question', 'add', 102, '2014-02-25 12:52:50', 'hej', '127.0.0.1'),
(327, 2, 'question', 'edit', 17, '2014-02-25 13:03:24', '', '127.0.0.1'),
(328, 2, 'question', 'edit', 17, '2014-02-25 13:03:53', '', '127.0.0.1'),
(329, 2, 'question', 'edit', 56, '2014-02-25 13:04:24', '', '127.0.0.1'),
(330, 2, 'question', 'edit', 105, '2014-02-25 13:08:13', '', '127.0.0.1'),
(331, 2, 'question', 'edit', 105, '2014-02-25 13:09:35', '', '127.0.0.1'),
(332, 2, 'question', 'edit', 105, '2014-02-25 13:10:29', '', '127.0.0.1'),
(333, 2, 'question', 'edit', 21, '2014-02-25 13:42:02', '', '127.0.0.1'),
(334, 2, 'question', 'edit', 21, '2014-02-25 13:47:52', '', '127.0.0.1'),
(335, 2, 'question', 'edit', 21, '2014-02-25 13:53:04', '', '127.0.0.1'),
(336, 2, 'question', 'delete', 21, '2014-02-25 14:34:46', '', '127.0.0.1'),
(337, 2, 'question', 'delete', 21, '2014-02-25 14:36:21', '', '127.0.0.1'),
(338, 2, 'question', 'delete', 21, '2014-02-25 14:38:51', '', '127.0.0.1'),
(339, 2, 'question', 'delete', 77, '2014-02-25 14:39:46', '', '127.0.0.1'),
(340, 2, 'question', 'delete', 84, '2014-02-25 14:45:20', '', '127.0.0.1'),
(341, 2, 'question', 'delete', 84, '2014-02-25 14:45:44', '', '127.0.0.1'),
(342, 2, 'question', 'delete', 84, '2014-02-25 14:47:23', '', '127.0.0.1'),
(343, 2, 'question', 'delete', 98, '2014-02-25 14:56:35', '', '127.0.0.1'),
(344, 2, 'question', 'delete', 51, '2014-02-25 15:02:53', '', '127.0.0.1'),
(345, 2, 'question', 'edit', 51, '2014-02-25 15:03:14', '', '127.0.0.1'),
(346, 2, 'question', 'delete', 51, '2014-02-25 15:07:50', '', '127.0.0.1'),
(347, 2, 'question', 'delete', 15, '2014-02-25 17:59:32', '', '127.0.0.1'),
(348, 2, 'question', 'delete', 15, '2014-02-25 18:11:43', '', '127.0.0.1'),
(349, 2, 'question', 'edit', 84, '2014-02-25 18:40:11', '', '127.0.0.1'),
(350, 2, 'question', 'delete', 84, '2014-02-25 18:44:53', '', '127.0.0.1'),
(351, 2, 'question', 'delete', 117, '2014-02-25 18:47:21', '', '127.0.0.1'),
(352, 2, 'question', 'delete', 84, '2014-02-25 18:47:41', '', '127.0.0.1'),
(353, 2, 'question', 'edit', 27, '2014-02-25 19:43:40', '', '127.0.0.1'),
(354, 2, 'question', 'delete', 125, '2014-02-25 19:44:26', '', '127.0.0.1'),
(355, 2, 'question', 'delete', 27, '2014-02-25 20:23:17', '', '127.0.0.1'),
(356, 2, 'question', 'delete', 126, '2014-02-25 20:23:56', '', '127.0.0.1'),
(357, 2, 'question', 'edit', 27, '2014-02-25 20:24:29', '', '127.0.0.1'),
(358, 2, 'question', 'approve', 27, '2014-02-25 21:58:34', '', '127.0.0.1'),
(359, 2, 'question', 'approve', 27, '2014-02-25 22:00:57', '', '127.0.0.1'),
(360, 2, 'question', 'approve', 27, '2014-02-25 22:06:29', '', '127.0.0.1'),
(361, 2, 'question', 'approve', 27, '2014-02-25 22:07:19', '', '127.0.0.1'),
(362, 2, 'question', 'approve', 27, '2014-02-25 22:09:04', '', '127.0.0.1'),
(363, 2, 'question', 'approve', 127, '2014-02-25 22:13:02', '', '127.0.0.1'),
(364, 2, 'question', 'approve', 127, '2014-02-25 22:15:05', '', '127.0.0.1'),
(365, 2, 'question', 'edit', 24, '2014-02-25 22:16:49', '', '127.0.0.1'),
(366, 2, 'question', 'approve', 129, '2014-02-25 22:17:19', '', '127.0.0.1'),
(367, 2, 'question', 'edit', 57, '2014-02-26 08:19:38', '', '127.0.0.1'),
(368, 2, 'question', 'approve', 130, '2014-02-26 08:46:25', '', '127.0.0.1'),
(369, 2, 'question', 'edit', 57, '2014-02-26 08:49:17', '', '127.0.0.1'),
(370, 2, 'question', 'approve', 131, '2014-02-26 08:49:25', '', '127.0.0.1'),
(371, 2, 'question', 'add', 132, '2014-02-26 08:55:28', 'abc123', '127.0.0.1'),
(372, 2, 'question', 'delete', 75, '2014-02-26 22:19:15', '', '127.0.0.1'),
(373, 2, 'question', 'delete', 133, '2014-02-26 22:19:54', '', '127.0.0.1'),
(374, 2, 'question', 'edit', 75, '2014-02-26 22:20:02', '', '127.0.0.1'),
(375, 2, 'question', 'approve', 134, '2014-02-26 22:20:15', '', '127.0.0.1'),
(376, 2, 'question', 'edit', 17, '2014-02-27 20:07:05', '', '127.0.0.1'),
(377, 2, 'question', 'delete', 103, '2014-02-27 21:32:51', '', '127.0.0.1'),
(378, 2, 'question', 'delete', 104, '2014-02-27 21:32:56', '', '127.0.0.1'),
(379, 2, 'question', 'delete', 17, '2014-02-27 21:38:47', '', '127.0.0.1'),
(380, 2, 'question', 'approve', 135, '2014-02-27 21:45:45', '', '127.0.0.1'),
(381, 2, 'question', 'approve', 17, '2014-02-27 21:45:58', '', '127.0.0.1'),
(382, 2, 'question', 'edit', 17, '2014-02-27 21:46:55', '', '127.0.0.1'),
(383, 2, 'question', 'approve', 138, '2014-02-27 21:47:25', '', '127.0.0.1'),
(384, 2, 'question', 'delete', 17, '2014-02-27 22:03:57', '', '127.0.0.1'),
(385, 2, 'question', 'edit', 17, '2014-02-27 22:06:56', '', '127.0.0.1'),
(386, 2, 'question', 'approve', 140, '2014-02-27 22:07:03', '', '127.0.0.1'),
(387, 2, 'question', 'edit', 75, '2014-02-27 22:08:50', '', '127.0.0.1'),
(388, 2, 'question', 'edit', 75, '2014-02-27 22:08:58', '', '127.0.0.1'),
(389, 2, 'question', 'edit', 75, '2014-02-27 22:09:04', '', '127.0.0.1'),
(390, 2, 'question', 'approve', 143, '2014-02-27 22:09:08', '', '127.0.0.1'),
(391, 2, 'question', 'delete', 75, '2014-02-27 22:09:20', '', '127.0.0.1'),
(392, 2, 'question', 'edit', 75, '2014-02-27 22:09:26', '', '127.0.0.1'),
(393, 2, 'question', 'approve', 144, '2014-02-27 22:09:32', '', '127.0.0.1'),
(394, 2, 'question', 'add', 146, '2014-03-02 07:50:17', 'Rasmus testfråga', '127.0.0.1'),
(395, 2, 'question', 'add', 152, '2014-03-02 08:06:08', 'dddd', '127.0.0.1'),
(396, 2, 'question', 'add', 153, '2014-03-02 08:06:23', 'eeee', '127.0.0.1'),
(397, 2, 'question', 'add', 154, '2014-03-02 08:07:19', 'gggg', '127.0.0.1'),
(398, 2, 'question', 'edit', 2147483647, '2014-03-02 08:13:28', '', '127.0.0.1'),
(399, 2, 'question', 'edit', 2147483647, '2014-03-02 08:36:04', '', '127.0.0.1'),
(400, 2, 'question', 'edit', 2147483647, '2014-03-02 08:53:10', '', '127.0.0.1'),
(401, 2, 'question', 'edit', 154, '2014-03-02 09:10:21', '', '127.0.0.1'),
(402, 2, 'question', 'edit', 154, '2014-03-02 09:11:03', '', '127.0.0.1'),
(403, 2, 'question', 'edit', 154, '2014-03-02 09:12:29', '', '127.0.0.1'),
(404, 2, 'question', 'edit', 154, '2014-03-02 09:15:34', '', '127.0.0.1'),
(405, 2, 'question', 'edit', 161, '2014-03-02 09:16:05', '', '127.0.0.1'),
(406, 2, 'question', 'approve', 162, '2014-03-02 09:16:42', '', '127.0.0.1'),
(407, 2, 'question', 'delete', 161, '2014-03-02 09:23:35', '', '127.0.0.1'),
(408, 2, 'question', 'delete', 157, '2014-03-02 09:23:40', '', '127.0.0.1'),
(409, 2, 'question', 'delete', 156, '2014-03-02 09:23:44', '', '127.0.0.1'),
(410, 2, 'question', 'delete', 155, '2014-03-02 09:23:48', '', '127.0.0.1'),
(411, 2, 'question', 'approve', 154, '2014-03-02 09:24:13', '', '127.0.0.1'),
(412, 2, 'question', 'delete', 154, '2014-03-02 09:36:08', '', '127.0.0.1'),
(413, 2, 'question', 'delete', 154, '2014-03-02 09:44:37', '', '127.0.0.1'),
(414, 2, 'question', 'approve', 159, '2014-03-02 09:46:23', '', '127.0.0.1'),
(415, 2, 'question', 'delete', 159, '2014-03-02 09:46:40', '', '127.0.0.1'),
(416, 2, 'question', 'approve', 165, '2014-03-02 09:47:33', '', '127.0.0.1'),
(417, 2, 'question', 'edit', 165, '2014-03-02 09:49:36', '', '127.0.0.1'),
(418, 2, 'question', 'approve', 166, '2014-03-02 09:49:43', '', '127.0.0.1'),
(419, 2, 'question', 'delete', 166, '2014-03-02 09:50:43', '', '127.0.0.1'),
(420, 2, 'question', 'approve', 167, '2014-03-02 09:50:53', '', '127.0.0.1'),
(421, 2, 'question', 'approve', 167, '2014-03-02 09:53:59', '', '127.0.0.1'),
(422, 2, 'question', 'approve', 166, '2014-03-02 09:54:13', '', '127.0.0.1'),
(423, 2, 'question', 'add', 168, '2014-03-02 09:57:33', '123', '127.0.0.1'),
(424, 2, 'question', 'add', 169, '2014-03-02 09:58:08', 'b111', '127.0.0.1'),
(425, 2, 'question', 'edit', 169, '2014-03-02 09:58:35', '', '127.0.0.1'),
(426, 2, 'question', 'add', 171, '2014-03-02 09:59:44', 'passe', '127.0.0.1'),
(427, 2, 'question', 'edit', 171, '2014-03-02 09:59:53', '', '127.0.0.1'),
(428, 2, 'question', 'delete', 172, '2014-03-02 10:00:08', '', '127.0.0.1'),
(429, 2, 'question', 'approve', 172, '2014-03-02 10:00:26', '', '127.0.0.1'),
(430, 2, 'question', 'edit', 172, '2014-03-02 10:00:50', '', '127.0.0.1'),
(431, 2, 'question', 'approve', 175, '2014-03-02 10:01:11', '', '127.0.0.1'),
(432, 2, 'question', 'approve', 175, '2014-03-02 10:02:46', '', '127.0.0.1'),
(433, 2, 'question', 'approve', 175, '2014-03-02 10:06:03', '', '127.0.0.1'),
(434, 2, 'question', 'approve', 171, '2014-03-02 10:06:18', '', '127.0.0.1'),
(435, 2, 'question', 'delete', 32, '2014-03-02 10:18:13', '', '127.0.0.1'),
(436, 6, 'question', 'add', 179, '2014-03-02 10:33:29', 'contributorfrågatest', '127.0.0.1'),
(437, 6, 'question', 'delete', 179, '2014-03-02 10:34:17', '', '127.0.0.1'),
(438, 6, 'question', 'add', 181, '2014-03-02 20:23:38', 'jag heter rasmus', '127.0.0.1'),
(439, 6, 'question', 'add', 182, '2014-03-03 18:53:25', 'Blablablafrågan', '127.0.0.1'),
(440, 6, 'question', 'delete', 182, '2014-03-03 18:55:49', '', '127.0.0.1'),
(441, 6, 'question', 'edit', 182, '2014-03-03 19:13:08', '', '127.0.0.1'),
(442, 6, 'question', 'delete', 184, '2014-03-03 19:13:53', '', '127.0.0.1'),
(443, 2, 'question', 'approve', 185, '2014-03-03 19:14:28', '', '127.0.0.1'),
(444, 2, 'question', 'add', 187, '2014-03-03 19:42:55', 'dsadsadsadsa', '127.0.0.1'),
(445, 2, 'question', 'add', 188, '2014-03-03 19:43:09', 'dsadsadsadsa', '127.0.0.1'),
(446, 2, 'question', 'add', 189, '2014-03-03 19:43:42', 'dsadsadsadsa', '127.0.0.1'),
(447, 2, 'question', 'add', 190, '2014-03-03 19:44:47', 'asdasd asd asd', '127.0.0.1'),
(448, 2, 'question', 'delete', 190, '2014-03-03 19:46:22', '', '127.0.0.1'),
(449, 2, 'question', 'approve', 191, '2014-03-03 19:48:04', '', '127.0.0.1'),
(450, 2, 'question', 'approve', 190, '2014-03-03 19:49:07', '', '127.0.0.1'),
(451, 2, 'question', 'edit', 190, '2014-03-03 19:51:21', '', '127.0.0.1'),
(452, 2, 'question', 'approve', 193, '2014-03-03 19:51:27', '', '127.0.0.1'),
(453, 2, 'question', 'edit', 193, '2014-03-03 20:01:06', '', '127.0.0.1'),
(454, 2, 'question', 'approve', 194, '2014-03-03 20:01:14', '', '127.0.0.1'),
(455, 5, 'answer', 'edit', 199, '2014-03-04 21:26:30', '', '127.0.0.1'),
(456, 5, 'answer', 'add', 230, '2014-03-04 22:06:19', 'pung', '127.0.0.1'),
(457, 2, 'question', 'delete', 29, '2014-03-05 19:42:22', '', '127.0.0.1'),
(458, 2, 'question', 'approve', 121, '2014-03-05 20:16:26', '', '127.0.0.1'),
(459, 2, 'question', 'edit', 145, '2014-03-05 20:18:19', '', '127.0.0.1'),
(460, 2, 'question', 'approve', 196, '2014-03-05 20:18:43', '', '127.0.0.1'),
(461, 2, 'question', 'approve', 195, '2014-03-05 20:19:06', '', '127.0.0.1'),
(462, 2, 'question', 'edit', 178, '2014-03-05 20:21:34', '', '127.0.0.1'),
(463, 2, 'question', 'approve', 197, '2014-03-05 20:21:56', '', '127.0.0.1'),
(464, 0, 'answer', 'add', 233, '2014-03-06 19:55:33', 'ja', '127.0.0.1'),
(465, 2, 'user', 'edit', 2, '2014-03-11 21:19:38', '', '127.0.0.1'),
(466, 2, 'user', 'edit', 2, '2014-03-11 21:47:31', '', '127.0.0.1'),
(467, 2, 'question', 'delete', 26, '2014-03-13 18:32:22', '', '127.0.0.1'),
(468, 6, 'question', 'delete', 28, '2014-03-13 20:57:06', '', '127.0.0.1'),
(469, 2, 'quiz', 'add', 26, '2014-03-13 21:26:59', '', '127.0.0.1'),
(470, 2, 'quiz', 'add', 27, '2014-03-13 22:46:31', '', '127.0.0.1'),
(471, 2, 'quiz', 'add', 28, '2014-03-13 22:50:30', '', '127.0.0.1'),
(472, 2, 'quiz', 'add', 29, '2014-03-13 22:50:38', '', '127.0.0.1'),
(473, 2, 'answer', 'add', 234, '2014-03-15 10:07:18', 'ja', '127.0.0.1'),
(474, 2, 'answer', 'edit', 234, '2014-03-15 10:36:58', '', '127.0.0.1'),
(475, 2, 'question', 'add', 200, '2014-03-15 10:37:13', 'Ny fråga', '127.0.0.1'),
(476, 2, 'answer', 'add', 236, '2014-03-15 10:50:06', 'ads', '127.0.0.1'),
(477, 2, 'answer', 'add', 237, '2014-03-15 11:05:44', 'ja', '127.0.0.1'),
(478, 2, 'answer', 'add', 238, '2014-03-15 11:09:43', 'hej', '127.0.0.1'),
(479, 2, 'answer', 'edit', 235, '2014-03-15 19:42:38', '', '127.0.0.1'),
(480, 2, 'answer', 'add', 239, '2014-03-15 22:31:56', 'ja', '127.0.0.1'),
(481, 2, 'question', 'delete', 199, '2014-03-15 22:33:11', '', '127.0.0.1'),
(482, 2, 'question', 'add', 201, '2014-03-16 11:21:35', 'alkoholfrågan', '127.0.0.1'),
(483, 2, 'answer', 'add', 240, '2014-03-16 11:27:46', 'testsvar', '127.0.0.1'),
(484, 2, 'question', 'edit', 196, '2014-03-25 16:35:44', '', '127.0.0.1'),
(485, 2, 'question', 'approve', 202, '2014-03-25 16:35:54', '', '127.0.0.1'),
(486, 2, 'answer', 'edit', 240, '2014-03-25 20:22:58', '', '127.0.0.1'),
(487, 2, 'answer', 'add', 241, '2014-03-25 20:40:20', 'asdasd', '127.0.0.1'),
(488, 2, 'answer', 'edit', 241, '2014-03-25 20:40:26', '', '127.0.0.1'),
(489, 2, 'question', 'approve', 201, '2014-03-25 20:47:24', '', '127.0.0.1'),
(490, 2, 'question', 'add', 204, '2014-03-26 17:00:12', 'dsadsadsa', '127.0.0.1'),
(491, 2, 'question', 'add', 205, '2014-03-26 17:00:58', 'asdsadasd', '127.0.0.1'),
(492, 2, 'question', 'add', 206, '2014-03-26 17:08:13', 'aaa', '127.0.0.1'),
(493, 2, 'question', 'add', 207, '2014-03-26 17:08:21', 'sadadsdsadsa', '127.0.0.1'),
(494, 2, 'question', 'add', 209, '2014-04-28 14:11:36', 'hej2', '127.0.0.1'),
(495, 2, 'question', 'edit', 209, '2014-04-28 14:20:45', '', '127.0.0.1'),
(496, 2, 'question', 'approve', 210, '2014-04-28 14:20:51', '', '127.0.0.1'),
(497, 2, 'question', 'delete', 209, '2014-04-28 14:23:46', '', '127.0.0.1'),
(498, 2, 'question', 'delete', 210, '2014-04-28 14:23:53', '', '127.0.0.1'),
(499, 2, 'answer', 'add', 242, '2014-04-28 14:24:16', 'ja', '127.0.0.1'),
(500, 2, 'answer', 'edit', 242, '2014-04-28 14:24:25', '', '127.0.0.1');

/*!40101 SET CHARACTER_SET_CLIENT=@OLD_CHARACTER_SET_CLIENT */;
/*!40101 SET CHARACTER_SET_RESULTS=@OLD_CHARACTER_SET_RESULTS */;
/*!40101 SET COLLATION_CONNECTION=@OLD_COLLATION_CONNECTION */;
